recnr,lastname,origin,source
1,Tene,swahili ,https://www.names.org/lists/by-origin/swahili/
2,Hagar,african-american,https://www.names.org/lists/by-origin/african/
3,Kevish,african,https://www.names.org/lists/by-origin/african/
4,Monde,african dutch (afrikaans) ,https://www.names.org/lists/by-origin/african-dutch-afrikaans-/
5,Rola,arabic,https://www.names.org/lists/by-origin/arabic/
6,Shah,arabic,https://www.names.org/lists/by-origin/arabic/
7,Maroska,arabic,https://www.names.org/lists/by-origin/arabic/
8,Tuleen,arabic,https://www.names.org/lists/by-origin/arabic/
9,Fortune,african-american,https://www.names.org/lists/by-origin/african/
10,Absher,arabic,https://www.names.org/lists/by-origin/arabic/
11,Hanon,amharic,https://www.names.org/lists/by-origin/amharic/
12,Oosthuizen,african dutch (afrikaans) ,https://www.names.org/lists/by-origin/african-dutch-afrikaans-/
13,Finn,english,https://www.names.org/lists/by-origin/english/
14,Nwafor,igbo,https://www.names.org/lists/by-origin/igbo/
15,Emenike,igbo,https://www.names.org/lists/by-origin/igbo/
16,Diallo,african-american,https://www.names.org/lists/by-origin/african/
17,Fanus,african dutch (afrikaans) ,https://www.names.org/lists/by-origin/african-dutch-afrikaans-/
18,Getaneh,amharic,https://www.names.org/lists/by-origin/amharic/
19,Vient,african,https://www.names.org/lists/by-origin/african/
20,Onyema,igbo,https://www.names.org/lists/by-origin/igbo/
21,Kanar,arabic,https://www.names.org/lists/by-origin/arabic/
22,Umana,african-american,https://www.names.org/lists/by-origin/african/
23,Mays,arabic,https://www.names.org/lists/by-origin/arabic/
24,Onwuka,igbo,https://www.names.org/lists/by-origin/igbo/
25,Feleke,amharic,https://www.names.org/lists/by-origin/amharic/
26,Smith,yoruba,https://www.names.org/lists/by-origin/yoruba/
27,Varin,arabic,https://www.names.org/lists/by-origin/arabic/
28,Lewis,english,https://www.names.org/lists/by-origin/english/
29,Admasu,amharic,https://www.names.org/lists/by-origin/amharic/
30,Jomo,swahili ,https://www.names.org/lists/by-origin/swahili/
31,Roads,amharic,https://www.names.org/lists/by-origin/amharic/
32,Andreas,african dutch (afrikaans) ,https://www.names.org/lists/by-origin/african-dutch-afrikaans-/
33,Nyirenda,swahili ,https://www.names.org/lists/by-origin/swahili/
34,Sheldon,english,https://www.names.org/lists/by-origin/english/
35,Belay,amharic,https://www.names.org/lists/by-origin/amharic/
36,Nwogu,igbo,https://www.names.org/lists/by-origin/igbo/
37,Rabby,arabic,https://www.names.org/lists/by-origin/arabic/
38,Nnaji,igbo,https://www.names.org/lists/by-origin/igbo/
39,Godson,igbo,https://www.names.org/lists/by-origin/igbo/
40,Dlamini,african,https://www.names.org/lists/by-origin/african/
41,Bonke,xhosa,https://www.names.org/lists/by-origin/xhosa/
42,Hennon,amharic,https://www.names.org/lists/by-origin/amharic/
43,Bennett,english,https://www.names.org/lists/by-origin/english/
44,Welday,amharic,https://www.names.org/lists/by-origin/amharic/
45,Hawa,yoruba,https://www.names.org/lists/by-origin/yoruba/
46,Teklemariam,amharic,https://www.names.org/lists/by-origin/amharic/
47,Workneh,amharic,https://www.names.org/lists/by-origin/amharic/
48,Tembo,swahili ,https://www.names.org/lists/by-origin/swahili/
49,Mwanza,xhosa,https://www.names.org/lists/by-origin/xhosa/
50,Zura,arabic,https://www.names.org/lists/by-origin/arabic/
51,Akande,yoruba,https://www.names.org/lists/by-origin/yoruba/
52,Talia,english,https://www.names.org/lists/by-origin/english/
53,Vanderwalt,african dutch (afrikaans) ,https://www.names.org/lists/by-origin/african-dutch-afrikaans-/
54,Nkosi,african dutch (afrikaans) ,https://www.names.org/lists/by-origin/african-dutch-afrikaans-/
55,Langa,african dutch (afrikaans) ,https://www.names.org/lists/by-origin/african-dutch-afrikaans-/
56,Ahmed,african,https://www.names.org/lists/by-origin/african/
57,Minnaar,african dutch (afrikaans) ,https://www.names.org/lists/by-origin/african-dutch-afrikaans-/
58,Letso,african,https://www.names.org/lists/by-origin/african/
59,Seye,yoruba,https://www.names.org/lists/by-origin/yoruba/
60,Armani,english,https://www.names.org/lists/by-origin/english/
61,Onaga,swahili ,https://www.names.org/lists/by-origin/swahili/
62,Sola,african,https://www.names.org/lists/by-origin/african/
63,Callum,english,https://www.names.org/lists/by-origin/english/
64,Kelly,african dutch (afrikaans) ,https://www.names.org/lists/by-origin/african-dutch-afrikaans-/
65,Irankunda,swahili ,https://www.names.org/lists/by-origin/swahili/
66,Osadebe,igbo,https://www.names.org/lists/by-origin/igbo/
67,Salako,yoruba,https://www.names.org/lists/by-origin/yoruba/
68,Onizuka,african,https://www.names.org/lists/by-origin/african/
69,Dweh,african,https://www.names.org/lists/by-origin/african/
70,Desronvil,african dutch (afrikaans) ,https://www.names.org/lists/by-origin/african-dutch-afrikaans-/
71,Taye,yoruba,https://www.names.org/lists/by-origin/yoruba/
72,Haile,african-american,https://www.names.org/lists/by-origin/african/
73,Mekonnen,amharic,https://www.names.org/lists/by-origin/amharic/
74,Oday,arabic,https://www.names.org/lists/by-origin/arabic/
75,Samia,arabic,https://www.names.org/lists/by-origin/arabic/
76,Nati,amharic,https://www.names.org/lists/by-origin/amharic/
77,Sade,african,https://www.names.org/lists/by-origin/african/
78,White,english,https://www.names.org/lists/by-origin/english/
79,Owen,english,https://www.names.org/lists/by-origin/english/
80,Messi,swahili ,https://www.names.org/lists/by-origin/swahili/
81,Willem,african dutch (afrikaans) ,https://www.names.org/lists/by-origin/african-dutch-afrikaans-/
82,Okoye,african,https://www.names.org/lists/by-origin/african/
83,Bassa,yoruba,https://www.names.org/lists/by-origin/yoruba/
84,Daramola,yoruba,https://www.names.org/lists/by-origin/yoruba/
85,Milane,african dutch (afrikaans) ,https://www.names.org/lists/by-origin/african-dutch-afrikaans-/
86,Wernich,african dutch (afrikaans) ,https://www.names.org/lists/by-origin/african-dutch-afrikaans-/
87,Abay,amharic,https://www.names.org/lists/by-origin/amharic/
88,Zayden,english,https://www.names.org/lists/by-origin/english/
89,Sucre,yoruba,https://www.names.org/lists/by-origin/yoruba/
90,Logan,english,https://www.names.org/lists/by-origin/english/
91,Amen,amharic,https://www.names.org/lists/by-origin/amharic/
92,Darboe,african,https://www.names.org/lists/by-origin/african/
93,Black,african-american,https://www.names.org/lists/by-origin/african/
94,Chigbo,igbo,https://www.names.org/lists/by-origin/igbo/
95,Tedla,amharic,https://www.names.org/lists/by-origin/amharic/
96,Mazen,arabic,https://www.names.org/lists/by-origin/arabic/
97,Tona,yoruba,https://www.names.org/lists/by-origin/yoruba/
98,Kiyan,arabic,https://www.names.org/lists/by-origin/arabic/
99,Oladapo,yoruba,https://www.names.org/lists/by-origin/yoruba/
100,Ngwa,african,https://www.names.org/lists/by-origin/african/
101,Zula,swahili ,https://www.names.org/lists/by-origin/swahili/
102,Hattingh,african dutch (afrikaans) ,https://www.names.org/lists/by-origin/african-dutch-afrikaans-/
103,Diggs,african-american,https://www.names.org/lists/by-origin/african/
104,Sallay,african,https://www.names.org/lists/by-origin/african/
105,Leano,african,https://www.names.org/lists/by-origin/african/
106,Jasmin,arabic,https://www.names.org/lists/by-origin/arabic/
107,Aker,african-american,https://www.names.org/lists/by-origin/african/
108,Didia,igbo,https://www.names.org/lists/by-origin/igbo/
109,Idowu,yoruba,https://www.names.org/lists/by-origin/yoruba/
110,Orji,igbo,https://www.names.org/lists/by-origin/igbo/
111,Kallon,african,https://www.names.org/lists/by-origin/african/
112,Nwokolo,igbo,https://www.names.org/lists/by-origin/igbo/
113,Passant,african,https://www.names.org/lists/by-origin/african/
114,Yimer,amharic,https://www.names.org/lists/by-origin/amharic/
115,Ekpenyong,igbo,https://www.names.org/lists/by-origin/igbo/
116,Conwill,african dutch (afrikaans) ,https://www.names.org/lists/by-origin/african-dutch-afrikaans-/
117,Charelle,arabic,https://www.names.org/lists/by-origin/arabic/
118,Starr,igbo,https://www.names.org/lists/by-origin/igbo/
119,Ajani,english,https://www.names.org/lists/by-origin/english/
120,Ofili,igbo,https://www.names.org/lists/by-origin/igbo/
121,Bobola,yoruba,https://www.names.org/lists/by-origin/yoruba/
122,Divine,swahili ,https://www.names.org/lists/by-origin/swahili/
123,Syra,arabic,https://www.names.org/lists/by-origin/arabic/
124,Lone,xhosa,https://www.names.org/lists/by-origin/xhosa/
125,Lazo,arabic,https://www.names.org/lists/by-origin/arabic/
126,Baldeh,african,https://www.names.org/lists/by-origin/african/
127,Olaleye,yoruba,https://www.names.org/lists/by-origin/yoruba/
128,Jegede,yoruba,https://www.names.org/lists/by-origin/yoruba/
129,Massaquoi,african,https://www.names.org/lists/by-origin/african/
130,Tambwe,swahili ,https://www.names.org/lists/by-origin/swahili/
131,Shima,igbo,https://www.names.org/lists/by-origin/igbo/
132,Sakaria,african dutch (afrikaans) ,https://www.names.org/lists/by-origin/african-dutch-afrikaans-/
133,Edeh,igbo,https://www.names.org/lists/by-origin/igbo/
134,Brandon,african dutch (afrikaans) ,https://www.names.org/lists/by-origin/african-dutch-afrikaans-/
135,Salmi,african dutch (afrikaans) ,https://www.names.org/lists/by-origin/african-dutch-afrikaans-/
136,Seni,yoruba,https://www.names.org/lists/by-origin/yoruba/
137,Anzel,african dutch (afrikaans) ,https://www.names.org/lists/by-origin/african-dutch-afrikaans-/
138,Waziri,igbo,https://www.names.org/lists/by-origin/igbo/
139,Fall,african-american,https://www.names.org/lists/by-origin/african/
140,Samaroo,english,https://www.names.org/lists/by-origin/english/
141,Ornella,swahili ,https://www.names.org/lists/by-origin/swahili/
142,Kennedy,english,https://www.names.org/lists/by-origin/english/
143,Petrus,african dutch (afrikaans) ,https://www.names.org/lists/by-origin/african-dutch-afrikaans-/
144,Mazi,igbo,https://www.names.org/lists/by-origin/igbo/
145,Issa,arabic,https://www.names.org/lists/by-origin/arabic/
146,Adewumi,yoruba,https://www.names.org/lists/by-origin/yoruba/
147,Ola,yoruba,https://www.names.org/lists/by-origin/yoruba/
148,Osigwe,igbo,https://www.names.org/lists/by-origin/igbo/
149,Morani,swahili ,https://www.names.org/lists/by-origin/swahili/
150,Thandi,xhosa,https://www.names.org/lists/by-origin/xhosa/
151,Andre,african dutch (afrikaans) ,https://www.names.org/lists/by-origin/african-dutch-afrikaans-/
152,Hailemichael,amharic,https://www.names.org/lists/by-origin/amharic/
153,Ayinde,yoruba,https://www.names.org/lists/by-origin/yoruba/
154,Meshack,swahili ,https://www.names.org/lists/by-origin/swahili/
155,Laven,arabic,https://www.names.org/lists/by-origin/arabic/
156,Mapalo,xhosa,https://www.names.org/lists/by-origin/xhosa/
157,Ojo,yoruba,https://www.names.org/lists/by-origin/yoruba/
158,Orfila,african,https://www.names.org/lists/by-origin/african/
159,Chigo,igbo,https://www.names.org/lists/by-origin/igbo/
160,Soco,african,https://www.names.org/lists/by-origin/african/
161,Plis,arabic,https://www.names.org/lists/by-origin/arabic/
162,Akiya,amharic,https://www.names.org/lists/by-origin/amharic/
163,Uwakwe,igbo,https://www.names.org/lists/by-origin/igbo/
164,Andell,english,https://www.names.org/lists/by-origin/english/
165,Greeff,african dutch (afrikaans) ,https://www.names.org/lists/by-origin/african-dutch-afrikaans-/
166,Given,african-american,https://www.names.org/lists/by-origin/african/
167,Ayana,swahili ,https://www.names.org/lists/by-origin/swahili/
168,Desola,yoruba,https://www.names.org/lists/by-origin/yoruba/
169,Hemen,african,https://www.names.org/lists/by-origin/african/
170,Cody,english,https://www.names.org/lists/by-origin/english/
171,Arlia,english,https://www.names.org/lists/by-origin/english/
172,Dayo,yoruba,https://www.names.org/lists/by-origin/yoruba/
173,Tade,yoruba,https://www.names.org/lists/by-origin/yoruba/
174,Kiros,amharic,https://www.names.org/lists/by-origin/amharic/
175,Mahmood,arabic,https://www.names.org/lists/by-origin/arabic/
176,Ibekwe,igbo,https://www.names.org/lists/by-origin/igbo/
177,Dully,swahili ,https://www.names.org/lists/by-origin/swahili/
178,Osman,arabic,https://www.names.org/lists/by-origin/arabic/
179,Bezuidenhout,african dutch (afrikaans) ,https://www.names.org/lists/by-origin/african-dutch-afrikaans-/
180,Amadu,yoruba,https://www.names.org/lists/by-origin/yoruba/
181,Lare,arabic,https://www.names.org/lists/by-origin/arabic/
182,Afework,amharic,https://www.names.org/lists/by-origin/amharic/
183,Emony,swahili ,https://www.names.org/lists/by-origin/swahili/
184,Thompson,english,https://www.names.org/lists/by-origin/english/
185,Amari,african,https://www.names.org/lists/by-origin/african/
186,Olatunji,yoruba,https://www.names.org/lists/by-origin/yoruba/
187,Samper,amharic,https://www.names.org/lists/by-origin/amharic/
188,Vanwyk,african dutch (afrikaans) ,https://www.names.org/lists/by-origin/african-dutch-afrikaans-/
189,Kiewiet,african dutch (afrikaans) ,https://www.names.org/lists/by-origin/african-dutch-afrikaans-/
190,Gray,english,https://www.names.org/lists/by-origin/english/
191,Ganza,swahili ,https://www.names.org/lists/by-origin/swahili/
192,Dua,arabic,https://www.names.org/lists/by-origin/arabic/
193,Buttigieg,arabic,https://www.names.org/lists/by-origin/arabic/
194,Austin,english,https://www.names.org/lists/by-origin/english/
195,Hamant,english,https://www.names.org/lists/by-origin/english/
196,Savo,arabic,https://www.names.org/lists/by-origin/arabic/
197,Omar,arabic,https://www.names.org/lists/by-origin/arabic/
198,Terry,english,https://www.names.org/lists/by-origin/english/
199,Kees,african dutch (afrikaans) ,https://www.names.org/lists/by-origin/african-dutch-afrikaans-/
200,Jama,african-american,https://www.names.org/lists/by-origin/african/
201,Wimpie,african dutch (afrikaans) ,https://www.names.org/lists/by-origin/african-dutch-afrikaans-/
202,Naya,arabic,https://www.names.org/lists/by-origin/arabic/
203,Reed,english,https://www.names.org/lists/by-origin/english/
204,Stacy,english,https://www.names.org/lists/by-origin/english/
205,Lano,arabic,https://www.names.org/lists/by-origin/arabic/
206,Yonas,amharic,https://www.names.org/lists/by-origin/amharic/
207,Teto,xhosa,https://www.names.org/lists/by-origin/xhosa/
208,Hailey,english,https://www.names.org/lists/by-origin/english/
209,Burke,african,https://www.names.org/lists/by-origin/african/
210,Ike,igbo,https://www.names.org/lists/by-origin/igbo/
211,Askia,yoruba,https://www.names.org/lists/by-origin/yoruba/
212,Kiese,swahili ,https://www.names.org/lists/by-origin/swahili/
213,Alimi,yoruba,https://www.names.org/lists/by-origin/yoruba/
214,Pelser,african dutch (afrikaans) ,https://www.names.org/lists/by-origin/african-dutch-afrikaans-/
215,Brino,swahili ,https://www.names.org/lists/by-origin/swahili/
216,Janco,african dutch (afrikaans) ,https://www.names.org/lists/by-origin/african-dutch-afrikaans-/
217,Oniel,english,https://www.names.org/lists/by-origin/english/
218,Njoku,igbo,https://www.names.org/lists/by-origin/igbo/
219,Ruan,african-american,https://www.names.org/lists/by-origin/african/
220,Skye,english,https://www.names.org/lists/by-origin/english/
221,Ossai,igbo,https://www.names.org/lists/by-origin/igbo/
222,Emmanuel,african-american,https://www.names.org/lists/by-origin/african/
223,Blen,african,https://www.names.org/lists/by-origin/african/
224,Maya,amharic,https://www.names.org/lists/by-origin/amharic/
225,Macrina,swahili ,https://www.names.org/lists/by-origin/swahili/
226,May,english,https://www.names.org/lists/by-origin/english/
227,Ncube,xhosa,https://www.names.org/lists/by-origin/xhosa/
228,Lebbie,yoruba,https://www.names.org/lists/by-origin/yoruba/
229,Attie,african dutch (afrikaans) ,https://www.names.org/lists/by-origin/african-dutch-afrikaans-/
230,Baker,english,https://www.names.org/lists/by-origin/english/
231,Kyle,african dutch (afrikaans) ,https://www.names.org/lists/by-origin/african-dutch-afrikaans-/
232,Haron,amharic,https://www.names.org/lists/by-origin/amharic/
233,Songe,xhosa,https://www.names.org/lists/by-origin/xhosa/
234,Kiah,african,https://www.names.org/lists/by-origin/african/
235,Soliman,african-american,https://www.names.org/lists/by-origin/african/
236,Abebe,amharic,https://www.names.org/lists/by-origin/amharic/
237,Anderes,arabic,https://www.names.org/lists/by-origin/arabic/
238,Akinyemi,yoruba,https://www.names.org/lists/by-origin/yoruba/
239,Bruk,amharic,https://www.names.org/lists/by-origin/amharic/
240,Desmond,igbo,https://www.names.org/lists/by-origin/igbo/
241,Lindo,african-american,https://www.names.org/lists/by-origin/african/
242,Ryan,swahili ,https://www.names.org/lists/by-origin/swahili/
243,Bradley,african dutch (afrikaans) ,https://www.names.org/lists/by-origin/african-dutch-afrikaans-/
244,Flomo,african,https://www.names.org/lists/by-origin/african/
245,Akinola,yoruba,https://www.names.org/lists/by-origin/yoruba/
246,Berhanu,amharic,https://www.names.org/lists/by-origin/amharic/
247,Mbugua,swahili ,https://www.names.org/lists/by-origin/swahili/
248,Macharia,swahili ,https://www.names.org/lists/by-origin/swahili/
249,Dumbuya,african,https://www.names.org/lists/by-origin/african/
250,Tesfa,amharic,https://www.names.org/lists/by-origin/amharic/
251,Zinzi,african,https://www.names.org/lists/by-origin/african/
252,Leane,african dutch (afrikaans) ,https://www.names.org/lists/by-origin/african-dutch-afrikaans-/
253,Ashley,african dutch (afrikaans) ,https://www.names.org/lists/by-origin/african-dutch-afrikaans-/
254,Sango,xhosa,https://www.names.org/lists/by-origin/xhosa/
255,Chanez,african,https://www.names.org/lists/by-origin/african/
256,Kayihura,swahili ,https://www.names.org/lists/by-origin/swahili/
257,Henry,english,https://www.names.org/lists/by-origin/english/
258,Kalonji,swahili ,https://www.names.org/lists/by-origin/swahili/
259,Nay,arabic,https://www.names.org/lists/by-origin/arabic/
260,Menzi,african dutch (afrikaans) ,https://www.names.org/lists/by-origin/african-dutch-afrikaans-/
261,Helin,arabic,https://www.names.org/lists/by-origin/arabic/
262,Vura,xhosa,https://www.names.org/lists/by-origin/xhosa/
263,Abadir,amharic,https://www.names.org/lists/by-origin/amharic/
264,Soumah,african,https://www.names.org/lists/by-origin/african/
265,Kemokai,african,https://www.names.org/lists/by-origin/african/
266,Sarkodie,yoruba,https://www.names.org/lists/by-origin/yoruba/
267,Nur,arabic,https://www.names.org/lists/by-origin/arabic/
268,Bongo,xhosa,https://www.names.org/lists/by-origin/xhosa/
269,Longe,yoruba,https://www.names.org/lists/by-origin/yoruba/
270,Meraz,arabic,https://www.names.org/lists/by-origin/arabic/
271,Andries,african dutch (afrikaans) ,https://www.names.org/lists/by-origin/african-dutch-afrikaans-/
272,Peret,african dutch (afrikaans) ,https://www.names.org/lists/by-origin/african-dutch-afrikaans-/
273,Aymar,swahili ,https://www.names.org/lists/by-origin/swahili/
274,Lavin,arabic,https://www.names.org/lists/by-origin/arabic/
275,Tucker,english,https://www.names.org/lists/by-origin/english/
276,Dera,igbo,https://www.names.org/lists/by-origin/igbo/
277,Njie,african,https://www.names.org/lists/by-origin/african/
278,Amobi,igbo,https://www.names.org/lists/by-origin/igbo/
279,Adigun,yoruba,https://www.names.org/lists/by-origin/yoruba/
280,Amara,african,https://www.names.org/lists/by-origin/african/
281,Banda,african-american,https://www.names.org/lists/by-origin/african/
282,Haja,yoruba,https://www.names.org/lists/by-origin/yoruba/
283,Loyola,african-american,https://www.names.org/lists/by-origin/african/
284,Blessing,african dutch (afrikaans) ,https://www.names.org/lists/by-origin/african-dutch-afrikaans-/
285,Gavin,english,https://www.names.org/lists/by-origin/english/
286,Gella,african,https://www.names.org/lists/by-origin/african/
287,Leandri,african dutch (afrikaans) ,https://www.names.org/lists/by-origin/african-dutch-afrikaans-/
288,Seyoum,amharic,https://www.names.org/lists/by-origin/amharic/
289,Almodovar,arabic,https://www.names.org/lists/by-origin/arabic/
290,Alaba,yoruba,https://www.names.org/lists/by-origin/yoruba/
291,Adebiyi,yoruba,https://www.names.org/lists/by-origin/yoruba/
292,Blanding,african-american,https://www.names.org/lists/by-origin/african/
293,Koroma,yoruba,https://www.names.org/lists/by-origin/yoruba/
294,Robinson,english,https://www.names.org/lists/by-origin/english/
295,Sanyang,african,https://www.names.org/lists/by-origin/african/
296,Kissi,yoruba,https://www.names.org/lists/by-origin/yoruba/
297,Noon,arabic,https://www.names.org/lists/by-origin/arabic/
298,Tadesse,amharic,https://www.names.org/lists/by-origin/amharic/
299,Tessema,amharic,https://www.names.org/lists/by-origin/amharic/
300,Meley,amharic,https://www.names.org/lists/by-origin/amharic/
301,Ibrahim,arabic,https://www.names.org/lists/by-origin/arabic/
302,Trawally,african,https://www.names.org/lists/by-origin/african/
303,Shiferaw,amharic,https://www.names.org/lists/by-origin/amharic/
304,Charmant,swahili ,https://www.names.org/lists/by-origin/swahili/
305,Tribe,african dutch (afrikaans) ,https://www.names.org/lists/by-origin/african-dutch-afrikaans-/
306,Similo,xhosa,https://www.names.org/lists/by-origin/xhosa/
307,Yassine,african,https://www.names.org/lists/by-origin/african/
308,Wian,african,https://www.names.org/lists/by-origin/african/
309,Armah,yoruba,https://www.names.org/lists/by-origin/yoruba/
310,Togba,african,https://www.names.org/lists/by-origin/african/
311,Mayar,arabic,https://www.names.org/lists/by-origin/arabic/
312,Cole,english,https://www.names.org/lists/by-origin/english/
313,Frane,african dutch (afrikaans) ,https://www.names.org/lists/by-origin/african-dutch-afrikaans-/
314,Edom,amharic,https://www.names.org/lists/by-origin/amharic/
315,Motola,yoruba,https://www.names.org/lists/by-origin/yoruba/
316,Rua,arabic,https://www.names.org/lists/by-origin/arabic/
317,Zain,arabic,https://www.names.org/lists/by-origin/arabic/
318,Abel,amharic,https://www.names.org/lists/by-origin/amharic/
319,Laya,arabic,https://www.names.org/lists/by-origin/arabic/
320,Mayo,african-american,https://www.names.org/lists/by-origin/african/
321,Frans,african dutch (afrikaans) ,https://www.names.org/lists/by-origin/african-dutch-afrikaans-/
322,Luze,african dutch (afrikaans) ,https://www.names.org/lists/by-origin/african-dutch-afrikaans-/
323,Markon,amharic,https://www.names.org/lists/by-origin/amharic/
324,Isham,arabic,https://www.names.org/lists/by-origin/arabic/
325,Lulo,xhosa,https://www.names.org/lists/by-origin/xhosa/
326,Kasongo,xhosa,https://www.names.org/lists/by-origin/xhosa/
327,Nimely,yoruba,https://www.names.org/lists/by-origin/yoruba/
328,Landa,african-american,https://www.names.org/lists/by-origin/african/
329,Yambo,swahili ,https://www.names.org/lists/by-origin/swahili/
330,Funke,african-american,https://www.names.org/lists/by-origin/african/
331,Kotze,african dutch (afrikaans) ,https://www.names.org/lists/by-origin/african-dutch-afrikaans-/
332,Yonke,xhosa,https://www.names.org/lists/by-origin/xhosa/
333,Okoroafor,igbo,https://www.names.org/lists/by-origin/igbo/
334,Bodette,african dutch (afrikaans) ,https://www.names.org/lists/by-origin/african-dutch-afrikaans-/
335,Young,english,https://www.names.org/lists/by-origin/english/
336,Hodan,african,https://www.names.org/lists/by-origin/african/
337,Habib,arabic,https://www.names.org/lists/by-origin/arabic/
338,Abdirahman,african,https://www.names.org/lists/by-origin/african/
339,Canty,african-american,https://www.names.org/lists/by-origin/african/
340,Stevens,english,https://www.names.org/lists/by-origin/english/
341,Chirwa,xhosa,https://www.names.org/lists/by-origin/xhosa/
342,Jaap,african dutch (afrikaans) ,https://www.names.org/lists/by-origin/african-dutch-afrikaans-/
343,Sahr,african,https://www.names.org/lists/by-origin/african/
344,Gashaw,amharic,https://www.names.org/lists/by-origin/amharic/
345,Maduna,xhosa,https://www.names.org/lists/by-origin/xhosa/
346,Hamilton,english,https://www.names.org/lists/by-origin/english/
347,Madala,xhosa,https://www.names.org/lists/by-origin/xhosa/
348,Laston,xhosa,https://www.names.org/lists/by-origin/xhosa/
349,Getachew,amharic,https://www.names.org/lists/by-origin/amharic/
350,Leem,arabic,https://www.names.org/lists/by-origin/arabic/
351,Dami,african,https://www.names.org/lists/by-origin/african/
352,Kion,swahili ,https://www.names.org/lists/by-origin/swahili/
353,Attah,igbo,https://www.names.org/lists/by-origin/igbo/
354,Chanda,xhosa,https://www.names.org/lists/by-origin/xhosa/
355,Wilson,english,https://www.names.org/lists/by-origin/english/
356,Baruti,swahili ,https://www.names.org/lists/by-origin/swahili/
357,Palmer,swahili ,https://www.names.org/lists/by-origin/swahili/
358,Jojo,african,https://www.names.org/lists/by-origin/african/
359,Bada,yoruba,https://www.names.org/lists/by-origin/yoruba/
360,Touray,african,https://www.names.org/lists/by-origin/african/
361,Kariuki,swahili ,https://www.names.org/lists/by-origin/swahili/
362,Atmar,arabic,https://www.names.org/lists/by-origin/arabic/
363,Didier,swahili ,https://www.names.org/lists/by-origin/swahili/
364,Negus,amharic,https://www.names.org/lists/by-origin/amharic/
365,Agbo,igbo,https://www.names.org/lists/by-origin/igbo/
366,Lail,arabic,https://www.names.org/lists/by-origin/arabic/
367,Hossain,arabic,https://www.names.org/lists/by-origin/arabic/
368,Lee,african dutch (afrikaans) ,https://www.names.org/lists/by-origin/african-dutch-afrikaans-/
369,Jones,english,https://www.names.org/lists/by-origin/english/
370,Mustafa,arabic,https://www.names.org/lists/by-origin/arabic/
371,Tefera,amharic,https://www.names.org/lists/by-origin/amharic/
372,Onele,xhosa,https://www.names.org/lists/by-origin/xhosa/
373,Wainaina,swahili ,https://www.names.org/lists/by-origin/swahili/
374,Borbor,yoruba,https://www.names.org/lists/by-origin/yoruba/
375,Bartone,arabic,https://www.names.org/lists/by-origin/arabic/
376,Dulcio,xhosa,https://www.names.org/lists/by-origin/xhosa/
377,Mitchell,english,https://www.names.org/lists/by-origin/english/
378,Titus,african dutch (afrikaans) ,https://www.names.org/lists/by-origin/african-dutch-afrikaans-/
379,Mauritz,african dutch (afrikaans) ,https://www.names.org/lists/by-origin/african-dutch-afrikaans-/
380,Sipho,xhosa,https://www.names.org/lists/by-origin/xhosa/
381,Bola,yoruba,https://www.names.org/lists/by-origin/yoruba/
382,Imbo,african dutch (afrikaans) ,https://www.names.org/lists/by-origin/african-dutch-afrikaans-/
383,Zimba,xhosa,https://www.names.org/lists/by-origin/xhosa/
384,Avela,xhosa,https://www.names.org/lists/by-origin/xhosa/
385,Dandre,african dutch (afrikaans) ,https://www.names.org/lists/by-origin/african-dutch-afrikaans-/
386,Nagbe,yoruba,https://www.names.org/lists/by-origin/yoruba/
387,Sando,yoruba,https://www.names.org/lists/by-origin/yoruba/
388,Genet,amharic,https://www.names.org/lists/by-origin/amharic/
389,Keith,english,https://www.names.org/lists/by-origin/english/
390,James,english,https://www.names.org/lists/by-origin/english/
391,Chase,english,https://www.names.org/lists/by-origin/english/
392,Shaw,english,https://www.names.org/lists/by-origin/english/
393,Blamo,yoruba,https://www.names.org/lists/by-origin/yoruba/
394,Odendaal,african dutch (afrikaans) ,https://www.names.org/lists/by-origin/african-dutch-afrikaans-/
395,Tink,english,https://www.names.org/lists/by-origin/english/
396,Papay,african,https://www.names.org/lists/by-origin/african/
397,Brook,african-american,https://www.names.org/lists/by-origin/african/
398,Dingle,african-american,https://www.names.org/lists/by-origin/african/
399,Abbas,arabic,https://www.names.org/lists/by-origin/arabic/
400,Harper,english,https://www.names.org/lists/by-origin/english/
401,Ekechukwu,igbo,https://www.names.org/lists/by-origin/igbo/
402,Keina,swahili ,https://www.names.org/lists/by-origin/swahili/
403,Azama,xhosa,https://www.names.org/lists/by-origin/xhosa/
404,Modise,african dutch (afrikaans) ,https://www.names.org/lists/by-origin/african-dutch-afrikaans-/
405,Bruck,african-american,https://www.names.org/lists/by-origin/african/
406,Bright,swahili ,https://www.names.org/lists/by-origin/swahili/
407,Havenga,african dutch (afrikaans) ,https://www.names.org/lists/by-origin/african-dutch-afrikaans-/
408,Aland,arabic,https://www.names.org/lists/by-origin/arabic/
409,Barend,african dutch (afrikaans) ,https://www.names.org/lists/by-origin/african-dutch-afrikaans-/
410,Sagor,arabic,https://www.names.org/lists/by-origin/arabic/
411,Kirsty,english,https://www.names.org/lists/by-origin/english/
412,Chisom,african,https://www.names.org/lists/by-origin/african/
413,Bobo,african-american,https://www.names.org/lists/by-origin/african/
414,Ogbonnaya,igbo,https://www.names.org/lists/by-origin/igbo/
415,Sibanda,african,https://www.names.org/lists/by-origin/african/
416,Getahun,amharic,https://www.names.org/lists/by-origin/amharic/
417,Akili,swahili ,https://www.names.org/lists/by-origin/swahili/
418,Harrison,english,https://www.names.org/lists/by-origin/english/
419,Aliu,igbo,https://www.names.org/lists/by-origin/igbo/
420,Tunzi,xhosa,https://www.names.org/lists/by-origin/xhosa/
421,Ansari,arabic,https://www.names.org/lists/by-origin/arabic/
422,Novich,amharic,https://www.names.org/lists/by-origin/amharic/
423,Rabina,arabic,https://www.names.org/lists/by-origin/arabic/
424,Idahosa,igbo,https://www.names.org/lists/by-origin/igbo/
425,Carson,english,https://www.names.org/lists/by-origin/english/
426,Grandhomme,english,https://www.names.org/lists/by-origin/english/
427,Uche,igbo,https://www.names.org/lists/by-origin/igbo/
428,Liso,xhosa,https://www.names.org/lists/by-origin/xhosa/
429,Kalokoh,yoruba,https://www.names.org/lists/by-origin/yoruba/
430,Kato,african-american,https://www.names.org/lists/by-origin/african/
431,Gideon,african dutch (afrikaans) ,https://www.names.org/lists/by-origin/african-dutch-afrikaans-/
432,Bassey,african,https://www.names.org/lists/by-origin/african/
433,Snyman,african dutch (afrikaans) ,https://www.names.org/lists/by-origin/african-dutch-afrikaans-/
434,Long,english,https://www.names.org/lists/by-origin/english/
435,Gerrie,african dutch (afrikaans) ,https://www.names.org/lists/by-origin/african-dutch-afrikaans-/
436,Sorie,african,https://www.names.org/lists/by-origin/african/
437,Williams,english,https://www.names.org/lists/by-origin/english/
438,Kunda,xhosa,https://www.names.org/lists/by-origin/xhosa/
439,Stimage,xhosa,https://www.names.org/lists/by-origin/xhosa/
440,Okwara,igbo,https://www.names.org/lists/by-origin/igbo/
441,Woods,english,https://www.names.org/lists/by-origin/english/
442,Hemmen,amharic,https://www.names.org/lists/by-origin/amharic/
443,Turner,english,https://www.names.org/lists/by-origin/english/
444,Ogbodo,igbo,https://www.names.org/lists/by-origin/igbo/
445,Chane,african dutch (afrikaans) ,https://www.names.org/lists/by-origin/african-dutch-afrikaans-/
446,Fiorina,amharic,https://www.names.org/lists/by-origin/amharic/
447,Aseel,arabic,https://www.names.org/lists/by-origin/arabic/
448,Saiz,arabic,https://www.names.org/lists/by-origin/arabic/
449,Oliver,english,https://www.names.org/lists/by-origin/english/
450,Raya,arabic,https://www.names.org/lists/by-origin/arabic/
451,Georges,arabic,https://www.names.org/lists/by-origin/arabic/
452,Muhammed,arabic,https://www.names.org/lists/by-origin/arabic/
453,Mapula,african dutch (afrikaans) ,https://www.names.org/lists/by-origin/african-dutch-afrikaans-/
454,Rademan,african dutch (afrikaans) ,https://www.names.org/lists/by-origin/african-dutch-afrikaans-/
455,Steyn,african dutch (afrikaans) ,https://www.names.org/lists/by-origin/african-dutch-afrikaans-/
456,Ajanaku,yoruba,https://www.names.org/lists/by-origin/yoruba/
457,Lade,yoruba,https://www.names.org/lists/by-origin/yoruba/
458,Mengistu,amharic,https://www.names.org/lists/by-origin/amharic/
459,Ayodele,yoruba,https://www.names.org/lists/by-origin/yoruba/
460,Nwokocha,igbo,https://www.names.org/lists/by-origin/igbo/
461,Iman,arabic,https://www.names.org/lists/by-origin/arabic/
462,Mende,yoruba,https://www.names.org/lists/by-origin/yoruba/
463,Buhle,african,https://www.names.org/lists/by-origin/african/
464,Kamanda,yoruba,https://www.names.org/lists/by-origin/yoruba/
465,Okoli,igbo,https://www.names.org/lists/by-origin/igbo/
466,Ceesay,african,https://www.names.org/lists/by-origin/african/
467,Habte,amharic,https://www.names.org/lists/by-origin/amharic/
468,Musa,african-american,https://www.names.org/lists/by-origin/african/
469,Yoseph,amharic,https://www.names.org/lists/by-origin/amharic/
470,Corey,english,https://www.names.org/lists/by-origin/english/
471,Lucas,english,https://www.names.org/lists/by-origin/english/
472,Egbo,igbo,https://www.names.org/lists/by-origin/igbo/
473,Wickus,african dutch (afrikaans) ,https://www.names.org/lists/by-origin/african-dutch-afrikaans-/
474,Kola,yoruba,https://www.names.org/lists/by-origin/yoruba/
475,Bisi,yoruba,https://www.names.org/lists/by-origin/yoruba/
476,Fife,african-american,https://www.names.org/lists/by-origin/african/
477,Abshir,amharic,https://www.names.org/lists/by-origin/amharic/
478,Taylor,english,https://www.names.org/lists/by-origin/english/
479,Wilka,african dutch (afrikaans) ,https://www.names.org/lists/by-origin/african-dutch-afrikaans-/
480,Kendi,swahili ,https://www.names.org/lists/by-origin/swahili/
481,Reel,arabic,https://www.names.org/lists/by-origin/arabic/
482,Roberts,english,https://www.names.org/lists/by-origin/english/
483,Adesina,yoruba,https://www.names.org/lists/by-origin/yoruba/
484,Gebreyesus,amharic,https://www.names.org/lists/by-origin/amharic/
485,Adams,english,https://www.names.org/lists/by-origin/english/
486,Secka,african,https://www.names.org/lists/by-origin/african/
487,Elom,amharic,https://www.names.org/lists/by-origin/amharic/
488,Jallow,african,https://www.names.org/lists/by-origin/african/
489,Turay,african,https://www.names.org/lists/by-origin/african/
490,Cooper,english,https://www.names.org/lists/by-origin/english/
491,Mishka,english,https://www.names.org/lists/by-origin/english/
492,Luffy,english,https://www.names.org/lists/by-origin/english/
493,Stephanus,african dutch (afrikaans) ,https://www.names.org/lists/by-origin/african-dutch-afrikaans-/
494,Juba,yoruba,https://www.names.org/lists/by-origin/yoruba/
495,Chukwuma,igbo,https://www.names.org/lists/by-origin/igbo/
496,Lawal,african,https://www.names.org/lists/by-origin/african/
497,Uchendu,igbo,https://www.names.org/lists/by-origin/igbo/
498,Shuga,igbo,https://www.names.org/lists/by-origin/igbo/
499,Artwell,xhosa,https://www.names.org/lists/by-origin/xhosa/
500,Mussa,swahili ,https://www.names.org/lists/by-origin/swahili/
501,Jaxel,igbo,https://www.names.org/lists/by-origin/igbo/
502,Makinde,yoruba,https://www.names.org/lists/by-origin/yoruba/
503,Hope,african dutch (afrikaans) ,https://www.names.org/lists/by-origin/african-dutch-afrikaans-/
504,Mensah,african-american,https://www.names.org/lists/by-origin/african/
505,Luli,igbo,https://www.names.org/lists/by-origin/igbo/
506,Tyler,english,https://www.names.org/lists/by-origin/english/
507,Akin,african-american,https://www.names.org/lists/by-origin/african/
508,Ano,xhosa,https://www.names.org/lists/by-origin/xhosa/
509,Hanel,amharic,https://www.names.org/lists/by-origin/amharic/
510,Allison,english,https://www.names.org/lists/by-origin/english/
511,Gladness,swahili ,https://www.names.org/lists/by-origin/swahili/
512,Ejiofor,igbo,https://www.names.org/lists/by-origin/igbo/
513,Jacques,african dutch (afrikaans) ,https://www.names.org/lists/by-origin/african-dutch-afrikaans-/
514,Mansaray,african,https://www.names.org/lists/by-origin/african/
515,Wyatt,english,https://www.names.org/lists/by-origin/english/
516,Jackline,swahili ,https://www.names.org/lists/by-origin/swahili/
517,Mackenzie,english,https://www.names.org/lists/by-origin/english/
518,Yilma,amharic,https://www.names.org/lists/by-origin/amharic/
519,Boma,igbo,https://www.names.org/lists/by-origin/igbo/
520,Soini,african dutch (afrikaans) ,https://www.names.org/lists/by-origin/african-dutch-afrikaans-/
521,Sarti,african dutch (afrikaans) ,https://www.names.org/lists/by-origin/african-dutch-afrikaans-/
522,Ugochukwu,igbo,https://www.names.org/lists/by-origin/igbo/
523,Mulenga,xhosa,https://www.names.org/lists/by-origin/xhosa/
524,Jonker,african dutch (afrikaans) ,https://www.names.org/lists/by-origin/african-dutch-afrikaans-/
525,Lode,african dutch (afrikaans) ,https://www.names.org/lists/by-origin/african-dutch-afrikaans-/
526,Kehinde,yoruba,https://www.names.org/lists/by-origin/yoruba/
527,Robel,african,https://www.names.org/lists/by-origin/african/
528,Rinas,amharic,https://www.names.org/lists/by-origin/amharic/
529,Treasure,igbo,https://www.names.org/lists/by-origin/igbo/
530,Ellis,english,https://www.names.org/lists/by-origin/english/
531,Zara,arabic,https://www.names.org/lists/by-origin/arabic/
532,Tise,yoruba,https://www.names.org/lists/by-origin/yoruba/
533,Alaya,arabic,https://www.names.org/lists/by-origin/arabic/
534,Yousif,arabic,https://www.names.org/lists/by-origin/arabic/
535,Quiah,yoruba,https://www.names.org/lists/by-origin/yoruba/
536,Lewi,amharic,https://www.names.org/lists/by-origin/amharic/
537,Keita,african,https://www.names.org/lists/by-origin/african/
538,Siwa,arabic,https://www.names.org/lists/by-origin/arabic/
539,Afolabi,yoruba,https://www.names.org/lists/by-origin/yoruba/
540,Siah,english,https://www.names.org/lists/by-origin/english/
541,Adeniji,yoruba,https://www.names.org/lists/by-origin/yoruba/
542,Solomon,amharic,https://www.names.org/lists/by-origin/amharic/
543,Gay,african-american,https://www.names.org/lists/by-origin/african/
544,Oyama,african dutch (afrikaans) ,https://www.names.org/lists/by-origin/african-dutch-afrikaans-/
545,Luma,arabic,https://www.names.org/lists/by-origin/arabic/
546,Desanges,swahili ,https://www.names.org/lists/by-origin/swahili/
547,Adeyemo,yoruba,https://www.names.org/lists/by-origin/yoruba/
548,Okechukwu,igbo,https://www.names.org/lists/by-origin/igbo/
549,Corne,african dutch (afrikaans) ,https://www.names.org/lists/by-origin/african-dutch-afrikaans-/
550,Jelani,swahili ,https://www.names.org/lists/by-origin/swahili/
551,Fofanah,yoruba,https://www.names.org/lists/by-origin/yoruba/
552,Moorer,african-american,https://www.names.org/lists/by-origin/african/
553,Delice,swahili ,https://www.names.org/lists/by-origin/swahili/
554,Rayan,arabic,https://www.names.org/lists/by-origin/arabic/
555,Lasisi,yoruba,https://www.names.org/lists/by-origin/yoruba/
556,Okereke,igbo,https://www.names.org/lists/by-origin/igbo/
557,Dickson,african-american,https://www.names.org/lists/by-origin/african/
558,Kuhle,african dutch (afrikaans) ,https://www.names.org/lists/by-origin/african-dutch-afrikaans-/
559,Anderson,english,https://www.names.org/lists/by-origin/english/
560,Balent,swahili ,https://www.names.org/lists/by-origin/swahili/
561,Yoas,african,https://www.names.org/lists/by-origin/african/
562,Sakala,xhosa,https://www.names.org/lists/by-origin/xhosa/
563,Nene,african,https://www.names.org/lists/by-origin/african/
564,Carter,english,https://www.names.org/lists/by-origin/english/
565,Fofana,african,https://www.names.org/lists/by-origin/african/
566,Tamba,yoruba,https://www.names.org/lists/by-origin/yoruba/
567,Jordan,african dutch (afrikaans) ,https://www.names.org/lists/by-origin/african-dutch-afrikaans-/
568,Adili,swahili ,https://www.names.org/lists/by-origin/swahili/
569,Okpala,igbo,https://www.names.org/lists/by-origin/igbo/
570,Lati,arabic,https://www.names.org/lists/by-origin/arabic/
571,Kamara,african-american,https://www.names.org/lists/by-origin/african/
572,Adane,amharic,https://www.names.org/lists/by-origin/amharic/
573,Beza,african,https://www.names.org/lists/by-origin/african/
574,Vorster,african dutch (afrikaans) ,https://www.names.org/lists/by-origin/african-dutch-afrikaans-/
575,Demissie,amharic,https://www.names.org/lists/by-origin/amharic/
576,Dewald,african dutch (afrikaans) ,https://www.names.org/lists/by-origin/african-dutch-afrikaans-/
577,Brightwell,xhosa,https://www.names.org/lists/by-origin/xhosa/
578,Mulbah,african,https://www.names.org/lists/by-origin/african/
579,Vivens,swahili ,https://www.names.org/lists/by-origin/swahili/
580,Kiamy,african,https://www.names.org/lists/by-origin/african/
581,Risper,swahili ,https://www.names.org/lists/by-origin/swahili/
582,Pendo,swahili ,https://www.names.org/lists/by-origin/swahili/
583,Dewaal,african dutch (afrikaans) ,https://www.names.org/lists/by-origin/african-dutch-afrikaans-/
584,Muriuki,swahili ,https://www.names.org/lists/by-origin/swahili/
585,Eliab,amharic,https://www.names.org/lists/by-origin/amharic/
586,Banke,yoruba,https://www.names.org/lists/by-origin/yoruba/
587,Seid,amharic,https://www.names.org/lists/by-origin/amharic/
588,Bryant,english,https://www.names.org/lists/by-origin/english/
589,Wyngaard,african dutch (afrikaans) ,https://www.names.org/lists/by-origin/african-dutch-afrikaans-/
590,Godwin,african-american,https://www.names.org/lists/by-origin/african/
591,Sagal,arabic,https://www.names.org/lists/by-origin/arabic/
592,Luke,african dutch (afrikaans) ,https://www.names.org/lists/by-origin/african-dutch-afrikaans-/
593,Azubuike,igbo,https://www.names.org/lists/by-origin/igbo/
594,Daleen,african dutch (afrikaans) ,https://www.names.org/lists/by-origin/african-dutch-afrikaans-/
595,Kaza,african,https://www.names.org/lists/by-origin/african/
596,Babatunde,yoruba,https://www.names.org/lists/by-origin/yoruba/
597,Henshaw,igbo,https://www.names.org/lists/by-origin/igbo/
598,Miriana,arabic,https://www.names.org/lists/by-origin/arabic/
599,Nelson,english,https://www.names.org/lists/by-origin/english/
600,Zia,arabic,https://www.names.org/lists/by-origin/arabic/
601,Wardak,arabic,https://www.names.org/lists/by-origin/arabic/
602,Comfort,african-american,https://www.names.org/lists/by-origin/african/
603,Saad,arabic,https://www.names.org/lists/by-origin/arabic/
604,Abiola,yoruba,https://www.names.org/lists/by-origin/yoruba/
605,Lebo,african,https://www.names.org/lists/by-origin/african/
606,Koopman,african dutch (afrikaans) ,https://www.names.org/lists/by-origin/african-dutch-afrikaans-/
607,Ofoegbu,igbo,https://www.names.org/lists/by-origin/igbo/
608,Zuber,arabic,https://www.names.org/lists/by-origin/arabic/
609,Charne,african,https://www.names.org/lists/by-origin/african/
610,Maybin,african,https://www.names.org/lists/by-origin/african/
611,Barok,african,https://www.names.org/lists/by-origin/african/
612,Greyling,african dutch (afrikaans) ,https://www.names.org/lists/by-origin/african-dutch-afrikaans-/
613,Ababa,amharic,https://www.names.org/lists/by-origin/amharic/
614,Mena,african-american,https://www.names.org/lists/by-origin/african/
615,Abdullah,arabic,https://www.names.org/lists/by-origin/arabic/
616,Ezike,igbo,https://www.names.org/lists/by-origin/igbo/
617,Sillah,yoruba,https://www.names.org/lists/by-origin/yoruba/
618,Meila,english,https://www.names.org/lists/by-origin/english/
619,Chukwu,igbo,https://www.names.org/lists/by-origin/igbo/
620,Melat,african,https://www.names.org/lists/by-origin/african/
621,Sirak,amharic,https://www.names.org/lists/by-origin/amharic/
622,Minke,african dutch (afrikaans) ,https://www.names.org/lists/by-origin/african-dutch-afrikaans-/
623,Wells,english,https://www.names.org/lists/by-origin/english/
624,Osuji,igbo,https://www.names.org/lists/by-origin/igbo/
625,Marcil,african,https://www.names.org/lists/by-origin/african/
626,Kira,english,https://www.names.org/lists/by-origin/english/
627,Chimka,igbo,https://www.names.org/lists/by-origin/igbo/
628,Nandi,swahili ,https://www.names.org/lists/by-origin/swahili/
629,Scarlett,english,https://www.names.org/lists/by-origin/english/
630,Hassan,arabic,https://www.names.org/lists/by-origin/arabic/
631,Jaiteh,african,https://www.names.org/lists/by-origin/african/
632,Luna,english,https://www.names.org/lists/by-origin/english/
633,Ahmari,yoruba,https://www.names.org/lists/by-origin/yoruba/
634,Hannan,arabic,https://www.names.org/lists/by-origin/arabic/
635,Dacosta,african-american,https://www.names.org/lists/by-origin/african/
636,Khoury,arabic,https://www.names.org/lists/by-origin/arabic/
637,Ssali,swahili ,https://www.names.org/lists/by-origin/swahili/
638,Adesanya,yoruba,https://www.names.org/lists/by-origin/yoruba/
639,Chabala,xhosa,https://www.names.org/lists/by-origin/xhosa/
640,Kaso,arabic,https://www.names.org/lists/by-origin/arabic/
641,Green,english,https://www.names.org/lists/by-origin/english/
642,Bement,amharic,https://www.names.org/lists/by-origin/amharic/
643,Awad,arabic,https://www.names.org/lists/by-origin/arabic/
644,Sanga,xhosa,https://www.names.org/lists/by-origin/xhosa/
645,Hebron,amharic,https://www.names.org/lists/by-origin/amharic/
646,Saleh,arabic,https://www.names.org/lists/by-origin/arabic/
647,Mudrick,swahili ,https://www.names.org/lists/by-origin/swahili/
648,Moges,amharic,https://www.names.org/lists/by-origin/amharic/
649,Syre,african,https://www.names.org/lists/by-origin/african/
650,Bismark,african,https://www.names.org/lists/by-origin/african/
651,Fourie,african dutch (afrikaans) ,https://www.names.org/lists/by-origin/african-dutch-afrikaans-/
652,Vanest,arabic,https://www.names.org/lists/by-origin/arabic/
653,Noor,arabic,https://www.names.org/lists/by-origin/arabic/
654,Janvier,swahili ,https://www.names.org/lists/by-origin/swahili/
655,Tee,african,https://www.names.org/lists/by-origin/african/
656,Sava,arabic,https://www.names.org/lists/by-origin/arabic/
657,Rohan,english,https://www.names.org/lists/by-origin/english/
658,Luyando,xhosa,https://www.names.org/lists/by-origin/xhosa/
659,Igbokwe,igbo,https://www.names.org/lists/by-origin/igbo/
660,Rhys,english,https://www.names.org/lists/by-origin/english/
661,Demar,english,https://www.names.org/lists/by-origin/english/
662,Marshall,english,https://www.names.org/lists/by-origin/english/
663,Syria,arabic,https://www.names.org/lists/by-origin/arabic/
664,Yannick,swahili ,https://www.names.org/lists/by-origin/swahili/
665,Nissi,igbo,https://www.names.org/lists/by-origin/igbo/
666,Mosa,african dutch (afrikaans) ,https://www.names.org/lists/by-origin/african-dutch-afrikaans-/
667,Grobler,african dutch (afrikaans) ,https://www.names.org/lists/by-origin/african-dutch-afrikaans-/
668,Ademi,yoruba,https://www.names.org/lists/by-origin/yoruba/
669,Mohale,african dutch (afrikaans) ,https://www.names.org/lists/by-origin/african-dutch-afrikaans-/
670,Peace,african-american,https://www.names.org/lists/by-origin/african/
671,Zaia,english,https://www.names.org/lists/by-origin/english/
672,Hussein,arabic,https://www.names.org/lists/by-origin/arabic/
673,Kulb,african,https://www.names.org/lists/by-origin/african/
674,Bertin,swahili ,https://www.names.org/lists/by-origin/swahili/
675,Azlin,arabic,https://www.names.org/lists/by-origin/arabic/
676,Cook,english,https://www.names.org/lists/by-origin/english/
677,Bosire,swahili ,https://www.names.org/lists/by-origin/swahili/
678,Bukata,african,https://www.names.org/lists/by-origin/african/
679,Zewdie,amharic,https://www.names.org/lists/by-origin/amharic/
680,Mostert,african dutch (afrikaans) ,https://www.names.org/lists/by-origin/african-dutch-afrikaans-/
681,Fahad,arabic,https://www.names.org/lists/by-origin/arabic/
682,Aldana,arabic,https://www.names.org/lists/by-origin/arabic/
683,Shad,arabic,https://www.names.org/lists/by-origin/arabic/
684,Golis,arabic,https://www.names.org/lists/by-origin/arabic/
685,Kolisi,xhosa,https://www.names.org/lists/by-origin/xhosa/
686,Matthys,african dutch (afrikaans) ,https://www.names.org/lists/by-origin/african-dutch-afrikaans-/
687,Alabi,yoruba,https://www.names.org/lists/by-origin/yoruba/
688,Coker,african-american,https://www.names.org/lists/by-origin/african/
689,Haidara,african,https://www.names.org/lists/by-origin/african/
690,Marang,african dutch (afrikaans) ,https://www.names.org/lists/by-origin/african-dutch-afrikaans-/
691,Rania,arabic,https://www.names.org/lists/by-origin/arabic/
692,Ivy,english,https://www.names.org/lists/by-origin/english/
693,Archibong,igbo,https://www.names.org/lists/by-origin/igbo/
694,Webb,english,https://www.names.org/lists/by-origin/english/
695,Zak,arabic,https://www.names.org/lists/by-origin/arabic/
696,Shaden,arabic,https://www.names.org/lists/by-origin/arabic/
697,Zaika,arabic,https://www.names.org/lists/by-origin/arabic/
698,Maroun,arabic,https://www.names.org/lists/by-origin/arabic/
699,Amin,arabic,https://www.names.org/lists/by-origin/arabic/
700,Shalon,swahili ,https://www.names.org/lists/by-origin/swahili/
701,Kyrian,yoruba,https://www.names.org/lists/by-origin/yoruba/
702,Adekunle,yoruba,https://www.names.org/lists/by-origin/yoruba/
703,Ugo,igbo,https://www.names.org/lists/by-origin/igbo/
704,Keanu,african dutch (afrikaans) ,https://www.names.org/lists/by-origin/african-dutch-afrikaans-/
705,Mayana,igbo,https://www.names.org/lists/by-origin/igbo/
706,Skuza,arabic,https://www.names.org/lists/by-origin/arabic/
707,Sithole,african dutch (afrikaans) ,https://www.names.org/lists/by-origin/african-dutch-afrikaans-/
708,Obama,african,https://www.names.org/lists/by-origin/african/
709,Tola,yoruba,https://www.names.org/lists/by-origin/yoruba/
710,Osuagwu,igbo,https://www.names.org/lists/by-origin/igbo/
711,Linka,swahili ,https://www.names.org/lists/by-origin/swahili/
712,Kito,swahili ,https://www.names.org/lists/by-origin/swahili/
713,Obinna,igbo,https://www.names.org/lists/by-origin/igbo/
714,Heritier,swahili ,https://www.names.org/lists/by-origin/swahili/
715,Diala,arabic,https://www.names.org/lists/by-origin/arabic/
716,Ayo,yoruba,https://www.names.org/lists/by-origin/yoruba/
717,Bailey,english,https://www.names.org/lists/by-origin/english/
718,Okere,igbo,https://www.names.org/lists/by-origin/igbo/
719,Girma,amharic,https://www.names.org/lists/by-origin/amharic/
720,Kinyanjui,swahili ,https://www.names.org/lists/by-origin/swahili/
721,Bayek,african,https://www.names.org/lists/by-origin/african/
722,Anosike,igbo,https://www.names.org/lists/by-origin/igbo/
723,Noad,amharic,https://www.names.org/lists/by-origin/amharic/
724,Dukuly,african,https://www.names.org/lists/by-origin/african/
725,Rivaldo,african dutch (afrikaans) ,https://www.names.org/lists/by-origin/african-dutch-afrikaans-/
726,Alia,arabic,https://www.names.org/lists/by-origin/arabic/
727,Ezeh,igbo,https://www.names.org/lists/by-origin/igbo/
728,Zufan,amharic,https://www.names.org/lists/by-origin/amharic/
729,Stewart,english,https://www.names.org/lists/by-origin/english/
730,Kaluba,xhosa,https://www.names.org/lists/by-origin/xhosa/
731,Alaia,arabic,https://www.names.org/lists/by-origin/arabic/
732,Vanzyl,african dutch (afrikaans) ,https://www.names.org/lists/by-origin/african-dutch-afrikaans-/
733,Jammeh,african,https://www.names.org/lists/by-origin/african/
734,Boakye,african,https://www.names.org/lists/by-origin/african/
735,Christian,english,https://www.names.org/lists/by-origin/english/
736,Stacey,english,https://www.names.org/lists/by-origin/english/
737,Shittu,yoruba,https://www.names.org/lists/by-origin/yoruba/
738,Zeleke,amharic,https://www.names.org/lists/by-origin/amharic/
739,Mahle,xhosa,https://www.names.org/lists/by-origin/xhosa/
740,Obasi,igbo,https://www.names.org/lists/by-origin/igbo/
741,Esha,arabic,https://www.names.org/lists/by-origin/arabic/
742,Anari,african,https://www.names.org/lists/by-origin/african/
743,Patson,xhosa,https://www.names.org/lists/by-origin/xhosa/
744,Promise,african,https://www.names.org/lists/by-origin/african/
745,Kuyateh,yoruba,https://www.names.org/lists/by-origin/yoruba/
746,Simfukwe,xhosa,https://www.names.org/lists/by-origin/xhosa/
747,Kyro,english,https://www.names.org/lists/by-origin/english/
748,Linker,swahili ,https://www.names.org/lists/by-origin/swahili/
749,Amani,swahili ,https://www.names.org/lists/by-origin/swahili/
750,Rashford,swahili ,https://www.names.org/lists/by-origin/swahili/
751,Ali,arabic,https://www.names.org/lists/by-origin/arabic/
752,Stabile,african-american,https://www.names.org/lists/by-origin/african/
753,Yoel,amharic,https://www.names.org/lists/by-origin/amharic/
754,Adeleke,yoruba,https://www.names.org/lists/by-origin/yoruba/
755,Bader,arabic,https://www.names.org/lists/by-origin/arabic/
756,Schalk,african-american,https://www.names.org/lists/by-origin/african/
757,Yohanna,amharic,https://www.names.org/lists/by-origin/amharic/
758,Tiran,swahili ,https://www.names.org/lists/by-origin/swahili/
759,Grobbelaar,african dutch (afrikaans) ,https://www.names.org/lists/by-origin/african-dutch-afrikaans-/
760,Caneer,arabic,https://www.names.org/lists/by-origin/arabic/
761,Ballah,yoruba,https://www.names.org/lists/by-origin/yoruba/
762,Bethlehem,amharic,https://www.names.org/lists/by-origin/amharic/
763,Kedir,amharic,https://www.names.org/lists/by-origin/amharic/
764,Gakpo,african dutch (afrikaans) ,https://www.names.org/lists/by-origin/african-dutch-afrikaans-/
765,Tracy,swahili ,https://www.names.org/lists/by-origin/swahili/
766,Chimera,igbo,https://www.names.org/lists/by-origin/igbo/
767,Mieke,african dutch (afrikaans) ,https://www.names.org/lists/by-origin/african-dutch-afrikaans-/
768,Thrash,african-american,https://www.names.org/lists/by-origin/african/
769,Abdallah,arabic,https://www.names.org/lists/by-origin/arabic/
770,Endris,amharic,https://www.names.org/lists/by-origin/amharic/
771,Inzunza,african,https://www.names.org/lists/by-origin/african/
772,Frimpong,african,https://www.names.org/lists/by-origin/african/
773,Alemu,amharic,https://www.names.org/lists/by-origin/amharic/
774,Royalty,african,https://www.names.org/lists/by-origin/african/
775,Lundi,xhosa,https://www.names.org/lists/by-origin/xhosa/
776,Woldegiorgis,amharic,https://www.names.org/lists/by-origin/amharic/
777,Noma,xhosa,https://www.names.org/lists/by-origin/xhosa/
778,Nweke,igbo,https://www.names.org/lists/by-origin/igbo/
779,Malek,arabic,https://www.names.org/lists/by-origin/arabic/
780,Loza,african-american,https://www.names.org/lists/by-origin/african/
781,Linke,african dutch (afrikaans) ,https://www.names.org/lists/by-origin/african-dutch-afrikaans-/
782,Martin,african dutch (afrikaans) ,https://www.names.org/lists/by-origin/african-dutch-afrikaans-/
783,Pieterse,african dutch (afrikaans) ,https://www.names.org/lists/by-origin/african-dutch-afrikaans-/
784,Christopher,african dutch (afrikaans) ,https://www.names.org/lists/by-origin/african-dutch-afrikaans-/
785,Taiwo,yoruba,https://www.names.org/lists/by-origin/yoruba/
786,Yoza,english,https://www.names.org/lists/by-origin/english/
787,Neria,swahili ,https://www.names.org/lists/by-origin/swahili/
788,Selam,amharic,https://www.names.org/lists/by-origin/amharic/
789,Parker,english,https://www.names.org/lists/by-origin/english/
790,Sone,african dutch (afrikaans) ,https://www.names.org/lists/by-origin/african-dutch-afrikaans-/
791,Kross,african,https://www.names.org/lists/by-origin/african/
792,Daines,swahili ,https://www.names.org/lists/by-origin/swahili/
793,Blain,african-american,https://www.names.org/lists/by-origin/african/
794,Suane,african dutch (afrikaans) ,https://www.names.org/lists/by-origin/african-dutch-afrikaans-/
795,Fahnbulleh,yoruba,https://www.names.org/lists/by-origin/yoruba/
796,Khamisi,swahili ,https://www.names.org/lists/by-origin/swahili/
797,Myburgh,african dutch (afrikaans) ,https://www.names.org/lists/by-origin/african-dutch-afrikaans-/
798,Addis,african-american,https://www.names.org/lists/by-origin/african/
799,Belachew,amharic,https://www.names.org/lists/by-origin/amharic/
800,Collins,swahili ,https://www.names.org/lists/by-origin/swahili/
801,Uduma,igbo,https://www.names.org/lists/by-origin/igbo/
802,King,english,https://www.names.org/lists/by-origin/english/
803,Ogbonna,igbo,https://www.names.org/lists/by-origin/igbo/
804,Henk,african dutch (afrikaans) ,https://www.names.org/lists/by-origin/african-dutch-afrikaans-/
805,Varo,arabic,https://www.names.org/lists/by-origin/arabic/
806,Ogunleye,yoruba,https://www.names.org/lists/by-origin/yoruba/
807,Zewdu,amharic,https://www.names.org/lists/by-origin/amharic/
808,Okeke,igbo,https://www.names.org/lists/by-origin/igbo/
809,Memory,african dutch (afrikaans) ,https://www.names.org/lists/by-origin/african-dutch-afrikaans-/
810,Samara,english,https://www.names.org/lists/by-origin/english/
811,Mustapha,igbo,https://www.names.org/lists/by-origin/igbo/
812,Mohammed,arabic,https://www.names.org/lists/by-origin/arabic/
813,Jacobus,african dutch (afrikaans) ,https://www.names.org/lists/by-origin/african-dutch-afrikaans-/
814,Ndukwe,igbo,https://www.names.org/lists/by-origin/igbo/
815,Biruk,african,https://www.names.org/lists/by-origin/african/
816,Lamoy,english,https://www.names.org/lists/by-origin/english/
817,Ijeoma,african,https://www.names.org/lists/by-origin/african/
818,Buys,african dutch (afrikaans) ,https://www.names.org/lists/by-origin/african-dutch-afrikaans-/
819,Watson,english,https://www.names.org/lists/by-origin/english/
820,Ayen,african,https://www.names.org/lists/by-origin/african/
821,Zay,african,https://www.names.org/lists/by-origin/african/
822,Sarine,arabic,https://www.names.org/lists/by-origin/arabic/
823,Hanos,amharic,https://www.names.org/lists/by-origin/amharic/
824,Jallah,yoruba,https://www.names.org/lists/by-origin/yoruba/
825,Jabbie,african,https://www.names.org/lists/by-origin/african/
826,Pienaar,african dutch (afrikaans) ,https://www.names.org/lists/by-origin/african-dutch-afrikaans-/
827,Olona,african dutch (afrikaans) ,https://www.names.org/lists/by-origin/african-dutch-afrikaans-/
828,Quadri,igbo,https://www.names.org/lists/by-origin/igbo/
829,Sankoh,african,https://www.names.org/lists/by-origin/african/
830,Ashton,english,https://www.names.org/lists/by-origin/english/
831,Romel,amharic,https://www.names.org/lists/by-origin/amharic/
832,Khamis,amharic,https://www.names.org/lists/by-origin/amharic/
833,Campbell,english,https://www.names.org/lists/by-origin/english/
834,Adama,igbo,https://www.names.org/lists/by-origin/igbo/
835,Swart,african-american,https://www.names.org/lists/by-origin/african/
836,Zion,english,https://www.names.org/lists/by-origin/english/
837,Bell,english,https://www.names.org/lists/by-origin/english/
838,Madison,english,https://www.names.org/lists/by-origin/english/
839,Hailu,amharic,https://www.names.org/lists/by-origin/amharic/
840,Yuster,swahili ,https://www.names.org/lists/by-origin/swahili/
841,Fenet,african,https://www.names.org/lists/by-origin/african/
842,Kabo,african dutch (afrikaans) ,https://www.names.org/lists/by-origin/african-dutch-afrikaans-/
843,Obra,swahili ,https://www.names.org/lists/by-origin/swahili/
844,Wessel,african-american,https://www.names.org/lists/by-origin/african/
845,Cyprain,igbo,https://www.names.org/lists/by-origin/igbo/
846,Gift,swahili ,https://www.names.org/lists/by-origin/swahili/
847,Retief,african dutch (afrikaans) ,https://www.names.org/lists/by-origin/african-dutch-afrikaans-/
848,Amar,arabic,https://www.names.org/lists/by-origin/arabic/
849,Oba,yoruba,https://www.names.org/lists/by-origin/yoruba/
850,Mayen,amharic,https://www.names.org/lists/by-origin/amharic/
851,Manzi,swahili ,https://www.names.org/lists/by-origin/swahili/
852,Maia,english,https://www.names.org/lists/by-origin/english/
853,Machala,african,https://www.names.org/lists/by-origin/african/
854,Kanyo,xhosa,https://www.names.org/lists/by-origin/xhosa/
855,Satti,amharic,https://www.names.org/lists/by-origin/amharic/
856,Viar,arabic,https://www.names.org/lists/by-origin/arabic/
857,Nwachukwu,igbo,https://www.names.org/lists/by-origin/igbo/
858,Tshuma,african dutch (afrikaans) ,https://www.names.org/lists/by-origin/african-dutch-afrikaans-/
859,Graham,english,https://www.names.org/lists/by-origin/english/
860,Nnadi,igbo,https://www.names.org/lists/by-origin/igbo/
861,Toye,yoruba,https://www.names.org/lists/by-origin/yoruba/
862,Chilaka,igbo,https://www.names.org/lists/by-origin/igbo/
863,Swanepoel,african dutch (afrikaans) ,https://www.names.org/lists/by-origin/african-dutch-afrikaans-/
864,Leago,african,https://www.names.org/lists/by-origin/african/
865,Bogale,amharic,https://www.names.org/lists/by-origin/amharic/
866,Schambach,xhosa,https://www.names.org/lists/by-origin/xhosa/
867,Alieu,african,https://www.names.org/lists/by-origin/african/
868,Sanders,english,https://www.names.org/lists/by-origin/english/
869,Kim,african dutch (afrikaans) ,https://www.names.org/lists/by-origin/african-dutch-afrikaans-/
870,Scola,swahili ,https://www.names.org/lists/by-origin/swahili/
871,Kimani,swahili ,https://www.names.org/lists/by-origin/swahili/
872,Kobi,african,https://www.names.org/lists/by-origin/african/
873,Euster,xhosa,https://www.names.org/lists/by-origin/xhosa/
874,Muno,arabic,https://www.names.org/lists/by-origin/arabic/
875,Haddad,arabic,https://www.names.org/lists/by-origin/arabic/
876,Manneh,african,https://www.names.org/lists/by-origin/african/
877,Selman,igbo,https://www.names.org/lists/by-origin/igbo/
878,Kao,african-american,https://www.names.org/lists/by-origin/african/
879,Tilahun,amharic,https://www.names.org/lists/by-origin/amharic/
880,Kamani,swahili ,https://www.names.org/lists/by-origin/swahili/
881,Alao,yoruba,https://www.names.org/lists/by-origin/yoruba/
882,Lindie,african dutch (afrikaans) ,https://www.names.org/lists/by-origin/african-dutch-afrikaans-/
883,Ibe,igbo,https://www.names.org/lists/by-origin/igbo/
884,Reem,arabic,https://www.names.org/lists/by-origin/arabic/
885,Werner,african dutch (afrikaans) ,https://www.names.org/lists/by-origin/african-dutch-afrikaans-/
886,Markan,amharic,https://www.names.org/lists/by-origin/amharic/
887,Tarin,arabic,https://www.names.org/lists/by-origin/arabic/
888,Massa,arabic,https://www.names.org/lists/by-origin/arabic/
889,Clark,english,https://www.names.org/lists/by-origin/english/
890,Darlington,xhosa,https://www.names.org/lists/by-origin/xhosa/
891,Lovisa,african dutch (afrikaans) ,https://www.names.org/lists/by-origin/african-dutch-afrikaans-/
892,Duma,swahili ,https://www.names.org/lists/by-origin/swahili/
893,Owusu,african-american,https://www.names.org/lists/by-origin/african/
894,Shady,arabic,https://www.names.org/lists/by-origin/arabic/
895,Ahadi,swahili ,https://www.names.org/lists/by-origin/swahili/
896,Yeboah,african,https://www.names.org/lists/by-origin/african/
897,Aune,african dutch (afrikaans) ,https://www.names.org/lists/by-origin/african-dutch-afrikaans-/
898,Konde,swahili ,https://www.names.org/lists/by-origin/swahili/
899,Osho,yoruba,https://www.names.org/lists/by-origin/yoruba/
900,Ditrick,swahili ,https://www.names.org/lists/by-origin/swahili/
901,Jatta,african,https://www.names.org/lists/by-origin/african/
902,Zuri,swahili ,https://www.names.org/lists/by-origin/swahili/
903,Boddie,african-american,https://www.names.org/lists/by-origin/african/
904,Pape,african-american,https://www.names.org/lists/by-origin/african/
905,Carine,swahili ,https://www.names.org/lists/by-origin/swahili/
906,Holly,english,https://www.names.org/lists/by-origin/english/
907,Spencer,english,https://www.names.org/lists/by-origin/english/
908,Asma,arabic,https://www.names.org/lists/by-origin/arabic/
909,Orama,swahili ,https://www.names.org/lists/by-origin/swahili/
910,Nour,arabic,https://www.names.org/lists/by-origin/arabic/
911,Kai,english,https://www.names.org/lists/by-origin/english/
912,Dasso,swahili ,https://www.names.org/lists/by-origin/swahili/
913,Augustine,igbo,https://www.names.org/lists/by-origin/igbo/
914,Simba,swahili ,https://www.names.org/lists/by-origin/swahili/
915,Elion,igbo,https://www.names.org/lists/by-origin/igbo/
916,Vanheerden,african dutch (afrikaans) ,https://www.names.org/lists/by-origin/african-dutch-afrikaans-/
917,Dixson,african-american,https://www.names.org/lists/by-origin/african/
918,Tristan,african dutch (afrikaans) ,https://www.names.org/lists/by-origin/african-dutch-afrikaans-/
919,Offor,igbo,https://www.names.org/lists/by-origin/igbo/
920,Johnson,english,https://www.names.org/lists/by-origin/english/
921,Myers,english,https://www.names.org/lists/by-origin/english/
922,Zandri,african dutch (afrikaans) ,https://www.names.org/lists/by-origin/african-dutch-afrikaans-/
923,Umile,xhosa,https://www.names.org/lists/by-origin/xhosa/
924,Tejan,yoruba,https://www.names.org/lists/by-origin/yoruba/
925,Oshana,african dutch (afrikaans) ,https://www.names.org/lists/by-origin/african-dutch-afrikaans-/
926,Christal,african dutch (afrikaans) ,https://www.names.org/lists/by-origin/african-dutch-afrikaans-/
927,Oshodi,yoruba,https://www.names.org/lists/by-origin/yoruba/
928,Rebal,arabic,https://www.names.org/lists/by-origin/arabic/
929,Haley,english,https://www.names.org/lists/by-origin/english/
930,Melon,amharic,https://www.names.org/lists/by-origin/amharic/
931,Sebastian,english,https://www.names.org/lists/by-origin/english/
932,Zende,swahili ,https://www.names.org/lists/by-origin/swahili/
933,Goodness,igbo,https://www.names.org/lists/by-origin/igbo/
934,Placide,swahili ,https://www.names.org/lists/by-origin/swahili/
935,Islam,arabic,https://www.names.org/lists/by-origin/arabic/
936,Teshome,amharic,https://www.names.org/lists/by-origin/amharic/
937,Casey,english,https://www.names.org/lists/by-origin/english/
938,Deng,african-american,https://www.names.org/lists/by-origin/african/
939,Nahom,african,https://www.names.org/lists/by-origin/african/
940,Karim,arabic,https://www.names.org/lists/by-origin/arabic/
941,Abera,amharic,https://www.names.org/lists/by-origin/amharic/
942,Bojang,african,https://www.names.org/lists/by-origin/african/
943,Linam,xhosa,https://www.names.org/lists/by-origin/xhosa/
944,Viljoen,african dutch (afrikaans) ,https://www.names.org/lists/by-origin/african-dutch-afrikaans-/
945,Adeleye,yoruba,https://www.names.org/lists/by-origin/yoruba/
946,Yonan,amharic,https://www.names.org/lists/by-origin/amharic/
947,Bol,amharic,https://www.names.org/lists/by-origin/amharic/
948,Falis,arabic,https://www.names.org/lists/by-origin/arabic/
949,Gold,african-american,https://www.names.org/lists/by-origin/african/
950,Ajayi,yoruba,https://www.names.org/lists/by-origin/yoruba/
951,Evans,english,https://www.names.org/lists/by-origin/english/
952,Bonnette,swahili ,https://www.names.org/lists/by-origin/swahili/
953,Lozan,amharic,https://www.names.org/lists/by-origin/amharic/
954,Ude,igbo,https://www.names.org/lists/by-origin/igbo/
955,Jabali,swahili ,https://www.names.org/lists/by-origin/swahili/
956,Jude,arabic,https://www.names.org/lists/by-origin/arabic/
957,Karimi,swahili ,https://www.names.org/lists/by-origin/swahili/
958,Abdi,african-american,https://www.names.org/lists/by-origin/african/
959,Ojukwu,igbo,https://www.names.org/lists/by-origin/igbo/
960,Heri,swahili ,https://www.names.org/lists/by-origin/swahili/
961,Sarumi,yoruba,https://www.names.org/lists/by-origin/yoruba/
962,Rhyno,african dutch (afrikaans) ,https://www.names.org/lists/by-origin/african-dutch-afrikaans-/
963,Manyama,swahili ,https://www.names.org/lists/by-origin/swahili/
964,Owolabi,yoruba,https://www.names.org/lists/by-origin/yoruba/
965,Strydom,african dutch (afrikaans) ,https://www.names.org/lists/by-origin/african-dutch-afrikaans-/
966,Amaya,english,https://www.names.org/lists/by-origin/english/
967,Aja,african,https://www.names.org/lists/by-origin/african/
968,Ade,yoruba,https://www.names.org/lists/by-origin/yoruba/
969,Queen,african-american,https://www.names.org/lists/by-origin/african/
970,Lencer,swahili ,https://www.names.org/lists/by-origin/swahili/
971,Haidy,arabic,https://www.names.org/lists/by-origin/arabic/
972,Sura,arabic,https://www.names.org/lists/by-origin/arabic/
973,Gracious,swahili ,https://www.names.org/lists/by-origin/swahili/
974,Bonheur,swahili ,https://www.names.org/lists/by-origin/swahili/
975,Wood,english,https://www.names.org/lists/by-origin/english/
976,Kuenzi,swahili ,https://www.names.org/lists/by-origin/swahili/
977,Toe,yoruba,https://www.names.org/lists/by-origin/yoruba/
978,Cronje,african dutch (afrikaans) ,https://www.names.org/lists/by-origin/african-dutch-afrikaans-/
979,Kassaye,amharic,https://www.names.org/lists/by-origin/amharic/
980,Dian,african dutch (afrikaans) ,https://www.names.org/lists/by-origin/african-dutch-afrikaans-/
981,Katende,swahili ,https://www.names.org/lists/by-origin/swahili/
982,Bose,african-american,https://www.names.org/lists/by-origin/african/
983,Niyah,african,https://www.names.org/lists/by-origin/african/
984,Done,african dutch (afrikaans) ,https://www.names.org/lists/by-origin/african-dutch-afrikaans-/
985,Amron,amharic,https://www.names.org/lists/by-origin/amharic/
986,Guled,arabic,https://www.names.org/lists/by-origin/arabic/
987,Ofori,african,https://www.names.org/lists/by-origin/african/
988,Elias,amharic,https://www.names.org/lists/by-origin/amharic/
989,Kani,arabic,https://www.names.org/lists/by-origin/arabic/
990,Brighton,swahili ,https://www.names.org/lists/by-origin/swahili/
991,Nigatu,amharic,https://www.names.org/lists/by-origin/amharic/
992,Davido,igbo,https://www.names.org/lists/by-origin/igbo/
993,Saeed,arabic,https://www.names.org/lists/by-origin/arabic/
994,Bayoh,yoruba,https://www.names.org/lists/by-origin/yoruba/
995,Grant,english,https://www.names.org/lists/by-origin/english/
996,Besong,african,https://www.names.org/lists/by-origin/african/
997,Omary,swahili ,https://www.names.org/lists/by-origin/swahili/
998,Wessels,african dutch (afrikaans) ,https://www.names.org/lists/by-origin/african-dutch-afrikaans-/
999,Bravin,swahili ,https://www.names.org/lists/by-origin/swahili/
1000,Kieran,english,https://www.names.org/lists/by-origin/english/
1001,Bekele,amharic,https://www.names.org/lists/by-origin/amharic/
1002,Zema,amharic,https://www.names.org/lists/by-origin/amharic/
1003,Ivie,african-american,https://www.names.org/lists/by-origin/african/
1004,Kay,english,https://www.names.org/lists/by-origin/english/
1005,Assefa,amharic,https://www.names.org/lists/by-origin/amharic/
1006,Barack,african,https://www.names.org/lists/by-origin/african/
1007,Gregory,english,https://www.names.org/lists/by-origin/english/
1008,Paige,english,https://www.names.org/lists/by-origin/english/
1009,Barnes,english,https://www.names.org/lists/by-origin/english/
1010,Zuke,arabic,https://www.names.org/lists/by-origin/arabic/
1011,Hamza,arabic,https://www.names.org/lists/by-origin/arabic/
1012,Saba,arabic,https://www.names.org/lists/by-origin/arabic/
1013,Kassahun,amharic,https://www.names.org/lists/by-origin/amharic/
1014,Raven,african,https://www.names.org/lists/by-origin/african/
1015,Everette,african-american,https://www.names.org/lists/by-origin/african/
1016,Manaia,english,https://www.names.org/lists/by-origin/english/
1017,Nwankwo,igbo,https://www.names.org/lists/by-origin/igbo/
1018,Kearse,african-american,https://www.names.org/lists/by-origin/african/
1019,Arinze,african,https://www.names.org/lists/by-origin/african/
1020,Letwin,xhosa,https://www.names.org/lists/by-origin/xhosa/
1021,Eden,amharic,https://www.names.org/lists/by-origin/amharic/
1022,Thierry,swahili ,https://www.names.org/lists/by-origin/swahili/
1023,Maddison,english,https://www.names.org/lists/by-origin/english/
1024,Smail,arabic,https://www.names.org/lists/by-origin/arabic/
1025,Moline,african-american,https://www.names.org/lists/by-origin/african/
1026,Alade,yoruba,https://www.names.org/lists/by-origin/yoruba/
1027,Mwangi,swahili ,https://www.names.org/lists/by-origin/swahili/
1028,Kobie,swahili ,https://www.names.org/lists/by-origin/swahili/
1029,Aluko,yoruba,https://www.names.org/lists/by-origin/yoruba/
1030,Lynn,english,https://www.names.org/lists/by-origin/english/
1031,Amaker,african dutch (afrikaans) ,https://www.names.org/lists/by-origin/african-dutch-afrikaans-/
1032,Sain,arabic,https://www.names.org/lists/by-origin/arabic/
1033,Busi,xhosa,https://www.names.org/lists/by-origin/xhosa/
1034,Tacha,yoruba,https://www.names.org/lists/by-origin/yoruba/
1035,Samora,swahili ,https://www.names.org/lists/by-origin/swahili/
1036,Dada,yoruba,https://www.names.org/lists/by-origin/yoruba/
1037,Mervis,swahili ,https://www.names.org/lists/by-origin/swahili/
1038,Tando,xhosa,https://www.names.org/lists/by-origin/xhosa/
1039,Salem,arabic,https://www.names.org/lists/by-origin/arabic/
1040,Olaniyan,yoruba,https://www.names.org/lists/by-origin/yoruba/
1041,Nasir,arabic,https://www.names.org/lists/by-origin/arabic/
1042,Amoy,english,https://www.names.org/lists/by-origin/english/
1043,Badmus,yoruba,https://www.names.org/lists/by-origin/yoruba/
1044,Hall,english,https://www.names.org/lists/by-origin/english/
1045,Gbadamosi,yoruba,https://www.names.org/lists/by-origin/yoruba/
1046,Conteh,african,https://www.names.org/lists/by-origin/african/
1047,Shemar,english,https://www.names.org/lists/by-origin/english/
1048,Danile,xhosa,https://www.names.org/lists/by-origin/xhosa/
1049,Karanja,swahili ,https://www.names.org/lists/by-origin/swahili/
1050,Mansour,arabic,https://www.names.org/lists/by-origin/arabic/
1051,Bhele,xhosa,https://www.names.org/lists/by-origin/xhosa/
1052,Tabby,arabic,https://www.names.org/lists/by-origin/arabic/
1053,Enzi,swahili ,https://www.names.org/lists/by-origin/swahili/
1054,Baldivia,arabic,https://www.names.org/lists/by-origin/arabic/
1055,Andrieux,xhosa,https://www.names.org/lists/by-origin/xhosa/
1056,Millen,african-american,https://www.names.org/lists/by-origin/african/
1057,Quinter,swahili ,https://www.names.org/lists/by-origin/swahili/
1058,Sackor,african,https://www.names.org/lists/by-origin/african/
1059,Adeoye,yoruba,https://www.names.org/lists/by-origin/yoruba/
1060,Nwosu,igbo,https://www.names.org/lists/by-origin/igbo/
1061,Kunle,yoruba,https://www.names.org/lists/by-origin/yoruba/
1062,Howard,english,https://www.names.org/lists/by-origin/english/
1063,Tolo,xhosa,https://www.names.org/lists/by-origin/xhosa/
1064,Askari,swahili ,https://www.names.org/lists/by-origin/swahili/
1065,Koos,african dutch (afrikaans) ,https://www.names.org/lists/by-origin/african-dutch-afrikaans-/
1066,Hyder,arabic,https://www.names.org/lists/by-origin/arabic/
1067,Boateng,african-american,https://www.names.org/lists/by-origin/african/
1068,Meray,arabic,https://www.names.org/lists/by-origin/arabic/
1069,Bangura,african,https://www.names.org/lists/by-origin/african/
1070,Kebede,amharic,https://www.names.org/lists/by-origin/amharic/
1071,Asfaw,amharic,https://www.names.org/lists/by-origin/amharic/
1072,Devin,english,https://www.names.org/lists/by-origin/english/
1073,Sosna,amharic,https://www.names.org/lists/by-origin/amharic/
1074,Goosen,african dutch (afrikaans) ,https://www.names.org/lists/by-origin/african-dutch-afrikaans-/
1075,Bayo,yoruba,https://www.names.org/lists/by-origin/yoruba/
1076,Adey,amharic,https://www.names.org/lists/by-origin/amharic/
1077,Lourens,african dutch (afrikaans) ,https://www.names.org/lists/by-origin/african-dutch-afrikaans-/
1078,Shaheen,arabic,https://www.names.org/lists/by-origin/arabic/
1079,Oge,igbo,https://www.names.org/lists/by-origin/igbo/
1080,Hajer,arabic,https://www.names.org/lists/by-origin/arabic/
1081,Lema,arabic,https://www.names.org/lists/by-origin/arabic/
1082,Badenhorst,african dutch (afrikaans) ,https://www.names.org/lists/by-origin/african-dutch-afrikaans-/
1083,Mohammad,arabic,https://www.names.org/lists/by-origin/arabic/
1084,Babalola,yoruba,https://www.names.org/lists/by-origin/yoruba/
1085,Malique,english,https://www.names.org/lists/by-origin/english/
1086,Filimon,amharic,https://www.names.org/lists/by-origin/amharic/
1087,Tarawally,african,https://www.names.org/lists/by-origin/african/
1088,Rand,arabic,https://www.names.org/lists/by-origin/arabic/
1089,Shannon,english,https://www.names.org/lists/by-origin/english/
1090,Benyas,african,https://www.names.org/lists/by-origin/african/
1091,Sisay,amharic,https://www.names.org/lists/by-origin/amharic/
1092,Enas,arabic,https://www.names.org/lists/by-origin/arabic/
1093,Zaman,arabic,https://www.names.org/lists/by-origin/arabic/
1094,Tobel,amharic,https://www.names.org/lists/by-origin/amharic/
1095,Nega,amharic,https://www.names.org/lists/by-origin/amharic/
1096,Donzo,yoruba,https://www.names.org/lists/by-origin/yoruba/
1097,Quinn,english,https://www.names.org/lists/by-origin/english/
1098,Dairo,yoruba,https://www.names.org/lists/by-origin/yoruba/
1099,Nwokeji,igbo,https://www.names.org/lists/by-origin/igbo/
1100,Seven,english,https://www.names.org/lists/by-origin/english/
1101,Leesha,arabic,https://www.names.org/lists/by-origin/arabic/
1102,Bosco,swahili ,https://www.names.org/lists/by-origin/swahili/
1103,Gibran,arabic,https://www.names.org/lists/by-origin/arabic/
1104,Fabregas,igbo,https://www.names.org/lists/by-origin/igbo/
1105,Hasan,arabic,https://www.names.org/lists/by-origin/arabic/
1106,Dominion,yoruba,https://www.names.org/lists/by-origin/yoruba/
1107,Zamaria,swahili ,https://www.names.org/lists/by-origin/swahili/
1108,Shallon,swahili ,https://www.names.org/lists/by-origin/swahili/
1109,Mengesha,amharic,https://www.names.org/lists/by-origin/amharic/
1110,Hayden,english,https://www.names.org/lists/by-origin/english/
1111,Ramlo,arabic,https://www.names.org/lists/by-origin/arabic/
1112,Rickus,african dutch (afrikaans) ,https://www.names.org/lists/by-origin/african-dutch-afrikaans-/
1113,Koepka,english,https://www.names.org/lists/by-origin/english/
1114,Drammeh,african,https://www.names.org/lists/by-origin/african/
1115,Wurie,african,https://www.names.org/lists/by-origin/african/
1116,Yohana,amharic,https://www.names.org/lists/by-origin/amharic/
1117,Balen,arabic,https://www.names.org/lists/by-origin/arabic/
1118,Hodo,arabic,https://www.names.org/lists/by-origin/arabic/
1119,Agwu,igbo,https://www.names.org/lists/by-origin/igbo/
1120,Mine,african dutch (afrikaans) ,https://www.names.org/lists/by-origin/african-dutch-afrikaans-/
1121,Femi,yoruba,https://www.names.org/lists/by-origin/yoruba/
1122,Ndubisi,igbo,https://www.names.org/lists/by-origin/igbo/
1123,Farris,arabic,https://www.names.org/lists/by-origin/arabic/
1124,Brown,african-american,https://www.names.org/lists/by-origin/african/
1125,Inama,swahili ,https://www.names.org/lists/by-origin/swahili/
1126,Omara,arabic,https://www.names.org/lists/by-origin/arabic/
1127,Kangethe,swahili ,https://www.names.org/lists/by-origin/swahili/
1128,Ezechukwu,igbo,https://www.names.org/lists/by-origin/igbo/
1129,Sila,arabic,https://www.names.org/lists/by-origin/arabic/
1130,Alexa,english,https://www.names.org/lists/by-origin/english/
1131,Muma,xhosa,https://www.names.org/lists/by-origin/xhosa/
1132,Grena,xhosa,https://www.names.org/lists/by-origin/xhosa/
1133,Amoo,igbo,https://www.names.org/lists/by-origin/igbo/
1134,Luttig,african dutch (afrikaans) ,https://www.names.org/lists/by-origin/african-dutch-afrikaans-/
1135,Dak,african,https://www.names.org/lists/by-origin/african/
1136,Jabari,swahili ,https://www.names.org/lists/by-origin/swahili/
1137,Jackson,english,https://www.names.org/lists/by-origin/english/
1138,Blue,english,https://www.names.org/lists/by-origin/english/
1139,Tsegaye,amharic,https://www.names.org/lists/by-origin/amharic/
1140,Anick,swahili ,https://www.names.org/lists/by-origin/swahili/
1141,Yohannes,amharic,https://www.names.org/lists/by-origin/amharic/
1142,Miraldi,african dutch (afrikaans) ,https://www.names.org/lists/by-origin/african-dutch-afrikaans-/
1143,Legesse,amharic,https://www.names.org/lists/by-origin/amharic/
1144,Tango,xhosa,https://www.names.org/lists/by-origin/xhosa/
1145,Alier,amharic,https://www.names.org/lists/by-origin/amharic/
1146,Thomas,african dutch (afrikaans) ,https://www.names.org/lists/by-origin/african-dutch-afrikaans-/
1147,Zaya,arabic,https://www.names.org/lists/by-origin/arabic/
1148,Lima,arabic,https://www.names.org/lists/by-origin/arabic/
1149,Polite,african-american,https://www.names.org/lists/by-origin/african/
1150,Sharif,arabic,https://www.names.org/lists/by-origin/arabic/
1151,Omotosho,yoruba,https://www.names.org/lists/by-origin/yoruba/
1152,West,english,https://www.names.org/lists/by-origin/english/
1153,Mulugeta,amharic,https://www.names.org/lists/by-origin/amharic/
1154,Selwa,amharic,https://www.names.org/lists/by-origin/amharic/
1155,Nyakundi,swahili ,https://www.names.org/lists/by-origin/swahili/
1156,Warda,yoruba,https://www.names.org/lists/by-origin/yoruba/
1157,Magano,african dutch (afrikaans) ,https://www.names.org/lists/by-origin/african-dutch-afrikaans-/
1158,Hothan,arabic,https://www.names.org/lists/by-origin/arabic/
1159,Hailemariam,amharic,https://www.names.org/lists/by-origin/amharic/
1160,Amran,amharic,https://www.names.org/lists/by-origin/amharic/
1161,Masinga,xhosa,https://www.names.org/lists/by-origin/xhosa/
1162,Balogun,yoruba,https://www.names.org/lists/by-origin/yoruba/
1163,Agboola,yoruba,https://www.names.org/lists/by-origin/yoruba/
1164,Shang,arabic,https://www.names.org/lists/by-origin/arabic/
1165,Brooke,english,https://www.names.org/lists/by-origin/english/
1166,Fluckiger,arabic,https://www.names.org/lists/by-origin/arabic/
1167,Youssef,arabic,https://www.names.org/lists/by-origin/arabic/
1168,Nasser,arabic,https://www.names.org/lists/by-origin/arabic/
1169,Carel,african dutch (afrikaans) ,https://www.names.org/lists/by-origin/african-dutch-afrikaans-/
1170,Ammon,african-american,https://www.names.org/lists/by-origin/african/
1171,Denyse,swahili ,https://www.names.org/lists/by-origin/swahili/
1172,Dries,african dutch (afrikaans) ,https://www.names.org/lists/by-origin/african-dutch-afrikaans-/
1173,Momoh,african,https://www.names.org/lists/by-origin/african/
1174,Odom,african-american,https://www.names.org/lists/by-origin/african/
1175,Mandela,amharic,https://www.names.org/lists/by-origin/amharic/
1176,Hayley,english,https://www.names.org/lists/by-origin/english/
1177,Edwards,english,https://www.names.org/lists/by-origin/english/
1178,Oke,yoruba,https://www.names.org/lists/by-origin/yoruba/
1179,Chuma,african dutch (afrikaans) ,https://www.names.org/lists/by-origin/african-dutch-afrikaans-/
1180,Isack,swahili ,https://www.names.org/lists/by-origin/swahili/
1181,Muha,arabic,https://www.names.org/lists/by-origin/arabic/
1182,Ugorji,igbo,https://www.names.org/lists/by-origin/igbo/
1183,Uzoma,igbo,https://www.names.org/lists/by-origin/igbo/
1184,Liyana,african,https://www.names.org/lists/by-origin/african/
1185,Khairi,swahili ,https://www.names.org/lists/by-origin/swahili/
1186,Malik,arabic,https://www.names.org/lists/by-origin/arabic/
1187,Rochelle,english,https://www.names.org/lists/by-origin/english/
1188,Adekoya,yoruba,https://www.names.org/lists/by-origin/yoruba/
1189,Seifu,amharic,https://www.names.org/lists/by-origin/amharic/
1190,Dean,english,https://www.names.org/lists/by-origin/english/
1191,Nauman,arabic,https://www.names.org/lists/by-origin/arabic/
1192,Lebron,african-american,https://www.names.org/lists/by-origin/african/
1193,Blane,amharic,https://www.names.org/lists/by-origin/amharic/
1194,Roets,african dutch (afrikaans) ,https://www.names.org/lists/by-origin/african-dutch-afrikaans-/
1195,Siddiqui,arabic,https://www.names.org/lists/by-origin/arabic/
1196,Rawan,arabic,https://www.names.org/lists/by-origin/arabic/
1197,Piper,english,https://www.names.org/lists/by-origin/english/
1198,Hazard,arabic,https://www.names.org/lists/by-origin/arabic/
1199,Sarata,african,https://www.names.org/lists/by-origin/african/
1200,Zandi,xhosa,https://www.names.org/lists/by-origin/xhosa/
1201,Prusha,arabic,https://www.names.org/lists/by-origin/arabic/
1202,Anel,african dutch (afrikaans) ,https://www.names.org/lists/by-origin/african-dutch-afrikaans-/
1203,Salum,swahili ,https://www.names.org/lists/by-origin/swahili/
1204,Haddy,african,https://www.names.org/lists/by-origin/african/
1205,Nwaneri,igbo,https://www.names.org/lists/by-origin/igbo/
1206,Melaku,amharic,https://www.names.org/lists/by-origin/amharic/
1207,Gabriel,african dutch (afrikaans) ,https://www.names.org/lists/by-origin/african-dutch-afrikaans-/
1208,Okezie,igbo,https://www.names.org/lists/by-origin/igbo/
1209,Puga,swahili ,https://www.names.org/lists/by-origin/swahili/
1210,Georgio,arabic,https://www.names.org/lists/by-origin/arabic/
1211,Mirabel,yoruba,https://www.names.org/lists/by-origin/yoruba/
1212,Chukwurah,igbo,https://www.names.org/lists/by-origin/igbo/
1213,Kais,arabic,https://www.names.org/lists/by-origin/arabic/
1214,Edrich,african dutch (afrikaans) ,https://www.names.org/lists/by-origin/african-dutch-afrikaans-/
1215,Sahai,swahili ,https://www.names.org/lists/by-origin/swahili/
1216,Kromah,african,https://www.names.org/lists/by-origin/african/
1217,Kaya,african,https://www.names.org/lists/by-origin/african/
1218,Haykel,amharic,https://www.names.org/lists/by-origin/amharic/
1219,Awe,yoruba,https://www.names.org/lists/by-origin/yoruba/
1220,Roa,arabic,https://www.names.org/lists/by-origin/arabic/
1221,Gibson,english,https://www.names.org/lists/by-origin/english/
1222,Ogu,igbo,https://www.names.org/lists/by-origin/igbo/
1223,Ream,arabic,https://www.names.org/lists/by-origin/arabic/
1224,Marana,arabic,https://www.names.org/lists/by-origin/arabic/
1225,Masten,swahili ,https://www.names.org/lists/by-origin/swahili/
1226,Kalaj,arabic,https://www.names.org/lists/by-origin/arabic/
1227,Hill,english,https://www.names.org/lists/by-origin/english/
1228,Mozingo,african-american,https://www.names.org/lists/by-origin/african/
1229,Kemi,african,https://www.names.org/lists/by-origin/african/
1230,Ekeh,igbo,https://www.names.org/lists/by-origin/igbo/
1231,Hala,amharic,https://www.names.org/lists/by-origin/amharic/
1232,Naude,african dutch (afrikaans) ,https://www.names.org/lists/by-origin/african-dutch-afrikaans-/
1233,Habtu,amharic,https://www.names.org/lists/by-origin/amharic/
1234,Miral,arabic,https://www.names.org/lists/by-origin/arabic/
1235,Okoronkwo,igbo,https://www.names.org/lists/by-origin/igbo/
1236,Zahra,arabic,https://www.names.org/lists/by-origin/arabic/
1237,Obara,yoruba,https://www.names.org/lists/by-origin/yoruba/
1238,Timi,yoruba,https://www.names.org/lists/by-origin/yoruba/
1239,Morata,igbo,https://www.names.org/lists/by-origin/igbo/
1240,Pedre,african dutch (afrikaans) ,https://www.names.org/lists/by-origin/african-dutch-afrikaans-/
1241,Baraka,swahili ,https://www.names.org/lists/by-origin/swahili/
1242,Bockarie,african,https://www.names.org/lists/by-origin/african/
1243,Bryan,english,https://www.names.org/lists/by-origin/english/
1244,Hydara,african,https://www.names.org/lists/by-origin/african/
1245,Ojong,african,https://www.names.org/lists/by-origin/african/
1246,Raun,african dutch (afrikaans) ,https://www.names.org/lists/by-origin/african-dutch-afrikaans-/
1247,Beaman,african-american,https://www.names.org/lists/by-origin/african/
1248,Tesfaye,amharic,https://www.names.org/lists/by-origin/amharic/
1249,Adedeji,yoruba,https://www.names.org/lists/by-origin/yoruba/
1250,Morgan,english,https://www.names.org/lists/by-origin/english/
1251,Demeke,amharic,https://www.names.org/lists/by-origin/amharic/
1252,Ezeani,igbo,https://www.names.org/lists/by-origin/igbo/
1253,Muchiri,swahili ,https://www.names.org/lists/by-origin/swahili/
1254,Heben,amharic,https://www.names.org/lists/by-origin/amharic/
1255,Yanos,amharic,https://www.names.org/lists/by-origin/amharic/
1256,Inga,xhosa,https://www.names.org/lists/by-origin/xhosa/
1257,Kayden,english,https://www.names.org/lists/by-origin/english/
1258,Dana,arabic,https://www.names.org/lists/by-origin/arabic/
1259,Ross,english,https://www.names.org/lists/by-origin/english/
1260,Menelik,amharic,https://www.names.org/lists/by-origin/amharic/
1261,Rodrigue,swahili ,https://www.names.org/lists/by-origin/swahili/
1262,Yanda,xhosa,https://www.names.org/lists/by-origin/xhosa/
1263,Bethany,english,https://www.names.org/lists/by-origin/english/
1264,Zamar,igbo,https://www.names.org/lists/by-origin/igbo/
1265,Zee,arabic,https://www.names.org/lists/by-origin/arabic/
1266,Naftal,african dutch (afrikaans) ,https://www.names.org/lists/by-origin/african-dutch-afrikaans-/
1267,Hash,arabic,https://www.names.org/lists/by-origin/arabic/
1268,Adeniyi,yoruba,https://www.names.org/lists/by-origin/yoruba/
1269,Blake,english,https://www.names.org/lists/by-origin/english/
1270,Animashaun,yoruba,https://www.names.org/lists/by-origin/yoruba/
1271,Albertus,african dutch (afrikaans) ,https://www.names.org/lists/by-origin/african-dutch-afrikaans-/
1272,Theunis,african dutch (afrikaans) ,https://www.names.org/lists/by-origin/african-dutch-afrikaans-/
1273,Chungu,xhosa,https://www.names.org/lists/by-origin/xhosa/
1274,Zama,xhosa,https://www.names.org/lists/by-origin/xhosa/
1275,Rovan,arabic,https://www.names.org/lists/by-origin/arabic/
1276,Hekking,african dutch (afrikaans) ,https://www.names.org/lists/by-origin/african-dutch-afrikaans-/
1277,Mabaso,african dutch (afrikaans) ,https://www.names.org/lists/by-origin/african-dutch-afrikaans-/
1278,Omole,yoruba,https://www.names.org/lists/by-origin/yoruba/
1279,Anika,english,https://www.names.org/lists/by-origin/english/
1280,Ngandwe,xhosa,https://www.names.org/lists/by-origin/xhosa/
1281,Laiza,arabic,https://www.names.org/lists/by-origin/arabic/
1282,Ladouce,swahili ,https://www.names.org/lists/by-origin/swahili/
1283,Manna,arabic,https://www.names.org/lists/by-origin/arabic/
1284,Hanna,amharic,https://www.names.org/lists/by-origin/amharic/
1285,Mohamud,arabic,https://www.names.org/lists/by-origin/arabic/
1286,Munthali,swahili ,https://www.names.org/lists/by-origin/swahili/
1287,Ferris,arabic,https://www.names.org/lists/by-origin/arabic/
1288,Iheme,igbo,https://www.names.org/lists/by-origin/igbo/
1289,Zane,african dutch (afrikaans) ,https://www.names.org/lists/by-origin/african-dutch-afrikaans-/
1290,Nun,african,https://www.names.org/lists/by-origin/african/
1291,Mekus,african,https://www.names.org/lists/by-origin/african/
1292,Irvin,arabic,https://www.names.org/lists/by-origin/arabic/
1293,Fana,amharic,https://www.names.org/lists/by-origin/amharic/
1294,Reydel,arabic,https://www.names.org/lists/by-origin/arabic/
1295,Tunis,arabic,https://www.names.org/lists/by-origin/arabic/
1296,Tambo,swahili ,https://www.names.org/lists/by-origin/swahili/
1297,Ray,english,https://www.names.org/lists/by-origin/english/
1298,Natan,amharic,https://www.names.org/lists/by-origin/amharic/
1299,Areen,arabic,https://www.names.org/lists/by-origin/arabic/
1300,Ayan,arabic,https://www.names.org/lists/by-origin/arabic/
1301,Ayeni,yoruba,https://www.names.org/lists/by-origin/yoruba/
1302,Kante,igbo,https://www.names.org/lists/by-origin/igbo/
1303,Zola,swahili ,https://www.names.org/lists/by-origin/swahili/
1304,Bilen,amharic,https://www.names.org/lists/by-origin/amharic/
1305,Connor,english,https://www.names.org/lists/by-origin/english/
1306,Sowa,african-american,https://www.names.org/lists/by-origin/african/
1307,Asam,igbo,https://www.names.org/lists/by-origin/igbo/
1308,Okonkwo,igbo,https://www.names.org/lists/by-origin/igbo/
1309,Kobus,african dutch (afrikaans) ,https://www.names.org/lists/by-origin/african-dutch-afrikaans-/
1310,Barkon,amharic,https://www.names.org/lists/by-origin/amharic/
1311,Noel,amharic,https://www.names.org/lists/by-origin/amharic/
1312,Petina,arabic,https://www.names.org/lists/by-origin/arabic/
1313,Darcy,english,https://www.names.org/lists/by-origin/english/
1314,Praise,african,https://www.names.org/lists/by-origin/african/
1315,Davis,english,https://www.names.org/lists/by-origin/english/
1316,Azari,african,https://www.names.org/lists/by-origin/african/
1317,Davilla,swahili ,https://www.names.org/lists/by-origin/swahili/
1318,Malama,xhosa,https://www.names.org/lists/by-origin/xhosa/
1319,Okolo,yoruba,https://www.names.org/lists/by-origin/yoruba/
1320,Simon,african dutch (afrikaans) ,https://www.names.org/lists/by-origin/african-dutch-afrikaans-/
1321,Johari,swahili ,https://www.names.org/lists/by-origin/swahili/
1322,Makula,yoruba,https://www.names.org/lists/by-origin/yoruba/
1323,Almanzar,arabic,https://www.names.org/lists/by-origin/arabic/
1324,Shene,arabic,https://www.names.org/lists/by-origin/arabic/
1325,Bahle,xhosa,https://www.names.org/lists/by-origin/xhosa/
1326,Kasuba,xhosa,https://www.names.org/lists/by-origin/xhosa/
1327,Ockert,african dutch (afrikaans) ,https://www.names.org/lists/by-origin/african-dutch-afrikaans-/
1328,Makonnen,amharic,https://www.names.org/lists/by-origin/amharic/
1329,Maher,arabic,https://www.names.org/lists/by-origin/arabic/
1330,Henon,african,https://www.names.org/lists/by-origin/african/
1331,Boog,african dutch (afrikaans) ,https://www.names.org/lists/by-origin/african-dutch-afrikaans-/
1332,Omari,african,https://www.names.org/lists/by-origin/african/
1333,Nalla,swahili ,https://www.names.org/lists/by-origin/swahili/
1334,Aziz,arabic,https://www.names.org/lists/by-origin/arabic/
1335,Emani,swahili ,https://www.names.org/lists/by-origin/swahili/
1336,Lass,arabic,https://www.names.org/lists/by-origin/arabic/
1337,Las,arabic,https://www.names.org/lists/by-origin/arabic/
1338,Douglas,english,https://www.names.org/lists/by-origin/english/
1339,Wesseh,african,https://www.names.org/lists/by-origin/african/
1340,Mamo,amharic,https://www.names.org/lists/by-origin/amharic/
1341,Liebenberg,african dutch (afrikaans) ,https://www.names.org/lists/by-origin/african-dutch-afrikaans-/
1342,Nael,arabic,https://www.names.org/lists/by-origin/arabic/
1343,Nobel,amharic,https://www.names.org/lists/by-origin/amharic/
1344,Ige,yoruba,https://www.names.org/lists/by-origin/yoruba/
1345,Dare,african-american,https://www.names.org/lists/by-origin/african/
1346,Avile,xhosa,https://www.names.org/lists/by-origin/xhosa/
1347,Omi,arabic,https://www.names.org/lists/by-origin/arabic/
1348,Hennie,african dutch (afrikaans) ,https://www.names.org/lists/by-origin/african-dutch-afrikaans-/
1349,Njoroge,swahili ,https://www.names.org/lists/by-origin/swahili/
1350,Teferi,amharic,https://www.names.org/lists/by-origin/amharic/
1351,Miski,arabic,https://www.names.org/lists/by-origin/arabic/
1352,Kanneh,yoruba,https://www.names.org/lists/by-origin/yoruba/
1353,Heinrich,african dutch (afrikaans) ,https://www.names.org/lists/by-origin/african-dutch-afrikaans-/
1354,Farah,arabic,https://www.names.org/lists/by-origin/arabic/
1355,Moore,english,https://www.names.org/lists/by-origin/english/
1356,Secilia,african dutch (afrikaans) ,https://www.names.org/lists/by-origin/african-dutch-afrikaans-/
1357,Ogbu,igbo,https://www.names.org/lists/by-origin/igbo/
1358,Almasi,swahili ,https://www.names.org/lists/by-origin/swahili/
1359,Landrine,swahili ,https://www.names.org/lists/by-origin/swahili/
1360,Yatta,yoruba,https://www.names.org/lists/by-origin/yoruba/
1361,Kayode,yoruba,https://www.names.org/lists/by-origin/yoruba/
1362,Lampard,igbo,https://www.names.org/lists/by-origin/igbo/
1363,Alemayehu,amharic,https://www.names.org/lists/by-origin/amharic/
1364,Asrat,amharic,https://www.names.org/lists/by-origin/amharic/
1365,Ene,igbo,https://www.names.org/lists/by-origin/igbo/
1366,Niles,african-american,https://www.names.org/lists/by-origin/african/
1367,Peo,xhosa,https://www.names.org/lists/by-origin/xhosa/
1368,Gebretsadik,amharic,https://www.names.org/lists/by-origin/amharic/
1369,Mitchelle,igbo,https://www.names.org/lists/by-origin/igbo/
1370,Cameron,english,https://www.names.org/lists/by-origin/english/
1371,Govender,african dutch (afrikaans) ,https://www.names.org/lists/by-origin/african-dutch-afrikaans-/
1372,Bolden,african-american,https://www.names.org/lists/by-origin/african/
1373,Chioma,african,https://www.names.org/lists/by-origin/african/
1374,Maritz,african dutch (afrikaans) ,https://www.names.org/lists/by-origin/african-dutch-afrikaans-/
1375,Addison,english,https://www.names.org/lists/by-origin/english/
1376,Sierra,english,https://www.names.org/lists/by-origin/english/
1377,Avery,english,https://www.names.org/lists/by-origin/english/
1378,Zai,english,https://www.names.org/lists/by-origin/english/
1379,Mene,african dutch (afrikaans) ,https://www.names.org/lists/by-origin/african-dutch-afrikaans-/
1380,Liben,amharic,https://www.names.org/lists/by-origin/amharic/
1381,Louw,african dutch (afrikaans) ,https://www.names.org/lists/by-origin/african-dutch-afrikaans-/
1382,Muwonge,swahili ,https://www.names.org/lists/by-origin/swahili/
1383,Falana,yoruba,https://www.names.org/lists/by-origin/yoruba/
1384,Adebayo,yoruba,https://www.names.org/lists/by-origin/yoruba/
1385,Jawara,swahili ,https://www.names.org/lists/by-origin/swahili/
1386,Emran,amharic,https://www.names.org/lists/by-origin/amharic/
1387,Shehu,igbo,https://www.names.org/lists/by-origin/igbo/
1388,Booi,african dutch (afrikaans) ,https://www.names.org/lists/by-origin/african-dutch-afrikaans-/
1389,Muhammad,arabic,https://www.names.org/lists/by-origin/arabic/
1390,Reynolds,english,https://www.names.org/lists/by-origin/english/
1391,Zewde,amharic,https://www.names.org/lists/by-origin/amharic/
1392,Romanus,igbo,https://www.names.org/lists/by-origin/igbo/
1393,Gizaw,amharic,https://www.names.org/lists/by-origin/amharic/
1394,Nwadike,igbo,https://www.names.org/lists/by-origin/igbo/
1395,Meron,african,https://www.names.org/lists/by-origin/african/
1396,Kinda,arabic,https://www.names.org/lists/by-origin/arabic/
1397,Griffin,english,https://www.names.org/lists/by-origin/english/
1398,Bah,african-american,https://www.names.org/lists/by-origin/african/
1399,Protas,swahili ,https://www.names.org/lists/by-origin/swahili/
1400,Tracey,english,https://www.names.org/lists/by-origin/english/
1401,Jaco,african dutch (afrikaans) ,https://www.names.org/lists/by-origin/african-dutch-afrikaans-/
1402,Uwaoma,igbo,https://www.names.org/lists/by-origin/igbo/
1403,Morris,english,https://www.names.org/lists/by-origin/english/
1404,Odum,african-american,https://www.names.org/lists/by-origin/african/
1405,Sarabi,swahili ,https://www.names.org/lists/by-origin/swahili/
1406,Amira,arabic,https://www.names.org/lists/by-origin/arabic/
1407,Aymen,amharic,https://www.names.org/lists/by-origin/amharic/
1408,Richardson,english,https://www.names.org/lists/by-origin/english/
1409,Neels,african dutch (afrikaans) ,https://www.names.org/lists/by-origin/african-dutch-afrikaans-/
1410,Travis,english,https://www.names.org/lists/by-origin/english/
1411,Quam,igbo,https://www.names.org/lists/by-origin/igbo/
1412,Reza,arabic,https://www.names.org/lists/by-origin/arabic/
1413,Toya,igbo,https://www.names.org/lists/by-origin/igbo/
1414,Amore,african dutch (afrikaans) ,https://www.names.org/lists/by-origin/african-dutch-afrikaans-/
1415,Luca,english,https://www.names.org/lists/by-origin/english/
1416,Bakare,yoruba,https://www.names.org/lists/by-origin/yoruba/
1417,Caristo,xhosa,https://www.names.org/lists/by-origin/xhosa/
1418,Simmons,english,https://www.names.org/lists/by-origin/english/
1419,Riley,english,https://www.names.org/lists/by-origin/english/
1420,Odunsi,yoruba,https://www.names.org/lists/by-origin/yoruba/
1421,Ezenwa,igbo,https://www.names.org/lists/by-origin/igbo/
1422,Sumaya,arabic,https://www.names.org/lists/by-origin/arabic/
1423,Favour,swahili ,https://www.names.org/lists/by-origin/swahili/
1424,Mekuria,amharic,https://www.names.org/lists/by-origin/amharic/
1425,Tope,yoruba,https://www.names.org/lists/by-origin/yoruba/
1426,Loor,arabic,https://www.names.org/lists/by-origin/arabic/
1427,Marcus,english,https://www.names.org/lists/by-origin/english/
1428,Karo,arabic,https://www.names.org/lists/by-origin/arabic/
1429,Desta,amharic,https://www.names.org/lists/by-origin/amharic/
1430,Maingi,swahili ,https://www.names.org/lists/by-origin/swahili/
1431,Onuoha,igbo,https://www.names.org/lists/by-origin/igbo/
1432,Dehan,african dutch (afrikaans) ,https://www.names.org/lists/by-origin/african-dutch-afrikaans-/
1433,Bonani,xhosa,https://www.names.org/lists/by-origin/xhosa/
1434,Giwa,yoruba,https://www.names.org/lists/by-origin/yoruba/
1435,Zachary,english,https://www.names.org/lists/by-origin/english/
1436,Divin,swahili ,https://www.names.org/lists/by-origin/swahili/
1437,Francois,african dutch (afrikaans) ,https://www.names.org/lists/by-origin/african-dutch-afrikaans-/
1438,Paris,english,https://www.names.org/lists/by-origin/english/
1439,Lame,xhosa,https://www.names.org/lists/by-origin/xhosa/
1440,Pahe,swahili ,https://www.names.org/lists/by-origin/swahili/
1441,Gabin,swahili ,https://www.names.org/lists/by-origin/swahili/
1442,Konneh,african,https://www.names.org/lists/by-origin/african/
1443,Nnamani,igbo,https://www.names.org/lists/by-origin/igbo/
1444,Mabe,african-american,https://www.names.org/lists/by-origin/african/
1445,Olanna,igbo,https://www.names.org/lists/by-origin/igbo/
1446,Inam,xhosa,https://www.names.org/lists/by-origin/xhosa/
1447,Lara,english,https://www.names.org/lists/by-origin/english/
1448,Imani,swahili ,https://www.names.org/lists/by-origin/swahili/
1449,Wondimu,amharic,https://www.names.org/lists/by-origin/amharic/
1450,Pomare,english,https://www.names.org/lists/by-origin/english/
1451,Wengel,amharic,https://www.names.org/lists/by-origin/amharic/
1452,Mathys,african dutch (afrikaans) ,https://www.names.org/lists/by-origin/african-dutch-afrikaans-/
1453,Goree,african-american,https://www.names.org/lists/by-origin/african/
1454,Daramy,yoruba,https://www.names.org/lists/by-origin/yoruba/
1455,Sipal,arabic,https://www.names.org/lists/by-origin/arabic/
1456,Keston,english,https://www.names.org/lists/by-origin/english/
1457,Een,arabic,https://www.names.org/lists/by-origin/arabic/
1458,Maduka,igbo,https://www.names.org/lists/by-origin/igbo/
1459,Vilakazi,african dutch (afrikaans) ,https://www.names.org/lists/by-origin/african-dutch-afrikaans-/
1460,Sanneh,african,https://www.names.org/lists/by-origin/african/
1461,Kelsey,english,https://www.names.org/lists/by-origin/english/
1462,Gittens,african-american,https://www.names.org/lists/by-origin/african/
1463,Teta,yoruba,https://www.names.org/lists/by-origin/yoruba/
1464,Hunter,english,https://www.names.org/lists/by-origin/english/
1465,Olivier,swahili ,https://www.names.org/lists/by-origin/swahili/
1466,Durban,african dutch (afrikaans) ,https://www.names.org/lists/by-origin/african-dutch-afrikaans-/
1467,Prince,african dutch (afrikaans) ,https://www.names.org/lists/by-origin/african-dutch-afrikaans-/
1468,Okon,igbo,https://www.names.org/lists/by-origin/igbo/
1469,Zino,igbo,https://www.names.org/lists/by-origin/igbo/
1470,Arendse,african dutch (afrikaans) ,https://www.names.org/lists/by-origin/african-dutch-afrikaans-/
1471,Worku,amharic,https://www.names.org/lists/by-origin/amharic/
1472,Thys,african dutch (afrikaans) ,https://www.names.org/lists/by-origin/african-dutch-afrikaans-/
1473,Berejiklian,english,https://www.names.org/lists/by-origin/english/
1474,Masa,xhosa,https://www.names.org/lists/by-origin/xhosa/
1475,Dieudonne,swahili ,https://www.names.org/lists/by-origin/swahili/
1476,Achebe,igbo,https://www.names.org/lists/by-origin/igbo/
1477,Neufville,african,https://www.names.org/lists/by-origin/african/
1478,Yared,amharic,https://www.names.org/lists/by-origin/amharic/
1479,Iheanacho,igbo,https://www.names.org/lists/by-origin/igbo/
1480,Ahmad,arabic,https://www.names.org/lists/by-origin/arabic/
1481,Scott,english,https://www.names.org/lists/by-origin/english/
1482,Micke,african dutch (afrikaans) ,https://www.names.org/lists/by-origin/african-dutch-afrikaans-/
1483,Satta,yoruba,https://www.names.org/lists/by-origin/yoruba/
1484,Kenyon,african-american,https://www.names.org/lists/by-origin/african/
1485,Sampa,xhosa,https://www.names.org/lists/by-origin/xhosa/
1486,Wale,yoruba,https://www.names.org/lists/by-origin/yoruba/
1487,Simone,african dutch (afrikaans) ,https://www.names.org/lists/by-origin/african-dutch-afrikaans-/
1488,Mathna,swahili ,https://www.names.org/lists/by-origin/swahili/
1489,Saraya,arabic,https://www.names.org/lists/by-origin/arabic/
1490,Aklilu,amharic,https://www.names.org/lists/by-origin/amharic/
1491,Camara,african-american,https://www.names.org/lists/by-origin/african/
1492,Akar,arabic,https://www.names.org/lists/by-origin/arabic/
1493,Zamani,african,https://www.names.org/lists/by-origin/african/
1494,Saron,african,https://www.names.org/lists/by-origin/african/
1495,Chisum,igbo,https://www.names.org/lists/by-origin/igbo/
1496,Varney,african,https://www.names.org/lists/by-origin/african/
1497,Peris,swahili ,https://www.names.org/lists/by-origin/swahili/
1498,Duro,yoruba,https://www.names.org/lists/by-origin/yoruba/
1499,Bethel,african-american,https://www.names.org/lists/by-origin/african/
1500,Courtney,english,https://www.names.org/lists/by-origin/english/
1501,Cascia,arabic,https://www.names.org/lists/by-origin/arabic/
1502,Johannes,african-american,https://www.names.org/lists/by-origin/african/
1503,Gordon,english,https://www.names.org/lists/by-origin/english/
1504,Alozie,igbo,https://www.names.org/lists/by-origin/igbo/
1505,Ebie,igbo,https://www.names.org/lists/by-origin/igbo/
1506,Dhliwayo,xhosa,https://www.names.org/lists/by-origin/xhosa/
1507,Ford,english,https://www.names.org/lists/by-origin/english/
1508,Lamin,african,https://www.names.org/lists/by-origin/african/
1509,Willow,english,https://www.names.org/lists/by-origin/english/
1510,Aro,arabic,https://www.names.org/lists/by-origin/arabic/
1511,Broom,african-american,https://www.names.org/lists/by-origin/african/
1512,Renier,african dutch (afrikaans) ,https://www.names.org/lists/by-origin/african-dutch-afrikaans-/
1513,Asante,swahili ,https://www.names.org/lists/by-origin/swahili/
1514,Njuguna,swahili ,https://www.names.org/lists/by-origin/swahili/
1515,Matta,arabic,https://www.names.org/lists/by-origin/arabic/
1516,Iwuagwu,igbo,https://www.names.org/lists/by-origin/igbo/
1517,Mennen,amharic,https://www.names.org/lists/by-origin/amharic/
1518,Koda,english,https://www.names.org/lists/by-origin/english/
1519,Perry,english,https://www.names.org/lists/by-origin/english/
1520,Powell,english,https://www.names.org/lists/by-origin/english/
1521,Lekan,yoruba,https://www.names.org/lists/by-origin/yoruba/
1522,Angus,english,https://www.names.org/lists/by-origin/english/
1523,Beyers,african dutch (afrikaans) ,https://www.names.org/lists/by-origin/african-dutch-afrikaans-/
1524,Minaur,english,https://www.names.org/lists/by-origin/english/
1525,Soka,xhosa,https://www.names.org/lists/by-origin/xhosa/
1526,Adeniran,yoruba,https://www.names.org/lists/by-origin/yoruba/
1527,Ugwu,igbo,https://www.names.org/lists/by-origin/igbo/
1528,Ward,english,https://www.names.org/lists/by-origin/english/
1529,Lamar,arabic,https://www.names.org/lists/by-origin/arabic/
1530,Eke,igbo,https://www.names.org/lists/by-origin/igbo/
1531,Jore,yoruba,https://www.names.org/lists/by-origin/yoruba/
1532,Te,english,https://www.names.org/lists/by-origin/english/
1533,Tayo,african,https://www.names.org/lists/by-origin/african/
1534,Medina,arabic,https://www.names.org/lists/by-origin/arabic/
1535,Freeman,english,https://www.names.org/lists/by-origin/english/
1536,Lilly,english,https://www.names.org/lists/by-origin/english/
1537,Navas,arabic,https://www.names.org/lists/by-origin/arabic/
1538,Phillips,english,https://www.names.org/lists/by-origin/english/
1539,Saheed,yoruba,https://www.names.org/lists/by-origin/yoruba/
1540,Negussie,amharic,https://www.names.org/lists/by-origin/amharic/
1541,Ebben,african dutch (afrikaans) ,https://www.names.org/lists/by-origin/african-dutch-afrikaans-/
1542,Moses,african dutch (afrikaans) ,https://www.names.org/lists/by-origin/african-dutch-afrikaans-/
1543,Weah,yoruba,https://www.names.org/lists/by-origin/yoruba/
1544,Brooks,english,https://www.names.org/lists/by-origin/english/
1545,Foster,english,https://www.names.org/lists/by-origin/english/
1546,Oladipo,yoruba,https://www.names.org/lists/by-origin/yoruba/
1547,Ogbuehi,igbo,https://www.names.org/lists/by-origin/igbo/
1548,Adewale,yoruba,https://www.names.org/lists/by-origin/yoruba/
1549,Craig,english,https://www.names.org/lists/by-origin/english/
1550,Wright,english,https://www.names.org/lists/by-origin/english/
1551,Kadian,english,https://www.names.org/lists/by-origin/english/
1552,Miller,english,https://www.names.org/lists/by-origin/english/
1553,Nwigwe,igbo,https://www.names.org/lists/by-origin/igbo/
1554,Okorie,igbo,https://www.names.org/lists/by-origin/igbo/
1555,Leen,arabic,https://www.names.org/lists/by-origin/arabic/
1556,Gerson,african dutch (afrikaans) ,https://www.names.org/lists/by-origin/african-dutch-afrikaans-/
1557,Woldeselassie,amharic,https://www.names.org/lists/by-origin/amharic/
1558,Louwrens,african dutch (afrikaans) ,https://www.names.org/lists/by-origin/african-dutch-afrikaans-/
1559,Rana,arabic,https://www.names.org/lists/by-origin/arabic/
1560,Molefe,african dutch (afrikaans) ,https://www.names.org/lists/by-origin/african-dutch-afrikaans-/
1561,Buti,xhosa,https://www.names.org/lists/by-origin/xhosa/
1562,Bimbo,yoruba,https://www.names.org/lists/by-origin/yoruba/
1563,Foye,yoruba,https://www.names.org/lists/by-origin/yoruba/
1564,Surine,african dutch (afrikaans) ,https://www.names.org/lists/by-origin/african-dutch-afrikaans-/
1565,Marcon,amharic,https://www.names.org/lists/by-origin/amharic/
1566,Lottering,african dutch (afrikaans) ,https://www.names.org/lists/by-origin/african-dutch-afrikaans-/
1567,Adeyemi,yoruba,https://www.names.org/lists/by-origin/yoruba/
1568,Sana,arabic,https://www.names.org/lists/by-origin/arabic/
1569,Mbah,igbo,https://www.names.org/lists/by-origin/igbo/
1570,Washington,english,https://www.names.org/lists/by-origin/english/
1571,Werda,african dutch (afrikaans) ,https://www.names.org/lists/by-origin/african-dutch-afrikaans-/
1572,Egide,swahili ,https://www.names.org/lists/by-origin/swahili/
1573,Negatu,amharic,https://www.names.org/lists/by-origin/amharic/
1574,Westhuizen,african dutch (afrikaans) ,https://www.names.org/lists/by-origin/african-dutch-afrikaans-/
1575,Ogundipe,yoruba,https://www.names.org/lists/by-origin/yoruba/
1576,Hamid,arabic,https://www.names.org/lists/by-origin/arabic/
1577,Zied,arabic,https://www.names.org/lists/by-origin/arabic/
1578,Summer,english,https://www.names.org/lists/by-origin/english/
1579,Warsame,arabic,https://www.names.org/lists/by-origin/arabic/
1580,Ash,english,https://www.names.org/lists/by-origin/english/
1581,Amro,amharic,https://www.names.org/lists/by-origin/amharic/
1582,Shade,african-american,https://www.names.org/lists/by-origin/african/
1583,Sackie,african,https://www.names.org/lists/by-origin/african/
1584,Anas,arabic,https://www.names.org/lists/by-origin/arabic/
1585,Tala,arabic,https://www.names.org/lists/by-origin/arabic/
1586,Sambou,african,https://www.names.org/lists/by-origin/african/
1587,Imran,arabic,https://www.names.org/lists/by-origin/arabic/
1588,Igwe,igbo,https://www.names.org/lists/by-origin/igbo/
1589,Popoola,yoruba,https://www.names.org/lists/by-origin/yoruba/
1590,Sudan,amharic,https://www.names.org/lists/by-origin/amharic/
1591,Mwale,african dutch (afrikaans) ,https://www.names.org/lists/by-origin/african-dutch-afrikaans-/
1592,Ibeh,igbo,https://www.names.org/lists/by-origin/igbo/
1593,Alexander,african dutch (afrikaans) ,https://www.names.org/lists/by-origin/african-dutch-afrikaans-/
1594,Belete,amharic,https://www.names.org/lists/by-origin/amharic/
1595,Asher,english,https://www.names.org/lists/by-origin/english/
1596,Haider,arabic,https://www.names.org/lists/by-origin/arabic/
1597,Khalil,arabic,https://www.names.org/lists/by-origin/arabic/
1598,Shammah,swahili ,https://www.names.org/lists/by-origin/swahili/
1599,Zayan,arabic,https://www.names.org/lists/by-origin/arabic/
1600,Tobe,igbo,https://www.names.org/lists/by-origin/igbo/
1601,Ousman,african,https://www.names.org/lists/by-origin/african/
1602,Lome,african dutch (afrikaans) ,https://www.names.org/lists/by-origin/african-dutch-afrikaans-/
1603,Hanan,amharic,https://www.names.org/lists/by-origin/amharic/
1604,Filson,amharic,https://www.names.org/lists/by-origin/amharic/
1605,Mesfin,amharic,https://www.names.org/lists/by-origin/amharic/
1606,Bilal,arabic,https://www.names.org/lists/by-origin/arabic/
1607,Kingsley,african-american,https://www.names.org/lists/by-origin/african/
1608,Godlove,swahili ,https://www.names.org/lists/by-origin/swahili/
1609,Anania,amharic,https://www.names.org/lists/by-origin/amharic/
1610,Bahati,swahili ,https://www.names.org/lists/by-origin/swahili/
1611,Tegegne,amharic,https://www.names.org/lists/by-origin/amharic/
1612,Maye,african-american,https://www.names.org/lists/by-origin/african/
1613,Sienna,english,https://www.names.org/lists/by-origin/english/
1614,Mohamed,african,https://www.names.org/lists/by-origin/african/
1615,Simi,african,https://www.names.org/lists/by-origin/african/
1616,Saccoh,african,https://www.names.org/lists/by-origin/african/
1617,Tunkara,african,https://www.names.org/lists/by-origin/african/
1618,Tangi,african dutch (afrikaans) ,https://www.names.org/lists/by-origin/african-dutch-afrikaans-/
1619,Koah,english,https://www.names.org/lists/by-origin/english/
1620,Pezo,xhosa,https://www.names.org/lists/by-origin/xhosa/
1621,Senay,amharic,https://www.names.org/lists/by-origin/amharic/
1622,River,english,https://www.names.org/lists/by-origin/english/
1623,Shane,african dutch (afrikaans) ,https://www.names.org/lists/by-origin/african-dutch-afrikaans-/
1624,Webby,xhosa,https://www.names.org/lists/by-origin/xhosa/
1625,Walker,english,https://www.names.org/lists/by-origin/english/
1626,Cornay,african dutch (afrikaans) ,https://www.names.org/lists/by-origin/african-dutch-afrikaans-/
1627,Shiko,swahili ,https://www.names.org/lists/by-origin/swahili/
1628,Koko,swahili ,https://www.names.org/lists/by-origin/swahili/
1629,Lungu,xhosa,https://www.names.org/lists/by-origin/xhosa/
1630,Kalab,amharic,https://www.names.org/lists/by-origin/amharic/
1631,Ane,african dutch (afrikaans) ,https://www.names.org/lists/by-origin/african-dutch-afrikaans-/
1632,Janneh,african,https://www.names.org/lists/by-origin/african/
1633,Chisholm,african-american,https://www.names.org/lists/by-origin/african/
1634,Kairo,arabic,https://www.names.org/lists/by-origin/arabic/
1635,Papa,african-american,https://www.names.org/lists/by-origin/african/
1636,Charbel,arabic,https://www.names.org/lists/by-origin/arabic/
1637,Roha,amharic,https://www.names.org/lists/by-origin/amharic/
1638,Jesser,arabic,https://www.names.org/lists/by-origin/arabic/
1639,Moyo,african,https://www.names.org/lists/by-origin/african/
1640,Deen,arabic,https://www.names.org/lists/by-origin/arabic/
1641,Kiya,african,https://www.names.org/lists/by-origin/african/
1642,Abegaz,amharic,https://www.names.org/lists/by-origin/amharic/
1643,Shola,yoruba,https://www.names.org/lists/by-origin/yoruba/
1644,Bruce,english,https://www.names.org/lists/by-origin/english/
1645,Ryno,african dutch (afrikaans) ,https://www.names.org/lists/by-origin/african-dutch-afrikaans-/
1646,Irabor,igbo,https://www.names.org/lists/by-origin/igbo/
1647,Shaira,arabic,https://www.names.org/lists/by-origin/arabic/
1648,Milani,african,https://www.names.org/lists/by-origin/african/
1649,Eyob,amharic,https://www.names.org/lists/by-origin/amharic/
1650,Tanaka,african-american,https://www.names.org/lists/by-origin/african/
1651,Goodluck,swahili ,https://www.names.org/lists/by-origin/swahili/
1652,Reef,english,https://www.names.org/lists/by-origin/english/
1653,Yusuf,arabic,https://www.names.org/lists/by-origin/arabic/
1654,Kargbo,african,https://www.names.org/lists/by-origin/african/
1655,Faris,arabic,https://www.names.org/lists/by-origin/arabic/
1656,Kendall,english,https://www.names.org/lists/by-origin/english/
1657,Enama,xhosa,https://www.names.org/lists/by-origin/xhosa/
1658,Winnette,african dutch (afrikaans) ,https://www.names.org/lists/by-origin/african-dutch-afrikaans-/
1659,Coleman,english,https://www.names.org/lists/by-origin/english/
1660,Malat,amharic,https://www.names.org/lists/by-origin/amharic/
1661,Ngor,amharic,https://www.names.org/lists/by-origin/amharic/
1662,Russell,english,https://www.names.org/lists/by-origin/english/
1663,Okafor,igbo,https://www.names.org/lists/by-origin/igbo/
1664,Dinga,xhosa,https://www.names.org/lists/by-origin/xhosa/
1665,Ivory,african-american,https://www.names.org/lists/by-origin/african/
1666,Mambo,swahili ,https://www.names.org/lists/by-origin/swahili/
1667,Zaid,arabic,https://www.names.org/lists/by-origin/arabic/
1668,Brouk,african dutch (afrikaans) ,https://www.names.org/lists/by-origin/african-dutch-afrikaans-/
1669,Mason,english,https://www.names.org/lists/by-origin/english/
1670,Peyton,english,https://www.names.org/lists/by-origin/english/
1671,Idoko,igbo,https://www.names.org/lists/by-origin/igbo/
1672,Rogers,english,https://www.names.org/lists/by-origin/english/
1673,Irakoze,swahili ,https://www.names.org/lists/by-origin/swahili/
1674,Harris,english,https://www.names.org/lists/by-origin/english/
1675,Varan,arabic,https://www.names.org/lists/by-origin/arabic/
1676,Riekert,african dutch (afrikaans) ,https://www.names.org/lists/by-origin/african-dutch-afrikaans-/
1677,Allen,english,https://www.names.org/lists/by-origin/english/
1678,Ramil,arabic,https://www.names.org/lists/by-origin/arabic/
1679,Beene,african-american,https://www.names.org/lists/by-origin/african/
1680,Onyango,swahili ,https://www.names.org/lists/by-origin/swahili/
1681,Divan,african,https://www.names.org/lists/by-origin/african/
1682,Paulus,african dutch (afrikaans) ,https://www.names.org/lists/by-origin/african-dutch-afrikaans-/
1683,Yuran,african,https://www.names.org/lists/by-origin/african/
1684,Agbabiaka,yoruba,https://www.names.org/lists/by-origin/yoruba/
1685,Simplice,swahili ,https://www.names.org/lists/by-origin/swahili/
1686,Taleen,arabic,https://www.names.org/lists/by-origin/arabic/
1687,Bakari,swahili ,https://www.names.org/lists/by-origin/swahili/
1688,Hendricks,african dutch (afrikaans) ,https://www.names.org/lists/by-origin/african-dutch-afrikaans-/
1689,Keron,english,https://www.names.org/lists/by-origin/english/
1690,Phiri,xhosa,https://www.names.org/lists/by-origin/xhosa/
1691,Nikora,english,https://www.names.org/lists/by-origin/english/
1692,Solin,arabic,https://www.names.org/lists/by-origin/arabic/
1693,Kolawole,yoruba,https://www.names.org/lists/by-origin/yoruba/
1694,Okoro,igbo,https://www.names.org/lists/by-origin/igbo/
1695,Jooste,african dutch (afrikaans) ,https://www.names.org/lists/by-origin/african-dutch-afrikaans-/
1696,Udensi,igbo,https://www.names.org/lists/by-origin/igbo/
1697,Rashid,arabic,https://www.names.org/lists/by-origin/arabic/
1698,Ayalew,amharic,https://www.names.org/lists/by-origin/amharic/
1699,Rodas,african-american,https://www.names.org/lists/by-origin/african/
1700,Ketema,amharic,https://www.names.org/lists/by-origin/amharic/
1701,Said,arabic,https://www.names.org/lists/by-origin/arabic/
1702,Landon,english,https://www.names.org/lists/by-origin/english/
1703,Koot,african dutch (afrikaans) ,https://www.names.org/lists/by-origin/african-dutch-afrikaans-/
1704,Sena,amharic,https://www.names.org/lists/by-origin/amharic/
1705,Coetzee,african dutch (afrikaans) ,https://www.names.org/lists/by-origin/african-dutch-afrikaans-/
1706,Gillian,english,https://www.names.org/lists/by-origin/english/
1707,Alpi,arabic,https://www.names.org/lists/by-origin/arabic/
1708,Ayra,arabic,https://www.names.org/lists/by-origin/arabic/
1709,Sias,african-american,https://www.names.org/lists/by-origin/african/
1710,Kopa,swahili ,https://www.names.org/lists/by-origin/swahili/
1711,Jalloh,yoruba,https://www.names.org/lists/by-origin/yoruba/
1712,Botha,african dutch (afrikaans) ,https://www.names.org/lists/by-origin/african-dutch-afrikaans-/
1713,Ore,yoruba,https://www.names.org/lists/by-origin/yoruba/
1714,Heran,african,https://www.names.org/lists/by-origin/african/
1715,Mekonen,amharic,https://www.names.org/lists/by-origin/amharic/
1716,Oni,yoruba,https://www.names.org/lists/by-origin/yoruba/
1717,Sesay,african,https://www.names.org/lists/by-origin/african/
1718,Farhan,arabic,https://www.names.org/lists/by-origin/arabic/
1719,Porter,english,https://www.names.org/lists/by-origin/english/
1720,Poppy,english,https://www.names.org/lists/by-origin/english/
1721,Kollie,african,https://www.names.org/lists/by-origin/african/
1722,Yara,arabic,https://www.names.org/lists/by-origin/arabic/
1723,Sannoh,yoruba,https://www.names.org/lists/by-origin/yoruba/
1724,Chike,igbo,https://www.names.org/lists/by-origin/igbo/
1725,Dorcy,swahili ,https://www.names.org/lists/by-origin/swahili/
1726,Uzor,igbo,https://www.names.org/lists/by-origin/igbo/
1727,Lezan,arabic,https://www.names.org/lists/by-origin/arabic/
1728,Macala,xhosa,https://www.names.org/lists/by-origin/xhosa/
1729,Cox,english,https://www.names.org/lists/by-origin/english/
1730,Ange,swahili ,https://www.names.org/lists/by-origin/swahili/
1731,Shelby,english,https://www.names.org/lists/by-origin/english/
1732,Ayodeji,african,https://www.names.org/lists/by-origin/african/
1733,Bankole,yoruba,https://www.names.org/lists/by-origin/yoruba/
1734,Pretorius,african dutch (afrikaans) ,https://www.names.org/lists/by-origin/african-dutch-afrikaans-/
1735,Hancy,swahili ,https://www.names.org/lists/by-origin/swahili/
1736,Okolie,igbo,https://www.names.org/lists/by-origin/igbo/
1737,Haben,amharic,https://www.names.org/lists/by-origin/amharic/
1738,Anderline,igbo,https://www.names.org/lists/by-origin/igbo/
1739,Anda,xhosa,https://www.names.org/lists/by-origin/xhosa/
1740,Lwanga,xhosa,https://www.names.org/lists/by-origin/xhosa/
1741,Ogunyemi,yoruba,https://www.names.org/lists/by-origin/yoruba/
1742,Lovan,arabic,https://www.names.org/lists/by-origin/arabic/
1743,Tiffany,english,https://www.names.org/lists/by-origin/english/
1744,Uyema,xhosa,https://www.names.org/lists/by-origin/xhosa/
