recnr,firstname,sex,origin,source
1,Enzi ,female,swahili ,https://teamgroupnames.com/swahili-girl-names/
2,Moayad,male,amharic,https://www.names.org/lists/by-origin/amharic/
3,Manyama,female,swahili ,https://www.names.org/lists/by-origin/swahili/
4,Omotosho,female,yoruba,https://www.names.org/lists/by-origin/yoruba/
5,Kalkidan,female,amharic,https://www.names.org/lists/by-origin/amharic/
6,Zhavia,female,african dutch (afrikaans) ,https://www.names.org/lists/by-origin/african-dutch-afrikaans-/
7,Ann,female,english,https://www.names.org/lists/by-origin/english/
8,Imisioluwa,male,yoruba,https://www.names.org/lists/by-origin/yoruba/
9,Ujana ,female,swahili ,https://teamgroupnames.com/swahili-girl-names/
10,Rhyno,male,african dutch (afrikaans) ,https://www.names.org/lists/by-origin/african-dutch-afrikaans-/
11,Chisha,female,xhosa,https://www.names.org/lists/by-origin/xhosa/
12,Lundi,female,xhosa,https://www.names.org/lists/by-origin/xhosa/
13,Adeyemi,male,yoruba,https://www.names.org/lists/by-origin/yoruba/
14,Nkemjika,male,igbo,https://www.names.org/lists/by-origin/igbo/
15,Kaylo,male,african dutch (afrikaans) ,https://www.names.org/lists/by-origin/african-dutch-afrikaans-/
16,Hodari ,female,swahili ,https://teamgroupnames.com/swahili-girl-names/
17,Linzi,male,swahili ,https://teamgroupnames.com/swahili-boy-names/
18,Aliah,female,arabic,https://www.names.org/lists/by-origin/arabic/
19,Onesimo,male,african dutch (afrikaans) ,https://www.names.org/lists/by-origin/african-dutch-afrikaans-/
20,Gamba ,female,swahili ,https://teamgroupnames.com/swahili-girl-names/
21,Kirolos,male,african,https://www.names.org/lists/by-origin/african/
22,Sharod,male,swahili ,https://www.names.org/lists/by-origin/swahili/
23,Kolawole,male,yoruba,https://www.names.org/lists/by-origin/yoruba/
24,Daija,female,african,https://www.names.org/lists/by-origin/african/
25,Ademi,female,yoruba,https://www.names.org/lists/by-origin/yoruba/
26,Hewan,female,amharic,https://www.names.org/lists/by-origin/amharic/
27,Carol,female,english,https://www.names.org/lists/by-origin/english/
28,Edrine,female,swahili ,https://www.names.org/lists/by-origin/swahili/
29,Zahli,female,english,https://www.names.org/lists/by-origin/english/
30,Rayya ,female,swahili ,https://teamgroupnames.com/swahili-girl-names/
31,Nkosi,male,xhosa,https://www.names.org/lists/by-origin/xhosa/
32,Rashaun,male,arabic,https://www.names.org/lists/by-origin/arabic/
33,Irebe,female,swahili ,https://www.names.org/lists/by-origin/swahili/
34,Karamu,male,swahili ,https://teamgroupnames.com/swahili-boy-names/
35,Efuru ,female,swahili ,https://teamgroupnames.com/swahili-girl-names/
36,Rose,female,english,https://www.names.org/lists/by-origin/english/
37,Maya,female,english,https://www.names.org/lists/by-origin/english/
38,Mildred,female,english,https://www.names.org/lists/by-origin/english/
39,Rashford,male,african,https://www.names.org/lists/by-origin/african/
40,Khadijat,female,yoruba,https://www.names.org/lists/by-origin/yoruba/
41,Donell,male,african-american,https://www.names.org/lists/by-origin/african/
42,Raekwon,male,african-american,https://www.names.org/lists/by-origin/african/
43,Soliyana,female,african,https://www.names.org/lists/by-origin/african/
44,Duka,male,swahili ,https://teamgroupnames.com/swahili-boy-names/
45,Oluwadamilola,male,african,https://www.names.org/lists/by-origin/african/
46,Louan,female,african dutch (afrikaans) ,https://www.names.org/lists/by-origin/african-dutch-afrikaans-/
47,Kya,female,african,https://www.names.org/lists/by-origin/african/
48,Gakpo,male,african dutch (afrikaans) ,https://www.names.org/lists/by-origin/african-dutch-afrikaans-/
49,Ogheneruona,male,igbo,https://www.names.org/lists/by-origin/igbo/
50,Toby,male,english,https://www.names.org/lists/by-origin/english/
51,Oluwasemilore,male,yoruba,https://www.names.org/lists/by-origin/yoruba/
52,Khari,female,swahili ,https://www.names.org/lists/by-origin/swahili/
53,Imani,male,swahili ,https://teamgroupnames.com/swahili-boy-names/
54,Nwachukwu,male,igbo,https://www.names.org/lists/by-origin/igbo/
55,Saron,female,african,https://www.names.org/lists/by-origin/african/
56,Jumaane,male,swahili ,https://www.names.org/lists/by-origin/swahili/
57,Ruie,female,arabic,https://www.names.org/lists/by-origin/arabic/
58,Lelia,female,arabic,https://www.names.org/lists/by-origin/arabic/
59,Maria,female,african dutch (afrikaans) ,https://www.names.org/lists/by-origin/african-dutch-afrikaans-/
60,Omari,male,swahili ,https://teamgroupnames.com/swahili-boy-names/
61,Olajide,male,yoruba,https://www.names.org/lists/by-origin/yoruba/
62,Okafor,female,igbo,https://www.names.org/lists/by-origin/igbo/
63,Christal,female,african,https://www.names.org/lists/by-origin/african/
64,Kesi,female,swahili ,https://www.names.org/lists/by-origin/swahili/
65,Flomo,male,african,https://www.names.org/lists/by-origin/african/
66,Kesiena,female,igbo,https://www.names.org/lists/by-origin/igbo/
67,Breannia,female,amharic,https://www.names.org/lists/by-origin/amharic/
68,Zoe,female,english,https://www.names.org/lists/by-origin/english/
69,Nuch,male,yoruba,https://www.names.org/lists/by-origin/yoruba/
70,Nnaemeka,male,igbo,https://www.names.org/lists/by-origin/igbo/
71,Panga,male,swahili ,https://teamgroupnames.com/swahili-boy-names/
72,Onke,female,xhosa,https://www.names.org/lists/by-origin/xhosa/
73,Sihle,female,african,https://www.names.org/lists/by-origin/african/
74,Zohan,male,arabic,https://www.names.org/lists/by-origin/arabic/
75,Resty,female,swahili ,https://www.names.org/lists/by-origin/swahili/
76,Thiena,female,swahili ,https://www.names.org/lists/by-origin/swahili/
77,Kaya,female,african,https://www.names.org/lists/by-origin/african/
78,Nadia,female,arabic,https://www.names.org/lists/by-origin/arabic/
79,Julian,male,english,https://www.names.org/lists/by-origin/english/
80,Gizo,male,swahili ,https://teamgroupnames.com/swahili-boy-names/
81,Okasha,male,arabic,https://www.names.org/lists/by-origin/arabic/
82,Ngobi,male,swahili ,https://teamgroupnames.com/swahili-boy-names/
83,Hilma,female,african dutch (afrikaans) ,https://www.names.org/lists/by-origin/african-dutch-afrikaans-/
84,Riziki,female,swahili ,https://www.names.org/lists/by-origin/swahili/
85,Chama,female,xhosa,https://www.names.org/lists/by-origin/xhosa/
86,Jamlick,male,swahili ,https://www.names.org/lists/by-origin/swahili/
87,Aynalem,male,amharic,https://www.names.org/lists/by-origin/amharic/
88,Osinachi,male,african,https://www.names.org/lists/by-origin/african/
89,Sakani,male,african,https://www.names.org/lists/by-origin/african/
90,Wani,female,amharic,https://www.names.org/lists/by-origin/amharic/
91,Mursal,female,arabic,https://www.names.org/lists/by-origin/arabic/
92,Fyness,female,swahili ,https://www.names.org/lists/by-origin/swahili/
93,Moyo,female,yoruba,https://www.names.org/lists/by-origin/yoruba/
94,Diane,female,english,https://www.names.org/lists/by-origin/english/
95,Latosha,female,african,https://www.names.org/lists/by-origin/african/
96,Kobimtochukwu,male,igbo,https://www.names.org/lists/by-origin/igbo/
97,Fartun,female,arabic,https://www.names.org/lists/by-origin/arabic/
98,Oluwadara,female,yoruba,https://www.names.org/lists/by-origin/yoruba/
99,Eva,female,english,https://www.names.org/lists/by-origin/english/
100,Imanie,female,swahili ,https://www.names.org/lists/by-origin/swahili/
101,Russell,male,english,https://www.names.org/lists/by-origin/english/
102,Abdihafid,male,arabic,https://www.names.org/lists/by-origin/arabic/
103,Hunadi,female,african dutch (afrikaans) ,https://www.names.org/lists/by-origin/african-dutch-afrikaans-/
104,Luca,male,english,https://www.names.org/lists/by-origin/english/
105,Tereka,female,amharic,https://www.names.org/lists/by-origin/amharic/
106,Mya,female,english,https://www.names.org/lists/by-origin/english/
107,Inga,female,african,https://www.names.org/lists/by-origin/african/
108,Kiamy,female,african,https://www.names.org/lists/by-origin/african/
109,Mwezi ,female,swahili ,https://teamgroupnames.com/swahili-girl-names/
110,Tinashe,female,xhosa,https://www.names.org/lists/by-origin/xhosa/
111,Hussein,male,arabic,https://www.names.org/lists/by-origin/arabic/
112,Bola,female,yoruba,https://www.names.org/lists/by-origin/yoruba/
113,Blane,male,african-american,https://www.names.org/lists/by-origin/african/
114,Grace,female,african dutch (afrikaans) ,https://www.names.org/lists/by-origin/african-dutch-afrikaans-/
115,Lati,male,arabic,https://www.names.org/lists/by-origin/arabic/
116,Keston,male,english,https://www.names.org/lists/by-origin/english/
117,Rikus,male,african dutch (afrikaans) ,https://www.names.org/lists/by-origin/african-dutch-afrikaans-/
118,Tola,female,yoruba,https://www.names.org/lists/by-origin/yoruba/
119,Kibrom,male,amharic,https://www.names.org/lists/by-origin/amharic/
120,Fiina,female,african dutch (afrikaans) ,https://www.names.org/lists/by-origin/african-dutch-afrikaans-/
121,Abby,female,english,https://www.names.org/lists/by-origin/english/
122,Abdishakur,male,arabic,https://www.names.org/lists/by-origin/arabic/
123,Sanelisiwe,female,african dutch (afrikaans) ,https://www.names.org/lists/by-origin/african-dutch-afrikaans-/
124,Ariam,male,african,https://www.names.org/lists/by-origin/african/
125,Melkam,female,amharic,https://www.names.org/lists/by-origin/amharic/
126,Nebeyu,male,amharic,https://www.names.org/lists/by-origin/amharic/
127,Dagne,female,amharic,https://www.names.org/lists/by-origin/amharic/
128,Yolani,female,xhosa,https://www.names.org/lists/by-origin/xhosa/
129,Shalaw,male,arabic,https://www.names.org/lists/by-origin/arabic/
130,Khabib,male,arabic,https://www.names.org/lists/by-origin/arabic/
131,Nanga,male,swahili ,https://teamgroupnames.com/swahili-boy-names/
132,Amara,female,african,https://www.names.org/lists/by-origin/african/
133,Pemba ,female,swahili ,https://teamgroupnames.com/swahili-girl-names/
134,Kaza,male,african,https://www.names.org/lists/by-origin/african/
135,Sume,female,african dutch (afrikaans) ,https://www.names.org/lists/by-origin/african-dutch-afrikaans-/
136,Maraki,female,amharic,https://www.names.org/lists/by-origin/amharic/
137,Meela,female,arabic,https://www.names.org/lists/by-origin/arabic/
138,Nagbe,male,yoruba,https://www.names.org/lists/by-origin/yoruba/
139,Shahtaj,male,arabic,https://www.names.org/lists/by-origin/arabic/
140,Omolola,female,yoruba,https://www.names.org/lists/by-origin/yoruba/
141,Ramses,male,african-american,https://www.names.org/lists/by-origin/african/
142,Marelie,female,african dutch (afrikaans) ,https://www.names.org/lists/by-origin/african-dutch-afrikaans-/
143,Semhal,female,amharic,https://www.names.org/lists/by-origin/amharic/
144,Razan,female,amharic,https://www.names.org/lists/by-origin/amharic/
145,Hanlie,female,african dutch (afrikaans) ,https://www.names.org/lists/by-origin/african-dutch-afrikaans-/
146,Natay,male,amharic,https://www.names.org/lists/by-origin/amharic/
147,Betselot,female,amharic,https://www.names.org/lists/by-origin/amharic/
148,Mwaba,male,xhosa,https://www.names.org/lists/by-origin/xhosa/
149,Kirubel,male,african,https://www.names.org/lists/by-origin/african/
150,Nkechi,female,igbo,https://www.names.org/lists/by-origin/igbo/
151,Mauritz,male,african dutch (afrikaans) ,https://www.names.org/lists/by-origin/african-dutch-afrikaans-/
152,Wema ,female,swahili ,https://teamgroupnames.com/swahili-girl-names/
153,Bryan,male,english,https://www.names.org/lists/by-origin/english/
154,Kerry,male,english,https://www.names.org/lists/by-origin/english/
155,Malaika ,female,swahili ,https://teamgroupnames.com/swahili-girl-names/
156,Chinemerem,male,igbo,https://www.names.org/lists/by-origin/igbo/
157,Esmatullah,male,arabic,https://www.names.org/lists/by-origin/arabic/
158,Chinonye,female,igbo,https://www.names.org/lists/by-origin/igbo/
159,Henos,male,amharic,https://www.names.org/lists/by-origin/amharic/
160,Femi,male,yoruba,https://www.names.org/lists/by-origin/yoruba/
161,Bahari,male,swahili ,https://teamgroupnames.com/swahili-boy-names/
162,Pasha ,female,swahili ,https://teamgroupnames.com/swahili-girl-names/
163,Afeni,female,yoruba,https://www.names.org/lists/by-origin/yoruba/
164,Marthinus,male,african dutch (afrikaans) ,https://www.names.org/lists/by-origin/african-dutch-afrikaans-/
165,Akiya,female,amharic,https://www.names.org/lists/by-origin/amharic/
166,Keith,male,english,https://www.names.org/lists/by-origin/english/
167,Kamaria,female,swahili ,https://www.names.org/lists/by-origin/swahili/
168,Abiola,female,yoruba,https://www.names.org/lists/by-origin/yoruba/
169,Jelani,female,swahili ,https://www.names.org/lists/by-origin/swahili/
170,Zy,female,african,https://www.names.org/lists/by-origin/african/
171,William,male,african dutch (afrikaans) ,https://www.names.org/lists/by-origin/african-dutch-afrikaans-/
172,Bakari,male,swahili ,https://www.names.org/lists/by-origin/swahili/
173,Damilola,male,yoruba,https://www.names.org/lists/by-origin/yoruba/
174,Luhana,female,african,https://www.names.org/lists/by-origin/african/
175,Bisrat,male,amharic,https://www.names.org/lists/by-origin/amharic/
176,Rema,female,igbo,https://www.names.org/lists/by-origin/igbo/
177,Wilna,female,african dutch (afrikaans) ,https://www.names.org/lists/by-origin/african-dutch-afrikaans-/
178,Chikamara,female,igbo,https://www.names.org/lists/by-origin/igbo/
179,Ivory,female,african,https://www.names.org/lists/by-origin/african/
180,Popo,male,swahili ,https://teamgroupnames.com/swahili-boy-names/
181,Jesse,male,english,https://www.names.org/lists/by-origin/english/
182,Ijoma,female,igbo,https://www.names.org/lists/by-origin/igbo/
183,Ngoma ,female,swahili ,https://teamgroupnames.com/swahili-girl-names/
184,Selam,female,amharic,https://www.names.org/lists/by-origin/amharic/
185,Aizal,female,arabic,https://www.names.org/lists/by-origin/arabic/
186,Eupe,male,swahili ,https://teamgroupnames.com/swahili-boy-names/
187,Emboya,male,swahili ,https://teamgroupnames.com/swahili-boy-names/
188,Tanasha,female,swahili ,https://www.names.org/lists/by-origin/swahili/
189,Ketsia,female,african,https://www.names.org/lists/by-origin/african/
190,Najuma,female,swahili ,https://www.names.org/lists/by-origin/swahili/
191,Sucre,male,igbo,https://www.names.org/lists/by-origin/igbo/
192,Elanda,female,african dutch (afrikaans) ,https://www.names.org/lists/by-origin/african-dutch-afrikaans-/
193,Tijani,male,african,https://www.names.org/lists/by-origin/african/
194,Makiba,female,amharic,https://www.names.org/lists/by-origin/amharic/
195,Adunni,female,yoruba,https://www.names.org/lists/by-origin/yoruba/
196,Mazen,male,arabic,https://www.names.org/lists/by-origin/arabic/
197,Kenneth,male,english,https://www.names.org/lists/by-origin/english/
198,Letso,female,african,https://www.names.org/lists/by-origin/african/
199,Ayzal,female,arabic,https://www.names.org/lists/by-origin/arabic/
200,Badmus,male,yoruba,https://www.names.org/lists/by-origin/yoruba/
201,Lwanga,male,xhosa,https://www.names.org/lists/by-origin/xhosa/
202,Chane ,female,swahili ,https://teamgroupnames.com/swahili-girl-names/
203,Ayomikun,female,yoruba,https://www.names.org/lists/by-origin/yoruba/
204,Yola,female,xhosa,https://www.names.org/lists/by-origin/xhosa/
205,Nyasha,female,african,https://www.names.org/lists/by-origin/african/
206,Hycent,female,igbo,https://www.names.org/lists/by-origin/igbo/
207,Zimal,female,arabic,https://www.names.org/lists/by-origin/arabic/
208,Seyoum,male,amharic,https://www.names.org/lists/by-origin/amharic/
209,Nkiru,female,igbo,https://www.names.org/lists/by-origin/igbo/
210,Uche,male,igbo,https://www.names.org/lists/by-origin/igbo/
211,Fanie,female,african dutch (afrikaans) ,https://www.names.org/lists/by-origin/african-dutch-afrikaans-/
212,Sarem,female,amharic,https://www.names.org/lists/by-origin/amharic/
213,Tyrin,male,african-american,https://www.names.org/lists/by-origin/african/
214,Ornella,female,swahili ,https://www.names.org/lists/by-origin/swahili/
215,Fanus,male,african dutch (afrikaans) ,https://www.names.org/lists/by-origin/african-dutch-afrikaans-/
216,Yonael,male,african,https://www.names.org/lists/by-origin/african/
217,Sonte,female,amharic,https://www.names.org/lists/by-origin/amharic/
218,Jaliya,female,swahili ,https://www.names.org/lists/by-origin/swahili/
219,Imara,female,swahili ,https://www.names.org/lists/by-origin/swahili/
220,Demilade,female,yoruba,https://www.names.org/lists/by-origin/yoruba/
221,Irakoze,female,swahili ,https://www.names.org/lists/by-origin/swahili/
222,Tjaart,male,african dutch (afrikaans) ,https://www.names.org/lists/by-origin/african-dutch-afrikaans-/
223,Suheyb,male,arabic,https://www.names.org/lists/by-origin/arabic/
224,Chamvi,male,swahili ,https://teamgroupnames.com/swahili-boy-names/
225,Promise,female,african,https://www.names.org/lists/by-origin/african/
226,Cheshi,male,swahili ,https://teamgroupnames.com/swahili-boy-names/
227,Phebean,female,yoruba,https://www.names.org/lists/by-origin/yoruba/
228,Adanna,female,igbo,https://www.names.org/lists/by-origin/igbo/
229,Ima,female,african,https://www.names.org/lists/by-origin/african/
230,Everette,male,african-american,https://www.names.org/lists/by-origin/african/
231,Meklit,female,amharic,https://www.names.org/lists/by-origin/amharic/
232,Oluwadamilare,male,african,https://www.names.org/lists/by-origin/african/
233,Boimah,male,african,https://www.names.org/lists/by-origin/african/
234,Simphiwe,male,african,https://www.names.org/lists/by-origin/african/
235,Afamefuna,female,igbo,https://www.names.org/lists/by-origin/igbo/
236,Bassey,female,african,https://www.names.org/lists/by-origin/african/
237,Siyan,male,arabic,https://www.names.org/lists/by-origin/arabic/
238,Ezinne,female,igbo,https://www.names.org/lists/by-origin/igbo/
239,Safiri,male,swahili ,https://teamgroupnames.com/swahili-boy-names/
240,Abdirizak,male,arabic,https://www.names.org/lists/by-origin/arabic/
241,Tomi,female,yoruba,https://www.names.org/lists/by-origin/yoruba/
242,Utamu,male,swahili ,https://teamgroupnames.com/swahili-boy-names/
243,Ariel,male,english,https://www.names.org/lists/by-origin/english/
244,Lindi,male,swahili ,https://teamgroupnames.com/swahili-boy-names/
245,Anri,female,african dutch (afrikaans) ,https://www.names.org/lists/by-origin/african-dutch-afrikaans-/
246,Shatina,female,swahili ,https://www.names.org/lists/by-origin/swahili/
247,Bidii ,female,swahili ,https://teamgroupnames.com/swahili-girl-names/
248,Brandon,male,african dutch (afrikaans) ,https://www.names.org/lists/by-origin/african-dutch-afrikaans-/
249,Adelphine,female,swahili ,https://www.names.org/lists/by-origin/swahili/
250,Vianney,female,swahili ,https://www.names.org/lists/by-origin/swahili/
251,Vondella,female,african dutch (afrikaans) ,https://www.names.org/lists/by-origin/african-dutch-afrikaans-/
252,Irin,male,arabic,https://www.names.org/lists/by-origin/arabic/
253,Zya,female,african,https://www.names.org/lists/by-origin/african/
254,Obuya,male,swahili ,https://teamgroupnames.com/swahili-boy-names/
255,Nafasi,male,swahili ,https://teamgroupnames.com/swahili-boy-names/
256,Taj,male,arabic,https://www.names.org/lists/by-origin/arabic/
257,Eyoel,male,african,https://www.names.org/lists/by-origin/african/
258,Saikou,male,african,https://www.names.org/lists/by-origin/african/
259,Khanya,female,african dutch (afrikaans) ,https://www.names.org/lists/by-origin/african-dutch-afrikaans-/
260,Muhammad,male,arabic,https://www.names.org/lists/by-origin/arabic/
261,Yusupha,male,african,https://www.names.org/lists/by-origin/african/
262,Tahiya ,female,swahili ,https://teamgroupnames.com/swahili-girl-names/
263,Mulugeta,male,amharic,https://www.names.org/lists/by-origin/amharic/
264,Kate,female,english,https://www.names.org/lists/by-origin/english/
265,Tewodros,male,african,https://www.names.org/lists/by-origin/african/
266,Anselem,male,igbo,https://www.names.org/lists/by-origin/igbo/
267,Bahja,female,arabic,https://www.names.org/lists/by-origin/arabic/
268,Mathys,male,african dutch (afrikaans) ,https://www.names.org/lists/by-origin/african-dutch-afrikaans-/
269,Oluwapelumi,male,yoruba,https://www.names.org/lists/by-origin/yoruba/
270,Lulu,male,swahili ,https://teamgroupnames.com/swahili-boy-names/
271,Deshawn,male,african-american,https://www.names.org/lists/by-origin/african/
272,Charlie,male,english,https://www.names.org/lists/by-origin/english/
273,Ndidi,male,swahili ,https://teamgroupnames.com/swahili-boy-names/
274,Makena,female,african,https://www.names.org/lists/by-origin/african/
275,Abdisamad,male,arabic,https://www.names.org/lists/by-origin/arabic/
276,Afomia,female,african,https://www.names.org/lists/by-origin/african/
277,Helvi,female,african dutch (afrikaans) ,https://www.names.org/lists/by-origin/african-dutch-afrikaans-/
278,Albert,male,english,https://www.names.org/lists/by-origin/english/
279,Bokang,female,african dutch (afrikaans) ,https://www.names.org/lists/by-origin/african-dutch-afrikaans-/
280,Arefa,male,xhosa,https://www.names.org/lists/by-origin/xhosa/
281,Sabastine,male,yoruba,https://www.names.org/lists/by-origin/yoruba/
282,Ire,male,african,https://www.names.org/lists/by-origin/african/
283,Ebeshi,male,swahili ,https://teamgroupnames.com/swahili-boy-names/
284,Alno,male,swahili ,https://www.names.org/lists/by-origin/swahili/
285,Madini,male,swahili ,https://teamgroupnames.com/swahili-boy-names/
286,Henock,male,amharic,https://www.names.org/lists/by-origin/amharic/
287,Nzuri,male,swahili ,https://teamgroupnames.com/swahili-boy-names/
288,Ilet,female,african dutch (afrikaans) ,https://www.names.org/lists/by-origin/african-dutch-afrikaans-/
289,Hamisi,male,swahili ,https://teamgroupnames.com/swahili-boy-names/
290,Elijah,male,english,https://www.names.org/lists/by-origin/english/
291,Chaltu,female,amharic,https://www.names.org/lists/by-origin/amharic/
292,Fedha,male,swahili ,https://teamgroupnames.com/swahili-boy-names/
293,Steven,male,english,https://www.names.org/lists/by-origin/english/
294,Uzima ,female,swahili ,https://teamgroupnames.com/swahili-girl-names/
295,Lubona,female,xhosa,https://www.names.org/lists/by-origin/xhosa/
296,Oussama,male,african,https://www.names.org/lists/by-origin/african/
297,Mary,female,yoruba,https://www.names.org/lists/by-origin/yoruba/
298,Mirabel,female,yoruba,https://www.names.org/lists/by-origin/yoruba/
299,Yemi,male,yoruba,https://www.names.org/lists/by-origin/yoruba/
300,Wani,male,amharic,https://www.names.org/lists/by-origin/amharic/
301,Nafasi ,female,swahili ,https://teamgroupnames.com/swahili-girl-names/
302,Gisele,female,swahili ,https://www.names.org/lists/by-origin/swahili/
303,Chinemerem,female,igbo,https://www.names.org/lists/by-origin/igbo/
304,Chukwudi,male,igbo,https://www.names.org/lists/by-origin/igbo/
305,Sipan,male,arabic,https://www.names.org/lists/by-origin/arabic/
306,Bersabel,female,amharic,https://www.names.org/lists/by-origin/amharic/
307,Elimu,male,swahili ,https://teamgroupnames.com/swahili-boy-names/
308,Olayinka ,female,swahili ,https://teamgroupnames.com/swahili-girl-names/
309,Prescovia,female,xhosa,https://www.names.org/lists/by-origin/xhosa/
310,Oluwanifemi,male,yoruba,https://www.names.org/lists/by-origin/yoruba/
311,Kadiatu,female,african,https://www.names.org/lists/by-origin/african/
312,Maebel,female,amharic,https://www.names.org/lists/by-origin/amharic/
313,Dina,female,arabic,https://www.names.org/lists/by-origin/arabic/
314,Keisha,female,swahili ,https://www.names.org/lists/by-origin/swahili/
315,Mavia,male,arabic,https://www.names.org/lists/by-origin/arabic/
316,Las,male,arabic,https://www.names.org/lists/by-origin/arabic/
317,Zyair,male,african-american,https://www.names.org/lists/by-origin/african/
318,Zurii,female,swahili ,https://www.names.org/lists/by-origin/swahili/
319,Thuli,female,xhosa,https://www.names.org/lists/by-origin/xhosa/
320,Dozie,male,igbo,https://www.names.org/lists/by-origin/igbo/
321,Hasset,female,amharic,https://www.names.org/lists/by-origin/amharic/
322,Noran,male,swahili ,https://www.names.org/lists/by-origin/swahili/
323,Pombe,male,swahili ,https://teamgroupnames.com/swahili-boy-names/
324,Eliezel,male,swahili ,https://www.names.org/lists/by-origin/swahili/
325,Shavonte,male,swahili ,https://www.names.org/lists/by-origin/swahili/
326,Foye,female,yoruba,https://www.names.org/lists/by-origin/yoruba/
327,Tadisa,male,xhosa,https://www.names.org/lists/by-origin/xhosa/
328,Zeane,male,african dutch (afrikaans) ,https://www.names.org/lists/by-origin/african-dutch-afrikaans-/
329,Chukwuemeka,male,igbo,https://www.names.org/lists/by-origin/igbo/
330,Oluwatomiwa,male,yoruba,https://www.names.org/lists/by-origin/yoruba/
331,Lakesha,female,african,https://www.names.org/lists/by-origin/african/
332,Oluwaseun,female,yoruba,https://www.names.org/lists/by-origin/yoruba/
333,Anne,female,english,https://www.names.org/lists/by-origin/english/
334,Mekdes,female,amharic,https://www.names.org/lists/by-origin/amharic/
335,Nadira ,female,swahili ,https://teamgroupnames.com/swahili-girl-names/
336,Avela,female,african dutch (afrikaans) ,https://www.names.org/lists/by-origin/african-dutch-afrikaans-/
337,Zandre,female,african dutch (afrikaans) ,https://www.names.org/lists/by-origin/african-dutch-afrikaans-/
338,Ramani,male,swahili ,https://teamgroupnames.com/swahili-boy-names/
339,Liam,male,african dutch (afrikaans) ,https://www.names.org/lists/by-origin/african-dutch-afrikaans-/
340,Yohana,female,amharic,https://www.names.org/lists/by-origin/amharic/
341,Nkenge,female,swahili ,https://www.names.org/lists/by-origin/swahili/
342,Dania,female,arabic,https://www.names.org/lists/by-origin/arabic/
343,Rehema ,female,swahili ,https://teamgroupnames.com/swahili-girl-names/
344,Cronje,male,african dutch (afrikaans) ,https://www.names.org/lists/by-origin/african-dutch-afrikaans-/
345,Hayu,male,amharic,https://www.names.org/lists/by-origin/amharic/
346,Lefa,female,xhosa,https://www.names.org/lists/by-origin/xhosa/
347,Ithana,female,xhosa,https://www.names.org/lists/by-origin/xhosa/
348,Radi,male,swahili ,https://teamgroupnames.com/swahili-boy-names/
349,Edissa,female,swahili ,https://www.names.org/lists/by-origin/swahili/
350,Shirley,female,english,https://www.names.org/lists/by-origin/english/
351,Sirine,female,african,https://www.names.org/lists/by-origin/african/
352,Jahari,male,swahili ,https://www.names.org/lists/by-origin/swahili/
353,Bavly,male,african,https://www.names.org/lists/by-origin/african/
354,Angel,female,english,https://www.names.org/lists/by-origin/english/
355,Mohamad,male,arabic,https://www.names.org/lists/by-origin/arabic/
356,Sive,female,xhosa,https://www.names.org/lists/by-origin/xhosa/
357,Tayari,male,swahili ,https://www.names.org/lists/by-origin/swahili/
358,Pitso,male,xhosa,https://www.names.org/lists/by-origin/xhosa/
359,Oluwatimileyin,male,yoruba,https://www.names.org/lists/by-origin/yoruba/
360,Azama,male,xhosa,https://www.names.org/lists/by-origin/xhosa/
361,Cossie,male,african dutch (afrikaans) ,https://www.names.org/lists/by-origin/african-dutch-afrikaans-/
362,Sipho,male,swahili ,https://teamgroupnames.com/swahili-boy-names/
363,Amone,male,african dutch (afrikaans) ,https://www.names.org/lists/by-origin/african-dutch-afrikaans-/
364,Jeneba,female,yoruba,https://www.names.org/lists/by-origin/yoruba/
365,Bethel,female,african,https://www.names.org/lists/by-origin/african/
366,Boog,male,african dutch (afrikaans) ,https://www.names.org/lists/by-origin/african-dutch-afrikaans-/
367,Mapalo,male,xhosa,https://www.names.org/lists/by-origin/xhosa/
368,Sussie,female,african dutch (afrikaans) ,https://www.names.org/lists/by-origin/african-dutch-afrikaans-/
369,Rangi,male,swahili ,https://teamgroupnames.com/swahili-boy-names/
370,Mosi,male,swahili ,https://teamgroupnames.com/swahili-boy-names/
371,Adaora,female,igbo,https://www.names.org/lists/by-origin/igbo/
372,Natana ,female,swahili ,https://teamgroupnames.com/swahili-girl-names/
373,Tambwe,male,swahili ,https://www.names.org/lists/by-origin/swahili/
374,Imani,female,swahili ,https://www.names.org/lists/by-origin/swahili/
375,Lineo,male,xhosa,https://www.names.org/lists/by-origin/xhosa/
376,Louis,male,english,https://www.names.org/lists/by-origin/english/
377,Ameer,male,arabic,https://www.names.org/lists/by-origin/arabic/
378,Edmilson,male,xhosa,https://www.names.org/lists/by-origin/xhosa/
379,Ayzan,male,arabic,https://www.names.org/lists/by-origin/arabic/
380,Elri,female,african dutch (afrikaans) ,https://www.names.org/lists/by-origin/african-dutch-afrikaans-/
381,Nkemjika,female,igbo,https://www.names.org/lists/by-origin/igbo/
382,Mathewos,male,amharic,https://www.names.org/lists/by-origin/amharic/
383,Vinolia,female,african dutch (afrikaans) ,https://www.names.org/lists/by-origin/african-dutch-afrikaans-/
384,Feruz,male,amharic,https://www.names.org/lists/by-origin/amharic/
385,Wale,male,yoruba,https://www.names.org/lists/by-origin/yoruba/
386,Tolani,female,yoruba,https://www.names.org/lists/by-origin/yoruba/
387,Magano,male,african dutch (afrikaans) ,https://www.names.org/lists/by-origin/african-dutch-afrikaans-/
388,Zahra,female,arabic,https://www.names.org/lists/by-origin/arabic/
389,Ndege,male,swahili ,https://teamgroupnames.com/swahili-boy-names/
390,Bora,male,swahili ,https://teamgroupnames.com/swahili-boy-names/
391,Lebbie,female,yoruba,https://www.names.org/lists/by-origin/yoruba/
392,Annakay,female,english,https://www.names.org/lists/by-origin/english/
393,Liliose,female,swahili ,https://www.names.org/lists/by-origin/swahili/
394,Eduige,male,swahili ,https://www.names.org/lists/by-origin/swahili/
395,Oreoluwa,female,yoruba,https://www.names.org/lists/by-origin/yoruba/
396,Asive,female,xhosa,https://www.names.org/lists/by-origin/xhosa/
397,Alexander,male,english,https://www.names.org/lists/by-origin/english/
398,Isa,male,arabic,https://www.names.org/lists/by-origin/arabic/
399,Nelisa,female,xhosa,https://www.names.org/lists/by-origin/xhosa/
400,Shawayne,male,english,https://www.names.org/lists/by-origin/english/
401,Chuku,male,igbo,https://www.names.org/lists/by-origin/igbo/
402,Akeem,male,african-american,https://www.names.org/lists/by-origin/african/
403,Angani,male,swahili ,https://teamgroupnames.com/swahili-boy-names/
404,Imka,male,african dutch (afrikaans) ,https://www.names.org/lists/by-origin/african-dutch-afrikaans-/
405,Aletta,female,african dutch (afrikaans) ,https://www.names.org/lists/by-origin/african-dutch-afrikaans-/
406,Irvin,male,arabic,https://www.names.org/lists/by-origin/arabic/
407,Yewande ,female,swahili ,https://teamgroupnames.com/swahili-girl-names/
408,Ziora,female,igbo,https://www.names.org/lists/by-origin/igbo/
409,Ope,male,yoruba,https://www.names.org/lists/by-origin/yoruba/
410,Jatta,female,african,https://www.names.org/lists/by-origin/african/
411,Philisa,female,xhosa,https://www.names.org/lists/by-origin/xhosa/
412,Seray,female,yoruba,https://www.names.org/lists/by-origin/yoruba/
413,Kelia,female,swahili ,https://www.names.org/lists/by-origin/swahili/
414,Nnenna,female,igbo,https://www.names.org/lists/by-origin/igbo/
415,Chioma,female,igbo,https://www.names.org/lists/by-origin/igbo/
416,Jambo,male,swahili ,https://teamgroupnames.com/swahili-boy-names/
417,Monja,female,african dutch (afrikaans) ,https://www.names.org/lists/by-origin/african-dutch-afrikaans-/
418,Fadhili,male,swahili ,https://teamgroupnames.com/swahili-boy-names/
419,Sydney,female,english,https://www.names.org/lists/by-origin/english/
420,Kiongozi,male,swahili ,https://teamgroupnames.com/swahili-boy-names/
421,Ojo,male,yoruba,https://www.names.org/lists/by-origin/yoruba/
422,Nya,female,swahili ,https://www.names.org/lists/by-origin/swahili/
423,Delisa,female,african,https://www.names.org/lists/by-origin/african/
424,Eyosias,male,african,https://www.names.org/lists/by-origin/african/
425,Onyedikachi,male,igbo,https://www.names.org/lists/by-origin/igbo/
426,Bomani,male,swahili ,https://teamgroupnames.com/swahili-boy-names/
427,Tsega,female,amharic,https://www.names.org/lists/by-origin/amharic/
428,Jacobus,male,african dutch (afrikaans) ,https://www.names.org/lists/by-origin/african-dutch-afrikaans-/
429,Jabira ,female,swahili ,https://teamgroupnames.com/swahili-girl-names/
430,Imani ,female,swahili ,https://teamgroupnames.com/swahili-girl-names/
431,Tolo,female,xhosa,https://www.names.org/lists/by-origin/xhosa/
432,Delav,male,arabic,https://www.names.org/lists/by-origin/arabic/
433,Togba,male,yoruba,https://www.names.org/lists/by-origin/yoruba/
434,Dunia,male,swahili ,https://teamgroupnames.com/swahili-boy-names/
435,Evana,female,amharic,https://www.names.org/lists/by-origin/amharic/
436,Nneoma,female,igbo,https://www.names.org/lists/by-origin/igbo/
437,Chizitelu,female,igbo,https://www.names.org/lists/by-origin/igbo/
438,Kevaughn,male,english,https://www.names.org/lists/by-origin/english/
439,Kiboko,male,swahili ,https://teamgroupnames.com/swahili-boy-names/
440,Ian,male,english,https://www.names.org/lists/by-origin/english/
441,Tawanda,female,african,https://www.names.org/lists/by-origin/african/
442,Marwen,male,arabic,https://www.names.org/lists/by-origin/arabic/
443,Marquavious,male,swahili ,https://www.names.org/lists/by-origin/swahili/
444,Shaquille,male,arabic,https://www.names.org/lists/by-origin/arabic/
445,Mugisha,male,swahili ,https://www.names.org/lists/by-origin/swahili/
446,Doris,female,english,https://www.names.org/lists/by-origin/english/
447,Kai,male,english,https://www.names.org/lists/by-origin/english/
448,Daisi,female,yoruba,https://www.names.org/lists/by-origin/yoruba/
449,Lianie,female,african dutch (afrikaans) ,https://www.names.org/lists/by-origin/african-dutch-afrikaans-/
450,Joan,female,english,https://www.names.org/lists/by-origin/english/
451,Lily,female,english,https://www.names.org/lists/by-origin/english/
452,Kahawa,male,swahili ,https://teamgroupnames.com/swahili-boy-names/
453,Kiara,female,english,https://www.names.org/lists/by-origin/english/
454,Ekene,male,igbo,https://www.names.org/lists/by-origin/igbo/
455,Alaa,male,amharic,https://www.names.org/lists/by-origin/amharic/
456,Caleb,male,english,https://www.names.org/lists/by-origin/english/
457,Khalil,male,arabic,https://www.names.org/lists/by-origin/arabic/
458,Oni,female,yoruba,https://www.names.org/lists/by-origin/yoruba/
459,Jahbari,male,swahili ,https://www.names.org/lists/by-origin/swahili/
460,Mmunga,male,swahili ,https://www.names.org/lists/by-origin/swahili/
461,Taji ,female,swahili ,https://teamgroupnames.com/swahili-girl-names/
462,Olivia,female,english,https://www.names.org/lists/by-origin/english/
463,Chibuikem,male,igbo,https://www.names.org/lists/by-origin/igbo/
464,Moyo,male,yoruba,https://www.names.org/lists/by-origin/yoruba/
465,Zaire,male,african-american,https://www.names.org/lists/by-origin/african/
466,Ghaidaa ,female,swahili ,https://teamgroupnames.com/swahili-girl-names/
467,Oluwatoyin,female,yoruba,https://www.names.org/lists/by-origin/yoruba/
468,Yasmina ,female,swahili ,https://teamgroupnames.com/swahili-girl-names/
469,Letago,female,african dutch (afrikaans) ,https://www.names.org/lists/by-origin/african-dutch-afrikaans-/
470,Michael,male,african dutch (afrikaans) ,https://www.names.org/lists/by-origin/african-dutch-afrikaans-/
471,Dylan,male,african dutch (afrikaans) ,https://www.names.org/lists/by-origin/african-dutch-afrikaans-/
472,Alora,female,african,https://www.names.org/lists/by-origin/african/
473,Hassan,male,arabic,https://www.names.org/lists/by-origin/arabic/
474,Anelisa,female,african dutch (afrikaans) ,https://www.names.org/lists/by-origin/african-dutch-afrikaans-/
475,Katherine,female,english,https://www.names.org/lists/by-origin/english/
476,Piga ,female,swahili ,https://teamgroupnames.com/swahili-girl-names/
477,Clenie,female,swahili ,https://www.names.org/lists/by-origin/swahili/
478,Lezanne,female,african dutch (afrikaans) ,https://www.names.org/lists/by-origin/african-dutch-afrikaans-/
479,Ghida,female,arabic,https://www.names.org/lists/by-origin/arabic/
480,Nyah,female,african,https://www.names.org/lists/by-origin/african/
481,Anisa,female,arabic,https://www.names.org/lists/by-origin/arabic/
482,Tyriq,male,african,https://www.names.org/lists/by-origin/african/
483,Imara ,female,swahili ,https://teamgroupnames.com/swahili-girl-names/
484,Shenelle,female,english,https://www.names.org/lists/by-origin/english/
485,Mahder,female,amharic,https://www.names.org/lists/by-origin/amharic/
486,Kangethe,male,swahili ,https://www.names.org/lists/by-origin/swahili/
487,Chidera,male,african,https://www.names.org/lists/by-origin/african/
488,Jaden,male,english,https://www.names.org/lists/by-origin/english/
489,Sekani,male,african,https://www.names.org/lists/by-origin/african/
490,Anjolaoluwa,female,yoruba,https://www.names.org/lists/by-origin/yoruba/
491,Aaliyah,female,arabic,https://www.names.org/lists/by-origin/arabic/
492,Naledi,female,african dutch (afrikaans) ,https://www.names.org/lists/by-origin/african-dutch-afrikaans-/
493,Olasunkanmi,male,yoruba,https://www.names.org/lists/by-origin/yoruba/
494,Rondell,male,african-american,https://www.names.org/lists/by-origin/african/
495,Mackline,female,swahili ,https://www.names.org/lists/by-origin/swahili/
496,Luyanda,female,african,https://www.names.org/lists/by-origin/african/
497,Ajanaku,male,yoruba,https://www.names.org/lists/by-origin/yoruba/
498,Tumaini,male,swahili ,https://teamgroupnames.com/swahili-boy-names/
499,Rafiki,male,swahili ,https://teamgroupnames.com/swahili-boy-names/
500,Deeqa,female,arabic,https://www.names.org/lists/by-origin/arabic/
501,Raha ,female,swahili ,https://teamgroupnames.com/swahili-girl-names/
502,Kevin,male,swahili ,https://www.names.org/lists/by-origin/swahili/
503,Rovan,male,arabic,https://www.names.org/lists/by-origin/arabic/
504,Shaun,male,african dutch (afrikaans) ,https://www.names.org/lists/by-origin/african-dutch-afrikaans-/
505,Ziane,female,african dutch (afrikaans) ,https://www.names.org/lists/by-origin/african-dutch-afrikaans-/
506,Shemar,male,english,https://www.names.org/lists/by-origin/english/
507,Inam,male,xhosa,https://www.names.org/lists/by-origin/xhosa/
508,Tinsae,male,amharic,https://www.names.org/lists/by-origin/amharic/
509,Anitha,female,swahili ,https://www.names.org/lists/by-origin/swahili/
510,Elom,male,amharic,https://www.names.org/lists/by-origin/amharic/
511,Amnen,male,amharic,https://www.names.org/lists/by-origin/amharic/
512,Amen,female,amharic,https://www.names.org/lists/by-origin/amharic/
513,Sakariye,male,african,https://www.names.org/lists/by-origin/african/
514,Khiryn,male,african dutch (afrikaans) ,https://www.names.org/lists/by-origin/african-dutch-afrikaans-/
515,Genet,female,amharic,https://www.names.org/lists/by-origin/amharic/
516,Ghubari,male,swahili ,https://teamgroupnames.com/swahili-boy-names/
517,Kenechi,male,igbo,https://www.names.org/lists/by-origin/igbo/
518,Yostina,female,african,https://www.names.org/lists/by-origin/african/
519,Zineb,female,arabic,https://www.names.org/lists/by-origin/arabic/
520,Gebreyesus,male,amharic,https://www.names.org/lists/by-origin/amharic/
521,Dunia ,female,swahili ,https://teamgroupnames.com/swahili-girl-names/
522,Samuel,male,amharic,https://www.names.org/lists/by-origin/amharic/
523,Kamani,female,swahili ,https://www.names.org/lists/by-origin/swahili/
524,Amin,male,arabic,https://www.names.org/lists/by-origin/arabic/
525,Brittanya,female,african,https://www.names.org/lists/by-origin/african/
526,Ackson,male,xhosa,https://www.names.org/lists/by-origin/xhosa/
527,Chane,female,african dutch (afrikaans) ,https://www.names.org/lists/by-origin/african-dutch-afrikaans-/
528,Vidya ,female,swahili ,https://teamgroupnames.com/swahili-girl-names/
529,Lisimba,male,swahili ,https://teamgroupnames.com/swahili-boy-names/
530,Donatha,female,swahili ,https://www.names.org/lists/by-origin/swahili/
531,Limau,male,swahili ,https://teamgroupnames.com/swahili-boy-names/
532,Robinique,female,african dutch (afrikaans) ,https://www.names.org/lists/by-origin/african-dutch-afrikaans-/
533,Kamsiyochi,female,igbo,https://www.names.org/lists/by-origin/igbo/
534,Etia,female,swahili ,https://www.names.org/lists/by-origin/swahili/
535,Sahand,male,arabic,https://www.names.org/lists/by-origin/arabic/
536,Mwanza,male,xhosa,https://www.names.org/lists/by-origin/xhosa/
537,Thandiwe,female,xhosa,https://www.names.org/lists/by-origin/xhosa/
538,Jomo,male,swahili ,https://www.names.org/lists/by-origin/swahili/
539,Monique,female,african dutch (afrikaans) ,https://www.names.org/lists/by-origin/african-dutch-afrikaans-/
540,Jameel,male,arabic,https://www.names.org/lists/by-origin/arabic/
541,Alizeti ,female,swahili ,https://teamgroupnames.com/swahili-girl-names/
542,Haboon,female,arabic,https://www.names.org/lists/by-origin/arabic/
543,Zhila,female,arabic,https://www.names.org/lists/by-origin/arabic/
544,Ajabu,male,swahili ,https://teamgroupnames.com/swahili-boy-names/
545,Mijah,male,african,https://www.names.org/lists/by-origin/african/
546,Zinachimdi,female,igbo,https://www.names.org/lists/by-origin/igbo/
547,Gabi,male,swahili ,https://teamgroupnames.com/swahili-boy-names/
548,Ogechi ,female,swahili ,https://teamgroupnames.com/swahili-girl-names/
549,Layla ,female,swahili ,https://teamgroupnames.com/swahili-girl-names/
550,Katika,female,swahili ,https://www.names.org/lists/by-origin/swahili/
551,Kellia,female,swahili ,https://www.names.org/lists/by-origin/swahili/
552,Fred,male,english,https://www.names.org/lists/by-origin/english/
553,Selamawit,female,amharic,https://www.names.org/lists/by-origin/amharic/
554,Morlai,male,african,https://www.names.org/lists/by-origin/african/
555,Chukwubuikem,male,igbo,https://www.names.org/lists/by-origin/igbo/
556,Dehan,male,african dutch (afrikaans) ,https://www.names.org/lists/by-origin/african-dutch-afrikaans-/
557,Mengistu,male,amharic,https://www.names.org/lists/by-origin/amharic/
558,Marcus,male,english,https://www.names.org/lists/by-origin/english/
559,Chapati,male,swahili ,https://teamgroupnames.com/swahili-boy-names/
560,Laini ,female,swahili ,https://teamgroupnames.com/swahili-girl-names/
561,Hydara,male,african,https://www.names.org/lists/by-origin/african/
562,Dominion,male,yoruba,https://www.names.org/lists/by-origin/yoruba/
563,Kamari,male,swahili ,https://teamgroupnames.com/swahili-boy-names/
564,Naude,female,african dutch (afrikaans) ,https://www.names.org/lists/by-origin/african-dutch-afrikaans-/
565,Leul,male,amharic,https://www.names.org/lists/by-origin/amharic/
566,Ojukwu,female,igbo,https://www.names.org/lists/by-origin/igbo/
567,Ayan,male,arabic,https://www.names.org/lists/by-origin/arabic/
568,Oluwatamilore,male,yoruba,https://www.names.org/lists/by-origin/yoruba/
569,Elysee,male,swahili ,https://www.names.org/lists/by-origin/swahili/
570,Linka,female,swahili ,https://www.names.org/lists/by-origin/swahili/
571,Tobenna,male,igbo,https://www.names.org/lists/by-origin/igbo/
572,Sana,female,arabic,https://www.names.org/lists/by-origin/arabic/
573,Bhele,male,xhosa,https://www.names.org/lists/by-origin/xhosa/
574,Reydel,female,arabic,https://www.names.org/lists/by-origin/arabic/
575,Raha,male,swahili ,https://teamgroupnames.com/swahili-boy-names/
576,Altus,male,african dutch (afrikaans) ,https://www.names.org/lists/by-origin/african-dutch-afrikaans-/
577,Dedre,female,african dutch (afrikaans) ,https://www.names.org/lists/by-origin/african-dutch-afrikaans-/
578,Nyana,female,swahili ,https://www.names.org/lists/by-origin/swahili/
579,Precious,female,igbo,https://www.names.org/lists/by-origin/igbo/
580,Rebecca,female,english,https://www.names.org/lists/by-origin/english/
581,Rewina,male,amharic,https://www.names.org/lists/by-origin/amharic/
582,Bertus,male,african dutch (afrikaans) ,https://www.names.org/lists/by-origin/african-dutch-afrikaans-/
583,Tayo,male,yoruba,https://www.names.org/lists/by-origin/yoruba/
584,Decontee,female,african,https://www.names.org/lists/by-origin/african/
585,Badru,male,swahili ,https://teamgroupnames.com/swahili-boy-names/
586,Roho,male,swahili ,https://teamgroupnames.com/swahili-boy-names/
587,Tamika ,female,swahili ,https://teamgroupnames.com/swahili-girl-names/
588,Osman,male,arabic,https://www.names.org/lists/by-origin/arabic/
589,Osinachi,female,african,https://www.names.org/lists/by-origin/african/
590,Shammah,male,swahili ,https://www.names.org/lists/by-origin/swahili/
591,Okereke,female,igbo,https://www.names.org/lists/by-origin/igbo/
592,Mohamud,male,arabic,https://www.names.org/lists/by-origin/arabic/
593,Nathan,male,african dutch (afrikaans) ,https://www.names.org/lists/by-origin/african-dutch-afrikaans-/
594,Sherryann,female,english,https://www.names.org/lists/by-origin/english/
595,Eleda,female,yoruba,https://www.names.org/lists/by-origin/yoruba/
596,Fumi,female,yoruba,https://www.names.org/lists/by-origin/yoruba/
597,Rasheed,male,arabic,https://www.names.org/lists/by-origin/arabic/
598,Naella,female,swahili ,https://www.names.org/lists/by-origin/swahili/
599,Ivane,female,african dutch (afrikaans) ,https://www.names.org/lists/by-origin/african-dutch-afrikaans-/
600,Nicholaas,male,african dutch (afrikaans) ,https://www.names.org/lists/by-origin/african-dutch-afrikaans-/
601,Mianca,female,african dutch (afrikaans) ,https://www.names.org/lists/by-origin/african-dutch-afrikaans-/
602,Sannoh,male,yoruba,https://www.names.org/lists/by-origin/yoruba/
603,Saquon,male,african,https://www.names.org/lists/by-origin/african/
604,Munasar,male,african,https://www.names.org/lists/by-origin/african/
605,Denyse,female,swahili ,https://www.names.org/lists/by-origin/swahili/
606,Steve,male,english,https://www.names.org/lists/by-origin/english/
607,Filsan,female,arabic,https://www.names.org/lists/by-origin/arabic/
608,Kivuli ,female,swahili ,https://teamgroupnames.com/swahili-girl-names/
609,Ugonna,female,igbo,https://www.names.org/lists/by-origin/igbo/
610,Kamsi,female,african,https://www.names.org/lists/by-origin/african/
611,Charl,male,african dutch (afrikaans) ,https://www.names.org/lists/by-origin/african-dutch-afrikaans-/
612,Waweru,male,swahili ,https://www.names.org/lists/by-origin/swahili/
613,Ibrahim,male,arabic,https://www.names.org/lists/by-origin/arabic/
614,Amaza,male,xhosa,https://www.names.org/lists/by-origin/xhosa/
615,John,male,swahili ,https://www.names.org/lists/by-origin/swahili/
616,Tai,male,swahili ,https://teamgroupnames.com/swahili-boy-names/
617,Layola,female,xhosa,https://www.names.org/lists/by-origin/xhosa/
618,Evar,male,arabic,https://www.names.org/lists/by-origin/arabic/
619,Kamsi,male,african,https://www.names.org/lists/by-origin/african/
620,Elihu,male,swahili ,https://teamgroupnames.com/swahili-boy-names/
621,Luyanda,male,swahili ,https://www.names.org/lists/by-origin/swahili/
622,Haile,male,amharic,https://www.names.org/lists/by-origin/amharic/
623,Ona,male,swahili ,https://teamgroupnames.com/swahili-boy-names/
624,Lawrenta,female,igbo,https://www.names.org/lists/by-origin/igbo/
625,Muchiri,male,swahili ,https://www.names.org/lists/by-origin/swahili/
626,Tesfa,male,amharic,https://www.names.org/lists/by-origin/amharic/
627,Fillemon,male,african dutch (afrikaans) ,https://www.names.org/lists/by-origin/african-dutch-afrikaans-/
628,Pendo,female,swahili ,https://www.names.org/lists/by-origin/swahili/
629,Tamil,female,english,https://www.names.org/lists/by-origin/english/
630,Mikaia,female,african,https://www.names.org/lists/by-origin/african/
631,Abdifatah,male,african,https://www.names.org/lists/by-origin/african/
632,Concy,male,amharic,https://www.names.org/lists/by-origin/amharic/
633,Decontee,male,african,https://www.names.org/lists/by-origin/african/
634,Guitta,female,arabic,https://www.names.org/lists/by-origin/arabic/
635,Ayanda,female,swahili ,https://www.names.org/lists/by-origin/swahili/
636,Arhaan,male,arabic,https://www.names.org/lists/by-origin/arabic/
637,Yejide ,female,swahili ,https://teamgroupnames.com/swahili-girl-names/
638,Ngor,female,amharic,https://www.names.org/lists/by-origin/amharic/
639,Rakiatu,female,yoruba,https://www.names.org/lists/by-origin/yoruba/
640,Vestine,female,swahili ,https://www.names.org/lists/by-origin/swahili/
641,Bezawit,female,amharic,https://www.names.org/lists/by-origin/amharic/
642,Onika,female,african,https://www.names.org/lists/by-origin/african/
643,Douglas,male,english,https://www.names.org/lists/by-origin/english/
644,Chinaza,female,igbo,https://www.names.org/lists/by-origin/igbo/
645,Ezdan,male,arabic,https://www.names.org/lists/by-origin/arabic/
646,Olaoluwa,male,yoruba,https://www.names.org/lists/by-origin/yoruba/
647,Lucia,female,african dutch (afrikaans) ,https://www.names.org/lists/by-origin/african-dutch-afrikaans-/
648,Juwon,male,yoruba,https://www.names.org/lists/by-origin/yoruba/
649,Deon,male,african-american,https://www.names.org/lists/by-origin/african/
650,Yared,male,amharic,https://www.names.org/lists/by-origin/amharic/
651,Ruan,male,african dutch (afrikaans) ,https://www.names.org/lists/by-origin/african-dutch-afrikaans-/
652,Ireoluwa,female,yoruba,https://www.names.org/lists/by-origin/yoruba/
653,Shandre,male,african dutch (afrikaans) ,https://www.names.org/lists/by-origin/african-dutch-afrikaans-/
654,Katalea,female,arabic,https://www.names.org/lists/by-origin/arabic/
655,Aliha,female,arabic,https://www.names.org/lists/by-origin/arabic/
656,Zamaria,female,swahili ,https://www.names.org/lists/by-origin/swahili/
657,Sanneh,male,african,https://www.names.org/lists/by-origin/african/
658,Christabel,female,igbo,https://www.names.org/lists/by-origin/igbo/
659,Linda,female,african dutch (afrikaans) ,https://www.names.org/lists/by-origin/african-dutch-afrikaans-/
660,Omotayo,female,yoruba,https://www.names.org/lists/by-origin/yoruba/
661,Kissi,male,yoruba,https://www.names.org/lists/by-origin/yoruba/
662,Mwangi,male,swahili ,https://www.names.org/lists/by-origin/swahili/
663,Michelle,female,african dutch (afrikaans) ,https://www.names.org/lists/by-origin/african-dutch-afrikaans-/
664,Ogbu,male,igbo,https://www.names.org/lists/by-origin/igbo/
665,Marvis,male,african,https://www.names.org/lists/by-origin/african/
666,Juane,female,african dutch (afrikaans) ,https://www.names.org/lists/by-origin/african-dutch-afrikaans-/
667,Obianuju,female,igbo,https://www.names.org/lists/by-origin/igbo/
668,Haylene,female,african dutch (afrikaans) ,https://www.names.org/lists/by-origin/african-dutch-afrikaans-/
669,Adewale,male,yoruba,https://www.names.org/lists/by-origin/yoruba/
670,Liyan,male,arabic,https://www.names.org/lists/by-origin/arabic/
671,Ozioma,male,igbo,https://www.names.org/lists/by-origin/igbo/
672,Mijah,female,african,https://www.names.org/lists/by-origin/african/
673,Susara,female,african dutch (afrikaans) ,https://www.names.org/lists/by-origin/african-dutch-afrikaans-/
674,Emnet,female,amharic,https://www.names.org/lists/by-origin/amharic/
675,Antonio,male,english,https://www.names.org/lists/by-origin/english/
676,Kenisha,female,african,https://www.names.org/lists/by-origin/african/
677,Isaac,male,english,https://www.names.org/lists/by-origin/english/
678,Jojo,female,african,https://www.names.org/lists/by-origin/african/
679,Afamefuna,male,igbo,https://www.names.org/lists/by-origin/igbo/
680,Lina,female,arabic,https://www.names.org/lists/by-origin/arabic/
681,Isioma,female,igbo,https://www.names.org/lists/by-origin/igbo/
682,Denique,female,english,https://www.names.org/lists/by-origin/english/
683,Takisha ,female,swahili ,https://teamgroupnames.com/swahili-girl-names/
684,Arike,female,african,https://www.names.org/lists/by-origin/african/
685,Asunta,female,amharic,https://www.names.org/lists/by-origin/amharic/
686,Lyla,female,arabic,https://www.names.org/lists/by-origin/arabic/
687,Dereje,male,amharic,https://www.names.org/lists/by-origin/amharic/
688,Nuella,female,yoruba,https://www.names.org/lists/by-origin/yoruba/
689,Ruaan,male,african dutch (afrikaans) ,https://www.names.org/lists/by-origin/african-dutch-afrikaans-/
690,Yoakin,female,african,https://www.names.org/lists/by-origin/african/
691,Timileyin,female,igbo,https://www.names.org/lists/by-origin/igbo/
692,Duante,male,african dutch (afrikaans) ,https://www.names.org/lists/by-origin/african-dutch-afrikaans-/
693,Salamatu,female,african,https://www.names.org/lists/by-origin/african/
694,Funzi,male,swahili ,https://teamgroupnames.com/swahili-boy-names/
695,Busani,female,xhosa,https://www.names.org/lists/by-origin/xhosa/
696,Ajanaku,female,igbo,https://www.names.org/lists/by-origin/igbo/
697,Judi,female,arabic,https://www.names.org/lists/by-origin/arabic/
698,Ozil,male,arabic,https://www.names.org/lists/by-origin/arabic/
699,Ebyan,female,african,https://www.names.org/lists/by-origin/african/
700,Chimbusomma,female,igbo,https://www.names.org/lists/by-origin/igbo/
701,Nasir,male,arabic,https://www.names.org/lists/by-origin/arabic/
702,Chuku,female,igbo,https://www.names.org/lists/by-origin/igbo/
703,Candace,female,african,https://www.names.org/lists/by-origin/african/
704,Looth,male,arabic,https://www.names.org/lists/by-origin/arabic/
705,Alexandra,female,english,https://www.names.org/lists/by-origin/english/
706,Azizi,male,swahili ,https://teamgroupnames.com/swahili-boy-names/
707,Lailah,female,arabic,https://www.names.org/lists/by-origin/arabic/
708,Iremide,female,yoruba,https://www.names.org/lists/by-origin/yoruba/
709,Xena ,female,swahili ,https://teamgroupnames.com/swahili-girl-names/
710,Scovia,female,swahili ,https://www.names.org/lists/by-origin/swahili/
711,Endelea ,female,swahili ,https://teamgroupnames.com/swahili-girl-names/
712,Abyssinia,female,amharic,https://www.names.org/lists/by-origin/amharic/
713,Benzema,male,arabic,https://www.names.org/lists/by-origin/arabic/
714,Ruhama,female,amharic,https://www.names.org/lists/by-origin/amharic/
715,Solyana,female,african,https://www.names.org/lists/by-origin/african/
716,Jawara,male,swahili ,https://www.names.org/lists/by-origin/swahili/
717,Chineye,female,igbo,https://www.names.org/lists/by-origin/igbo/
718,Zhulia,female,arabic,https://www.names.org/lists/by-origin/arabic/
719,Folarin,male,yoruba,https://www.names.org/lists/by-origin/yoruba/
720,Kiah,female,african,https://www.names.org/lists/by-origin/african/
721,Katie,female,english,https://www.names.org/lists/by-origin/english/
722,Munachi,male,igbo,https://www.names.org/lists/by-origin/igbo/
723,Chinenye,female,igbo,https://www.names.org/lists/by-origin/igbo/
724,Lydia,female,african dutch (afrikaans) ,https://www.names.org/lists/by-origin/african-dutch-afrikaans-/
725,Quinella ,female,swahili ,https://teamgroupnames.com/swahili-girl-names/
726,Jaco,male,african dutch (afrikaans) ,https://www.names.org/lists/by-origin/african-dutch-afrikaans-/
727,Nyjah,male,swahili ,https://www.names.org/lists/by-origin/swahili/
728,Shaquanda,female,swahili ,https://www.names.org/lists/by-origin/swahili/
729,Johanna,female,african dutch (afrikaans) ,https://www.names.org/lists/by-origin/african-dutch-afrikaans-/
730,Weah,female,yoruba,https://www.names.org/lists/by-origin/yoruba/
731,Phelo,male,xhosa,https://www.names.org/lists/by-origin/xhosa/
732,Momoh,male,african,https://www.names.org/lists/by-origin/african/
733,Amare,male,african-american,https://www.names.org/lists/by-origin/african/
734,Ayinde,male,yoruba,https://www.names.org/lists/by-origin/yoruba/
735,Bustani,male,swahili ,https://teamgroupnames.com/swahili-boy-names/
736,Tsion,female,amharic,https://www.names.org/lists/by-origin/amharic/
737,Dagim,male,amharic,https://www.names.org/lists/by-origin/amharic/
738,Rahel,female,amharic,https://www.names.org/lists/by-origin/amharic/
739,Nazi,male,swahili ,https://teamgroupnames.com/swahili-boy-names/
740,Zolani,male,xhosa,https://www.names.org/lists/by-origin/xhosa/
741,Effiong,male,yoruba,https://www.names.org/lists/by-origin/yoruba/
742,Kelechukwu,female,igbo,https://www.names.org/lists/by-origin/igbo/
743,Chiedozie,male,igbo,https://www.names.org/lists/by-origin/igbo/
744,Jare,male,yoruba,https://www.names.org/lists/by-origin/yoruba/
745,Tochukwu,female,igbo,https://www.names.org/lists/by-origin/igbo/
746,Ryan,male,english,https://www.names.org/lists/by-origin/english/
747,Zandri,female,african dutch (afrikaans) ,https://www.names.org/lists/by-origin/african-dutch-afrikaans-/
748,Hawanatu,female,african,https://www.names.org/lists/by-origin/african/
749,Oma,male,swahili ,https://teamgroupnames.com/swahili-boy-names/
750,Yazmin,female,arabic,https://www.names.org/lists/by-origin/arabic/
751,Hiwot,female,amharic,https://www.names.org/lists/by-origin/amharic/
752,Zintle,female,xhosa,https://www.names.org/lists/by-origin/xhosa/
753,Ekemini,female,igbo,https://www.names.org/lists/by-origin/igbo/
754,Kamili,male,swahili ,https://teamgroupnames.com/swahili-boy-names/
755,Natasha,female,african dutch (afrikaans) ,https://www.names.org/lists/by-origin/african-dutch-afrikaans-/
756,Monde,male,african dutch (afrikaans) ,https://www.names.org/lists/by-origin/african-dutch-afrikaans-/
757,Romola,female,yoruba,https://www.names.org/lists/by-origin/yoruba/
758,Ayzin,male,arabic,https://www.names.org/lists/by-origin/arabic/
759,Luwan,male,african dutch (afrikaans) ,https://www.names.org/lists/by-origin/african-dutch-afrikaans-/
760,Ithana,male,xhosa,https://www.names.org/lists/by-origin/xhosa/
761,Gregory,male,english,https://www.names.org/lists/by-origin/english/
762,Lindi ,female,swahili ,https://teamgroupnames.com/swahili-girl-names/
763,Brittany,female,english,https://www.names.org/lists/by-origin/english/
764,Jodian,female,english,https://www.names.org/lists/by-origin/english/
765,Vernard,male,african-american,https://www.names.org/lists/by-origin/african/
766,Luandre,male,african dutch (afrikaans) ,https://www.names.org/lists/by-origin/african-dutch-afrikaans-/
767,Sabrina,female,arabic,https://www.names.org/lists/by-origin/arabic/
768,Bob,male,english,https://www.names.org/lists/by-origin/english/
769,Innocentia,female,african dutch (afrikaans) ,https://www.names.org/lists/by-origin/african-dutch-afrikaans-/
770,Yolandi,female,african dutch (afrikaans) ,https://www.names.org/lists/by-origin/african-dutch-afrikaans-/
771,Danile,male,xhosa,https://www.names.org/lists/by-origin/xhosa/
772,Haja,female,yoruba,https://www.names.org/lists/by-origin/yoruba/
773,Rasheedat,female,igbo,https://www.names.org/lists/by-origin/igbo/
774,Abdullah,male,arabic,https://www.names.org/lists/by-origin/arabic/
775,Amara ,female,swahili ,https://teamgroupnames.com/swahili-girl-names/
776,Kevine,male,swahili ,https://www.names.org/lists/by-origin/swahili/
777,Latifa ,female,swahili ,https://teamgroupnames.com/swahili-girl-names/
778,Ronald,male,english,https://www.names.org/lists/by-origin/english/
779,Neria,female,swahili ,https://www.names.org/lists/by-origin/swahili/
780,Jerryline,female,yoruba,https://www.names.org/lists/by-origin/yoruba/
781,Ruth,female,amharic,https://www.names.org/lists/by-origin/amharic/
782,Eyob,male,amharic,https://www.names.org/lists/by-origin/amharic/
783,Anien,male,african dutch (afrikaans) ,https://www.names.org/lists/by-origin/african-dutch-afrikaans-/
784,Tawanna,female,african,https://www.names.org/lists/by-origin/african/
785,Wayne,male,english,https://www.names.org/lists/by-origin/english/
786,Chui ,female,swahili ,https://teamgroupnames.com/swahili-girl-names/
787,Timi,female,yoruba,https://www.names.org/lists/by-origin/yoruba/
788,Rahwa,female,amharic,https://www.names.org/lists/by-origin/amharic/
789,Kiza,male,swahili ,https://www.names.org/lists/by-origin/swahili/
790,Ihuoma,female,igbo,https://www.names.org/lists/by-origin/igbo/
791,Dominic,male,english,https://www.names.org/lists/by-origin/english/
792,Naol,male,african,https://www.names.org/lists/by-origin/african/
793,Aminata,female,yoruba,https://www.names.org/lists/by-origin/yoruba/
794,Kweisi,male,swahili ,https://www.names.org/lists/by-origin/swahili/
795,Hamdallah,female,igbo,https://www.names.org/lists/by-origin/igbo/
796,Adetokunbo,male,yoruba,https://www.names.org/lists/by-origin/yoruba/
797,Jahaira,female,swahili ,https://www.names.org/lists/by-origin/swahili/
798,Nalia,female,swahili ,https://www.names.org/lists/by-origin/swahili/
799,Theunis,male,african dutch (afrikaans) ,https://www.names.org/lists/by-origin/african-dutch-afrikaans-/
800,Kijana,female,swahili ,https://www.names.org/lists/by-origin/swahili/
801,Usawa ,female,swahili ,https://teamgroupnames.com/swahili-girl-names/
802,Memory,female,african dutch (afrikaans) ,https://www.names.org/lists/by-origin/african-dutch-afrikaans-/
803,Lodi,male,swahili ,https://teamgroupnames.com/swahili-boy-names/
804,Hevar,male,arabic,https://www.names.org/lists/by-origin/arabic/
805,Anaela,female,swahili ,https://www.names.org/lists/by-origin/swahili/
806,Alex,male,swahili ,https://www.names.org/lists/by-origin/swahili/
807,Noah,male,english,https://www.names.org/lists/by-origin/english/
808,Avene,male,xhosa,https://www.names.org/lists/by-origin/xhosa/
809,Munachi,female,igbo,https://www.names.org/lists/by-origin/igbo/
810,Sunel,male,african dutch (afrikaans) ,https://www.names.org/lists/by-origin/african-dutch-afrikaans-/
811,Laone,female,african,https://www.names.org/lists/by-origin/african/
812,Caitlin,female,english,https://www.names.org/lists/by-origin/english/
813,Sam,male,english,https://www.names.org/lists/by-origin/english/
814,Noliwe,female,xhosa,https://www.names.org/lists/by-origin/xhosa/
815,Larona,male,xhosa,https://www.names.org/lists/by-origin/xhosa/
816,Emrakel,male,african,https://www.names.org/lists/by-origin/african/
817,Chisimdi,female,igbo,https://www.names.org/lists/by-origin/igbo/
818,Solam,female,xhosa,https://www.names.org/lists/by-origin/xhosa/
819,Jan,male,african dutch (afrikaans) ,https://www.names.org/lists/by-origin/african-dutch-afrikaans-/
820,Simi,female,yoruba,https://www.names.org/lists/by-origin/yoruba/
821,Laquan,male,african-american,https://www.names.org/lists/by-origin/african/
822,Ifeanyi,male,yoruba,https://www.names.org/lists/by-origin/yoruba/
823,Benitha,female,swahili ,https://www.names.org/lists/by-origin/swahili/
824,Nande,male,xhosa,https://www.names.org/lists/by-origin/xhosa/
825,Hydara,female,african,https://www.names.org/lists/by-origin/african/
826,Sanele,female,african dutch (afrikaans) ,https://www.names.org/lists/by-origin/african-dutch-afrikaans-/
827,Johari,female,swahili ,https://www.names.org/lists/by-origin/swahili/
828,Norraine,female,arabic,https://www.names.org/lists/by-origin/arabic/
829,Daniel,male,african dutch (afrikaans) ,https://www.names.org/lists/by-origin/african-dutch-afrikaans-/
830,Margaret,female,english,https://www.names.org/lists/by-origin/english/
831,Amani,male,swahili ,https://teamgroupnames.com/swahili-boy-names/
832,Ayomide,male,african,https://www.names.org/lists/by-origin/african/
833,Dweh,male,yoruba,https://www.names.org/lists/by-origin/yoruba/
834,Onyinye,female,igbo,https://www.names.org/lists/by-origin/igbo/
835,Timaya,female,amharic,https://www.names.org/lists/by-origin/amharic/
836,Mbah,female,igbo,https://www.names.org/lists/by-origin/igbo/
837,Chinelo,female,igbo,https://www.names.org/lists/by-origin/igbo/
838,Gonga,male,swahili ,https://teamgroupnames.com/swahili-boy-names/
839,Adriaan,male,african dutch (afrikaans) ,https://www.names.org/lists/by-origin/african-dutch-afrikaans-/
840,Bojang,female,african,https://www.names.org/lists/by-origin/african/
841,Sabela,female,amharic,https://www.names.org/lists/by-origin/amharic/
842,Mutinta,male,xhosa,https://www.names.org/lists/by-origin/xhosa/
843,Cebo,female,xhosa,https://www.names.org/lists/by-origin/xhosa/
844,Amarachukwu,female,igbo,https://www.names.org/lists/by-origin/igbo/
845,Jhelani,male,swahili ,https://www.names.org/lists/by-origin/swahili/
846,Aviana,female,arabic,https://www.names.org/lists/by-origin/arabic/
847,Hannah,female,english,https://www.names.org/lists/by-origin/english/
848,Youssef,male,arabic,https://www.names.org/lists/by-origin/arabic/
849,Zanelle,female,african dutch (afrikaans) ,https://www.names.org/lists/by-origin/african-dutch-afrikaans-/
850,Chipo,male,swahili ,https://teamgroupnames.com/swahili-boy-names/
851,Sana ,female,swahili ,https://teamgroupnames.com/swahili-girl-names/
852,Mandre,male,african dutch (afrikaans) ,https://www.names.org/lists/by-origin/african-dutch-afrikaans-/
853,Wana,female,xhosa,https://www.names.org/lists/by-origin/xhosa/
854,Yorgo,male,arabic,https://www.names.org/lists/by-origin/arabic/
855,Kamilah,female,arabic,https://www.names.org/lists/by-origin/arabic/
856,Natanem,male,amharic,https://www.names.org/lists/by-origin/amharic/
857,Toleen,female,arabic,https://www.names.org/lists/by-origin/arabic/
858,Fiston,male,swahili ,https://www.names.org/lists/by-origin/swahili/
859,Diala,female,arabic,https://www.names.org/lists/by-origin/arabic/
860,Shujaa ,female,swahili ,https://teamgroupnames.com/swahili-girl-names/
861,Abdiwali,male,arabic,https://www.names.org/lists/by-origin/arabic/
862,Kiatu,male,swahili ,https://teamgroupnames.com/swahili-boy-names/
863,Meseret,male,amharic,https://www.names.org/lists/by-origin/amharic/
864,Jamila,female,arabic,https://www.names.org/lists/by-origin/arabic/
865,Sedad,male,arabic,https://www.names.org/lists/by-origin/arabic/
866,Niniola,male,yoruba,https://www.names.org/lists/by-origin/yoruba/
867,Rihanna,female,arabic,https://www.names.org/lists/by-origin/arabic/
868,Nyasia,female,african,https://www.names.org/lists/by-origin/african/
869,Zayla,female,african,https://www.names.org/lists/by-origin/african/
870,Elom,female,amharic,https://www.names.org/lists/by-origin/amharic/
871,Shedrack,male,swahili ,https://www.names.org/lists/by-origin/swahili/
872,Norah,female,arabic,https://www.names.org/lists/by-origin/arabic/
873,Mickelle,female,amharic,https://www.names.org/lists/by-origin/amharic/
874,Hanco,male,african dutch (afrikaans) ,https://www.names.org/lists/by-origin/african-dutch-afrikaans-/
875,Kusudi ,female,swahili ,https://teamgroupnames.com/swahili-girl-names/
876,Ferris,male,arabic,https://www.names.org/lists/by-origin/arabic/
877,Khadija ,female,swahili ,https://teamgroupnames.com/swahili-girl-names/
878,Zunaisha,female,arabic,https://www.names.org/lists/by-origin/arabic/
879,Damilola,female,yoruba,https://www.names.org/lists/by-origin/yoruba/
880,Tobe,male,igbo,https://www.names.org/lists/by-origin/igbo/
881,Hasiti ,female,swahili ,https://teamgroupnames.com/swahili-girl-names/
882,Chamisa,female,xhosa,https://www.names.org/lists/by-origin/xhosa/
883,Ua ,female,swahili ,https://teamgroupnames.com/swahili-girl-names/
884,Helen,female,yoruba,https://www.names.org/lists/by-origin/yoruba/
885,Beyan,male,yoruba,https://www.names.org/lists/by-origin/yoruba/
886,Shermika,female,african dutch (afrikaans) ,https://www.names.org/lists/by-origin/african-dutch-afrikaans-/
887,Bravin,male,swahili ,https://www.names.org/lists/by-origin/swahili/
888,Tasheka,female,english,https://www.names.org/lists/by-origin/english/
889,Morani,male,swahili ,https://www.names.org/lists/by-origin/swahili/
890,Shanique,female,english,https://www.names.org/lists/by-origin/english/
891,Wema,female,swahili ,https://www.names.org/lists/by-origin/swahili/
892,Lemi,female,amharic,https://www.names.org/lists/by-origin/amharic/
893,Buhle,male,african,https://www.names.org/lists/by-origin/african/
894,Lotanna,female,igbo,https://www.names.org/lists/by-origin/igbo/
895,Ifeoluwa,male,yoruba,https://www.names.org/lists/by-origin/yoruba/
896,Yeabsera,female,amharic,https://www.names.org/lists/by-origin/amharic/
897,Cheryl,female,english,https://www.names.org/lists/by-origin/english/
898,Chanella,female,swahili ,https://www.names.org/lists/by-origin/swahili/
899,Nyron,male,english,https://www.names.org/lists/by-origin/english/
900,Fungua,male,swahili ,https://teamgroupnames.com/swahili-boy-names/
901,Keshia,female,african,https://www.names.org/lists/by-origin/african/
902,Egide,male,swahili ,https://www.names.org/lists/by-origin/swahili/
903,Haki,male,swahili ,https://www.names.org/lists/by-origin/swahili/
904,Jamal,male,arabic,https://www.names.org/lists/by-origin/arabic/
905,Makhi,male,african-american,https://www.names.org/lists/by-origin/african/
906,Ikechi,male,igbo,https://www.names.org/lists/by-origin/igbo/
907,Ifechukwu,male,igbo,https://www.names.org/lists/by-origin/igbo/
908,Sofiat,female,yoruba,https://www.names.org/lists/by-origin/yoruba/
909,Zola,female,swahili ,https://www.names.org/lists/by-origin/swahili/
910,Jude,male,arabic,https://www.names.org/lists/by-origin/arabic/
911,Karama,male,swahili ,https://teamgroupnames.com/swahili-boy-names/
912,Tarik,male,arabic,https://www.names.org/lists/by-origin/arabic/
913,Milisa,female,xhosa,https://www.names.org/lists/by-origin/xhosa/
914,Fenan,female,amharic,https://www.names.org/lists/by-origin/amharic/
915,Khamis,male,amharic,https://www.names.org/lists/by-origin/amharic/
916,Rashaad,male,arabic,https://www.names.org/lists/by-origin/arabic/
917,Donzo,male,yoruba,https://www.names.org/lists/by-origin/yoruba/
918,Oluwatise,male,yoruba,https://www.names.org/lists/by-origin/yoruba/
919,Chikezie,male,igbo,https://www.names.org/lists/by-origin/igbo/
920,Tamesha,female,swahili ,https://www.names.org/lists/by-origin/swahili/
921,Cataleya,female,african dutch (afrikaans) ,https://www.names.org/lists/by-origin/african-dutch-afrikaans-/
922,Etsub,female,amharic,https://www.names.org/lists/by-origin/amharic/
923,Nai,male,arabic,https://www.names.org/lists/by-origin/arabic/
924,Tamasha,male,swahili ,https://teamgroupnames.com/swahili-boy-names/
925,Nile,male,african-american,https://www.names.org/lists/by-origin/african/
926,Tsehai,female,amharic,https://www.names.org/lists/by-origin/amharic/
927,Lual,male,amharic,https://www.names.org/lists/by-origin/amharic/
928,Abdiaziz,male,african,https://www.names.org/lists/by-origin/african/
929,Juelz,male,african-american,https://www.names.org/lists/by-origin/african/
930,Imonie,female,swahili ,https://www.names.org/lists/by-origin/swahili/
931,Emrakel,female,african,https://www.names.org/lists/by-origin/african/
932,Famatta,female,yoruba,https://www.names.org/lists/by-origin/yoruba/
933,Maisha,male,swahili ,https://teamgroupnames.com/swahili-boy-names/
934,Janet,female,english,https://www.names.org/lists/by-origin/english/
935,Jabori,male,swahili ,https://www.names.org/lists/by-origin/swahili/
936,Kiros,male,amharic,https://www.names.org/lists/by-origin/amharic/
937,Naod,male,african,https://www.names.org/lists/by-origin/african/
938,Rushane,male,english,https://www.names.org/lists/by-origin/english/
939,Verda,female,arabic,https://www.names.org/lists/by-origin/arabic/
940,Sukari,male,swahili ,https://teamgroupnames.com/swahili-boy-names/
941,Bola,male,yoruba,https://www.names.org/lists/by-origin/yoruba/
942,Umoja ,female,swahili ,https://teamgroupnames.com/swahili-girl-names/
943,Linca,female,swahili ,https://www.names.org/lists/by-origin/swahili/
944,Suheila,female,xhosa,https://www.names.org/lists/by-origin/xhosa/
945,Nicolaas,male,african dutch (afrikaans) ,https://www.names.org/lists/by-origin/african-dutch-afrikaans-/
946,Tanya,female,english,https://www.names.org/lists/by-origin/english/
947,Kayla,female,african dutch (afrikaans) ,https://www.names.org/lists/by-origin/african-dutch-afrikaans-/
948,Adisa,male,yoruba,https://www.names.org/lists/by-origin/yoruba/
949,Kahlil,male,arabic,https://www.names.org/lists/by-origin/arabic/
950,Lashay,female,african,https://www.names.org/lists/by-origin/african/
951,Wingu,male,swahili ,https://teamgroupnames.com/swahili-boy-names/
2719,Yunice,male,xhosa,https://www.names.org/lists/by-origin/xhosa/
952,Britney,female,english,https://www.names.org/lists/by-origin/english/
953,Avile,female,xhosa,https://www.names.org/lists/by-origin/xhosa/
954,Nicola,male,english,https://www.names.org/lists/by-origin/english/
955,Faisal,male,arabic,https://www.names.org/lists/by-origin/arabic/
956,Sbani,male,african dutch (afrikaans) ,https://www.names.org/lists/by-origin/african-dutch-afrikaans-/
957,Filimon,male,amharic,https://www.names.org/lists/by-origin/amharic/
958,Plaxedes,female,xhosa,https://www.names.org/lists/by-origin/xhosa/
959,Georges,male,arabic,https://www.names.org/lists/by-origin/arabic/
960,Kamaree,female,swahili ,https://www.names.org/lists/by-origin/swahili/
961,Leoul,male,amharic,https://www.names.org/lists/by-origin/amharic/
962,Henon,male,amharic,https://www.names.org/lists/by-origin/amharic/
963,Umayma ,female,swahili ,https://teamgroupnames.com/swahili-girl-names/
964,Janjay,male,african,https://www.names.org/lists/by-origin/african/
965,Kibwe,male,swahili ,https://www.names.org/lists/by-origin/swahili/
966,Niza,female,xhosa,https://www.names.org/lists/by-origin/xhosa/
967,Hasani,male,swahili ,https://teamgroupnames.com/swahili-boy-names/
968,Tristan,male,english,https://www.names.org/lists/by-origin/english/
969,Anuoluwapo,female,yoruba,https://www.names.org/lists/by-origin/yoruba/
970,Aylan,male,arabic,https://www.names.org/lists/by-origin/arabic/
971,Darik,male,amharic,https://www.names.org/lists/by-origin/amharic/
972,Namal,female,arabic,https://www.names.org/lists/by-origin/arabic/
973,Oluwatumininu,male,yoruba,https://www.names.org/lists/by-origin/yoruba/
974,Tayla,female,english,https://www.names.org/lists/by-origin/english/
975,Dashne,female,arabic,https://www.names.org/lists/by-origin/arabic/
976,Ekirapa,male,swahili ,https://teamgroupnames.com/swahili-boy-names/
977,Onyekachi,female,igbo,https://www.names.org/lists/by-origin/igbo/
978,Lamla,female,xhosa,https://www.names.org/lists/by-origin/xhosa/
979,Ketia,female,swahili ,https://www.names.org/lists/by-origin/swahili/
980,Beniyas,male,african,https://www.names.org/lists/by-origin/african/
981,Akida,female,swahili ,https://www.names.org/lists/by-origin/swahili/
982,Ben,male,english,https://www.names.org/lists/by-origin/english/
983,Mikael,male,arabic,https://www.names.org/lists/by-origin/arabic/
984,Fillemon,female,african dutch (afrikaans) ,https://www.names.org/lists/by-origin/african-dutch-afrikaans-/
985,Tambo,male,swahili ,https://teamgroupnames.com/swahili-boy-names/
986,Dafina,male,swahili ,https://teamgroupnames.com/swahili-boy-names/
987,Faven,female,amharic,https://www.names.org/lists/by-origin/amharic/
988,Tiane,female,african dutch (afrikaans) ,https://www.names.org/lists/by-origin/african-dutch-afrikaans-/
989,Tobechukwu,male,african,https://www.names.org/lists/by-origin/african/
990,Joseph,male,swahili ,https://www.names.org/lists/by-origin/swahili/
991,Shamoy,male,english,https://www.names.org/lists/by-origin/english/
992,Philip,male,english,https://www.names.org/lists/by-origin/english/
993,Elmarie,female,african dutch (afrikaans) ,https://www.names.org/lists/by-origin/african-dutch-afrikaans-/
994,Kayin,female,yoruba,https://www.names.org/lists/by-origin/yoruba/
995,Giza,male,swahili ,https://teamgroupnames.com/swahili-boy-names/
996,Markon,male,amharic,https://www.names.org/lists/by-origin/amharic/
997,Kenenna,male,igbo,https://www.names.org/lists/by-origin/igbo/
998,Kiese,female,swahili ,https://www.names.org/lists/by-origin/swahili/
999,Wilka,male,african dutch (afrikaans) ,https://www.names.org/lists/by-origin/african-dutch-afrikaans-/
1000,Kerdell,male,english,https://www.names.org/lists/by-origin/english/
1001,Iganze,male,swahili ,https://www.names.org/lists/by-origin/swahili/
1002,Zama,male,xhosa,https://www.names.org/lists/by-origin/xhosa/
1003,Petagaye,female,english,https://www.names.org/lists/by-origin/english/
1004,Hassanatou,female,african,https://www.names.org/lists/by-origin/african/
1005,Temilade,male,yoruba,https://www.names.org/lists/by-origin/yoruba/
1006,Tango,female,xhosa,https://www.names.org/lists/by-origin/xhosa/
1007,Yeabsira,female,amharic,https://www.names.org/lists/by-origin/amharic/
1008,Bemnet,female,amharic,https://www.names.org/lists/by-origin/amharic/
1009,Kayihura,male,swahili ,https://www.names.org/lists/by-origin/swahili/
1010,Alsan,male,arabic,https://www.names.org/lists/by-origin/arabic/
1011,Kessy,female,swahili ,https://www.names.org/lists/by-origin/swahili/
1012,Kai,female,english,https://www.names.org/lists/by-origin/english/
1013,Habari,male,swahili ,https://teamgroupnames.com/swahili-boy-names/
1014,Qishi ,female,swahili ,https://teamgroupnames.com/swahili-girl-names/
1015,Tesfaye,female,amharic,https://www.names.org/lists/by-origin/amharic/
1016,Lorato,male,xhosa,https://www.names.org/lists/by-origin/xhosa/
1017,Mario,male,english,https://www.names.org/lists/by-origin/english/
1018,Binyam,male,amharic,https://www.names.org/lists/by-origin/amharic/
1019,Malaika,male,swahili ,https://teamgroupnames.com/swahili-boy-names/
1020,Ghiles,male,arabic,https://www.names.org/lists/by-origin/arabic/
1021,Nicolene,female,african dutch (afrikaans) ,https://www.names.org/lists/by-origin/african-dutch-afrikaans-/
1022,Abrham,male,amharic,https://www.names.org/lists/by-origin/amharic/
1023,Oluwaseun,male,yoruba,https://www.names.org/lists/by-origin/yoruba/
1024,Yaya,male,african,https://www.names.org/lists/by-origin/african/
1025,Tamasha,female,swahili ,https://www.names.org/lists/by-origin/swahili/
1026,Kenyada,female,swahili ,https://www.names.org/lists/by-origin/swahili/
1027,Paka ,female,swahili ,https://teamgroupnames.com/swahili-girl-names/
1028,Bethania,female,amharic,https://www.names.org/lists/by-origin/amharic/
1029,Ramatu,female,yoruba,https://www.names.org/lists/by-origin/yoruba/
1030,Tiwatope,female,yoruba,https://www.names.org/lists/by-origin/yoruba/
1031,Meaza,female,amharic,https://www.names.org/lists/by-origin/amharic/
1032,Shaniqua,female,african,https://www.names.org/lists/by-origin/african/
1033,Saiyr,female,arabic,https://www.names.org/lists/by-origin/arabic/
1034,Folasade,female,yoruba,https://www.names.org/lists/by-origin/yoruba/
1035,Akini,female,english,https://www.names.org/lists/by-origin/english/
1036,Adeyinka,male,yoruba,https://www.names.org/lists/by-origin/yoruba/
1037,Letago,male,african,https://www.names.org/lists/by-origin/african/
1038,Amauri,male,african-american,https://www.names.org/lists/by-origin/african/
1039,Ayanna,female,swahili ,https://www.names.org/lists/by-origin/swahili/
1040,Duara,male,swahili ,https://teamgroupnames.com/swahili-boy-names/
1041,Badili ,female,swahili ,https://teamgroupnames.com/swahili-girl-names/
1042,Akachi,male,igbo,https://www.names.org/lists/by-origin/igbo/
1043,Jallah,female,yoruba,https://www.names.org/lists/by-origin/yoruba/
1044,Yanet,female,amharic,https://www.names.org/lists/by-origin/amharic/
1045,Amarii,female,swahili ,https://www.names.org/lists/by-origin/swahili/
1046,Tumeka,female,xhosa,https://www.names.org/lists/by-origin/xhosa/
1047,Kamilah ,female,swahili ,https://teamgroupnames.com/swahili-girl-names/
1048,Chama,male,xhosa,https://www.names.org/lists/by-origin/xhosa/
1049,Fatima,female,arabic,https://www.names.org/lists/by-origin/arabic/
1050,Makda,female,amharic,https://www.names.org/lists/by-origin/amharic/
1051,Karen,female,english,https://www.names.org/lists/by-origin/english/
1052,Zelmarie,female,african dutch (afrikaans) ,https://www.names.org/lists/by-origin/african-dutch-afrikaans-/
1053,Mayla,female,arabic,https://www.names.org/lists/by-origin/arabic/
1054,Enow,female,african,https://www.names.org/lists/by-origin/african/
1055,Zariyah,female,arabic,https://www.names.org/lists/by-origin/arabic/
1056,Yodahe,female,african,https://www.names.org/lists/by-origin/african/
1057,Kaiv,male,arabic,https://www.names.org/lists/by-origin/arabic/
1058,Holly,female,english,https://www.names.org/lists/by-origin/english/
1059,Akorede,male,yoruba,https://www.names.org/lists/by-origin/yoruba/
1060,Tamu ,female,swahili ,https://teamgroupnames.com/swahili-girl-names/
1061,Macala,female,xhosa,https://www.names.org/lists/by-origin/xhosa/
1062,Selma,female,african dutch (afrikaans) ,https://www.names.org/lists/by-origin/african-dutch-afrikaans-/
1063,Natalie,female,english,https://www.names.org/lists/by-origin/english/
1064,Umar,male,arabic,https://www.names.org/lists/by-origin/arabic/
1065,Saniyah,female,arabic,https://www.names.org/lists/by-origin/arabic/
1066,Ekari,male,swahili ,https://teamgroupnames.com/swahili-boy-names/
1067,Chukwudubem,male,igbo,https://www.names.org/lists/by-origin/igbo/
1068,Jabaree,male,swahili ,https://www.names.org/lists/by-origin/swahili/
1069,Gumu,male,swahili ,https://teamgroupnames.com/swahili-boy-names/
1070,Tifeoluwa,male,yoruba,https://www.names.org/lists/by-origin/yoruba/
1071,Aslihan,female,arabic,https://www.names.org/lists/by-origin/arabic/
1072,Ademide,male,yoruba,https://www.names.org/lists/by-origin/yoruba/
1073,Betselot,male,amharic,https://www.names.org/lists/by-origin/amharic/
1074,Darweshi,male,swahili ,https://teamgroupnames.com/swahili-boy-names/
1075,Eliezel,female,swahili ,https://www.names.org/lists/by-origin/swahili/
1076,Anteneh,male,amharic,https://www.names.org/lists/by-origin/amharic/
1077,Suah,female,yoruba,https://www.names.org/lists/by-origin/yoruba/
1078,Guelda,female,swahili ,https://www.names.org/lists/by-origin/swahili/
1079,Tamu,female,swahili ,https://www.names.org/lists/by-origin/swahili/
1080,Ashani,female,yoruba,https://www.names.org/lists/by-origin/yoruba/
1081,Rashawn,male,african-american,https://www.names.org/lists/by-origin/african/
1082,Sahai,male,swahili ,https://www.names.org/lists/by-origin/swahili/
1083,Nada,female,arabic,https://www.names.org/lists/by-origin/arabic/
1084,Jioni,male,swahili ,https://teamgroupnames.com/swahili-boy-names/
1085,Ayom,female,amharic,https://www.names.org/lists/by-origin/amharic/
1086,Saidu,male,african,https://www.names.org/lists/by-origin/african/
1087,Stephanus,male,african dutch (afrikaans) ,https://www.names.org/lists/by-origin/african-dutch-afrikaans-/
1088,Khaya,female,xhosa,https://www.names.org/lists/by-origin/xhosa/
1089,Treyvon,male,african-american,https://www.names.org/lists/by-origin/african/
1090,Zaiden,male,arabic,https://www.names.org/lists/by-origin/arabic/
1091,Kimani,female,swahili ,https://www.names.org/lists/by-origin/swahili/
1092,Tarawally,male,african,https://www.names.org/lists/by-origin/african/
1093,Palesa,female,african,https://www.names.org/lists/by-origin/african/
1094,Aryam,female,arabic,https://www.names.org/lists/by-origin/arabic/
1095,Mihret,female,amharic,https://www.names.org/lists/by-origin/amharic/
1096,Imanni,female,swahili ,https://www.names.org/lists/by-origin/swahili/
1097,Sumayo,female,arabic,https://www.names.org/lists/by-origin/arabic/
1098,Tia,female,english,https://www.names.org/lists/by-origin/english/
1099,Tobi,male,yoruba,https://www.names.org/lists/by-origin/yoruba/
1100,Wuraola,female,yoruba,https://www.names.org/lists/by-origin/yoruba/
1101,Kessy,male,swahili ,https://www.names.org/lists/by-origin/swahili/
1102,Yuster,male,swahili ,https://www.names.org/lists/by-origin/swahili/
1103,Alazar,male,amharic,https://www.names.org/lists/by-origin/amharic/
1104,Olona,female,xhosa,https://www.names.org/lists/by-origin/xhosa/
1105,Asahd,male,arabic,https://www.names.org/lists/by-origin/arabic/
1106,Bayek,male,african,https://www.names.org/lists/by-origin/african/
1107,Boluwatife,female,yoruba,https://www.names.org/lists/by-origin/yoruba/
1108,Issa,male,swahili ,https://teamgroupnames.com/swahili-boy-names/
1109,Touray,female,african,https://www.names.org/lists/by-origin/african/
1110,Yoel,male,african-american,https://www.names.org/lists/by-origin/african/
1111,Sebastian,male,english,https://www.names.org/lists/by-origin/english/
1112,Ildephonse,male,swahili ,https://www.names.org/lists/by-origin/swahili/
1113,Austin,male,english,https://www.names.org/lists/by-origin/english/
1114,Addis,female,amharic,https://www.names.org/lists/by-origin/amharic/
1115,Yaileen,female,arabic,https://www.names.org/lists/by-origin/arabic/
1116,Bruk,male,amharic,https://www.names.org/lists/by-origin/amharic/
1117,Julie,female,english,https://www.names.org/lists/by-origin/english/
1118,Hamdallah,male,igbo,https://www.names.org/lists/by-origin/igbo/
1119,Chizoba,female,igbo,https://www.names.org/lists/by-origin/igbo/
1120,Uchenna,male,igbo,https://www.names.org/lists/by-origin/igbo/
1121,Nahome,male,amharic,https://www.names.org/lists/by-origin/amharic/
1122,Misgana,male,amharic,https://www.names.org/lists/by-origin/amharic/
1123,Niyat,female,amharic,https://www.names.org/lists/by-origin/amharic/
1124,Markan,female,amharic,https://www.names.org/lists/by-origin/amharic/
1125,Lavisa,female,xhosa,https://www.names.org/lists/by-origin/xhosa/
1126,Nande,female,xhosa,https://www.names.org/lists/by-origin/xhosa/
1127,Zuko,male,african,https://www.names.org/lists/by-origin/african/
1128,Daisy,female,english,https://www.names.org/lists/by-origin/english/
1129,Anga,female,xhosa,https://www.names.org/lists/by-origin/xhosa/
1130,Tsehay,male,amharic,https://www.names.org/lists/by-origin/amharic/
1131,Kimoya,female,english,https://www.names.org/lists/by-origin/english/
1132,Ife,female,yoruba,https://www.names.org/lists/by-origin/yoruba/
1133,Omotosho,male,yoruba,https://www.names.org/lists/by-origin/yoruba/
1134,Lusanda,male,african,https://www.names.org/lists/by-origin/african/
1135,Tomiwa,male,yoruba,https://www.names.org/lists/by-origin/yoruba/
1136,Tinashe,male,xhosa,https://www.names.org/lists/by-origin/xhosa/
1137,Caisha,female,arabic,https://www.names.org/lists/by-origin/arabic/
1138,Konde,female,amharic,https://www.names.org/lists/by-origin/amharic/
1139,Ziane,male,african dutch (afrikaans) ,https://www.names.org/lists/by-origin/african-dutch-afrikaans-/
1140,Syrine,female,arabic,https://www.names.org/lists/by-origin/arabic/
1141,Chelsea,female,english,https://www.names.org/lists/by-origin/english/
1142,Dami,female,yoruba,https://www.names.org/lists/by-origin/yoruba/
1143,Liyu,female,amharic,https://www.names.org/lists/by-origin/amharic/
1144,Laylah,female,arabic,https://www.names.org/lists/by-origin/arabic/
1145,Zilfa,female,swahili ,https://www.names.org/lists/by-origin/swahili/
1146,Kwame,male,african-american,https://www.names.org/lists/by-origin/african/
1147,Menelik,male,amharic,https://www.names.org/lists/by-origin/amharic/
1148,Zaria,female,african,https://www.names.org/lists/by-origin/african/
1149,Odane,male,english,https://www.names.org/lists/by-origin/english/
1150,Mohammed,male,arabic,https://www.names.org/lists/by-origin/arabic/
1151,Praise,male,african,https://www.names.org/lists/by-origin/african/
1152,Onele,female,xhosa,https://www.names.org/lists/by-origin/xhosa/
1153,Sherifat,female,yoruba,https://www.names.org/lists/by-origin/yoruba/
1154,Adui,male,swahili ,https://teamgroupnames.com/swahili-boy-names/
1155,Jayden,male,african dutch (afrikaans) ,https://www.names.org/lists/by-origin/african-dutch-afrikaans-/
1156,Zuberi,male,swahili ,https://teamgroupnames.com/swahili-boy-names/
1157,Tresia,female,african dutch (afrikaans) ,https://www.names.org/lists/by-origin/african-dutch-afrikaans-/
1158,Nun,female,african,https://www.names.org/lists/by-origin/african/
1159,Olise,male,igbo,https://www.names.org/lists/by-origin/igbo/
1160,Tedros,male,amharic,https://www.names.org/lists/by-origin/amharic/
1161,Muiruri,male,swahili ,https://www.names.org/lists/by-origin/swahili/
1162,Tolo,male,xhosa,https://www.names.org/lists/by-origin/xhosa/
1163,Jada,female,english,https://www.names.org/lists/by-origin/english/
1164,Jidenna,male,african,https://www.names.org/lists/by-origin/african/
1165,Fatou,female,african,https://www.names.org/lists/by-origin/african/
1166,Jiel,female,amharic,https://www.names.org/lists/by-origin/amharic/
1167,Ananiya,female,amharic,https://www.names.org/lists/by-origin/amharic/
1168,Tolulope,female,yoruba,https://www.names.org/lists/by-origin/yoruba/
1169,Shauntia,female,swahili ,https://www.names.org/lists/by-origin/swahili/
1170,Rand,male,arabic,https://www.names.org/lists/by-origin/arabic/
1171,Nahili,male,amharic,https://www.names.org/lists/by-origin/amharic/
1172,Ayomi,female,african,https://www.names.org/lists/by-origin/african/
1173,Alpha,male,african-american,https://www.names.org/lists/by-origin/african/
1174,Zay,male,african,https://www.names.org/lists/by-origin/african/
1175,Onyeka,male,swahili ,https://teamgroupnames.com/swahili-boy-names/
1176,Wonga,female,xhosa,https://www.names.org/lists/by-origin/xhosa/
1177,Samoya,female,english,https://www.names.org/lists/by-origin/english/
1178,Kwanda,female,xhosa,https://www.names.org/lists/by-origin/xhosa/
1179,Sumeya,female,amharic,https://www.names.org/lists/by-origin/amharic/
1180,Ifunanya,female,igbo,https://www.names.org/lists/by-origin/igbo/
1181,Izelle,female,african dutch (afrikaans) ,https://www.names.org/lists/by-origin/african-dutch-afrikaans-/
1182,Kolisi,male,xhosa,https://www.names.org/lists/by-origin/xhosa/
1183,Ziwa,male,swahili ,https://teamgroupnames.com/swahili-boy-names/
1184,Adaeze,female,igbo,https://www.names.org/lists/by-origin/igbo/
1185,Nala,female,swahili ,https://www.names.org/lists/by-origin/swahili/
1186,Amen,male,amharic,https://www.names.org/lists/by-origin/amharic/
1187,Sefan,male,yoruba,https://www.names.org/lists/by-origin/yoruba/
1188,Bahle,female,xhosa,https://www.names.org/lists/by-origin/xhosa/
1189,Hortance,male,swahili ,https://www.names.org/lists/by-origin/swahili/
1190,Harold,male,english,https://www.names.org/lists/by-origin/english/
1191,Riette,female,african dutch (afrikaans) ,https://www.names.org/lists/by-origin/african-dutch-afrikaans-/
1192,Ngandwe,female,xhosa,https://www.names.org/lists/by-origin/xhosa/
1193,Shellyann,female,english,https://www.names.org/lists/by-origin/english/
1194,Oma,female,arabic,https://www.names.org/lists/by-origin/arabic/
1195,Debrah,female,african,https://www.names.org/lists/by-origin/african/
1196,Tofiki,male,swahili ,https://teamgroupnames.com/swahili-boy-names/
1197,Yemariam,female,amharic,https://www.names.org/lists/by-origin/amharic/
1198,Kendi,female,swahili ,https://www.names.org/lists/by-origin/swahili/
1199,Nuru ,female,swahili ,https://teamgroupnames.com/swahili-girl-names/
1200,Nataki,female,swahili ,https://www.names.org/lists/by-origin/swahili/
1201,Ishi,male,swahili ,https://teamgroupnames.com/swahili-boy-names/
1202,Jiel,male,amharic,https://www.names.org/lists/by-origin/amharic/
1203,Mikal,male,african-american,https://www.names.org/lists/by-origin/african/
1204,Jose,male,yoruba,https://www.names.org/lists/by-origin/yoruba/
1205,Mitchelle,male,igbo,https://www.names.org/lists/by-origin/igbo/
1206,Neema,male,swahili ,https://teamgroupnames.com/swahili-boy-names/
1207,Haile,female,amharic,https://www.names.org/lists/by-origin/amharic/
1208,Zy,male,african,https://www.names.org/lists/by-origin/african/
1209,Tandiwe,male,xhosa,https://www.names.org/lists/by-origin/xhosa/
1210,Nayib,male,arabic,https://www.names.org/lists/by-origin/arabic/
1211,Sune,female,african dutch (afrikaans) ,https://www.names.org/lists/by-origin/african-dutch-afrikaans-/
1212,Mark,male,english,https://www.names.org/lists/by-origin/english/
1213,Kamani,male,swahili ,https://www.names.org/lists/by-origin/swahili/
1214,Onyinyechukwu,female,igbo,https://www.names.org/lists/by-origin/igbo/
1215,Douw,male,african dutch (afrikaans) ,https://www.names.org/lists/by-origin/african-dutch-afrikaans-/
1216,Jusu,male,yoruba,https://www.names.org/lists/by-origin/yoruba/
1217,Zanique,female,african dutch (afrikaans) ,https://www.names.org/lists/by-origin/african-dutch-afrikaans-/
1218,Lila,female,arabic,https://www.names.org/lists/by-origin/arabic/
1219,Travis,male,english,https://www.names.org/lists/by-origin/english/
1220,Kioni ,female,swahili ,https://teamgroupnames.com/swahili-girl-names/
1221,Sahani,male,swahili ,https://teamgroupnames.com/swahili-boy-names/
1222,Arinze,male,african,https://www.names.org/lists/by-origin/african/
1223,Ariam,female,african,https://www.names.org/lists/by-origin/african/
1224,Haimanot,male,amharic,https://www.names.org/lists/by-origin/amharic/
1225,Keyanna,female,african,https://www.names.org/lists/by-origin/african/
1226,Courtney,female,english,https://www.names.org/lists/by-origin/english/
1227,Dalili,male,swahili ,https://teamgroupnames.com/swahili-boy-names/
1228,Cairo,male,arabic,https://www.names.org/lists/by-origin/arabic/
1229,Yabsera,male,amharic,https://www.names.org/lists/by-origin/amharic/
1230,Sikho,female,xhosa,https://www.names.org/lists/by-origin/xhosa/
1231,Theogene,male,swahili ,https://www.names.org/lists/by-origin/swahili/
1232,Yake ,female,swahili ,https://teamgroupnames.com/swahili-girl-names/
1233,Dominion,female,igbo,https://www.names.org/lists/by-origin/igbo/
1234,Dakari,male,swahili ,https://www.names.org/lists/by-origin/swahili/
1235,Jojo,male,african,https://www.names.org/lists/by-origin/african/
1236,Jelani,male,swahili ,https://teamgroupnames.com/swahili-boy-names/
1237,Subira ,female,swahili ,https://teamgroupnames.com/swahili-girl-names/
1238,Izuchukwu,male,yoruba,https://www.names.org/lists/by-origin/yoruba/
1239,Chimdiebube,male,igbo,https://www.names.org/lists/by-origin/igbo/
1240,Soukaina,female,african,https://www.names.org/lists/by-origin/african/
1241,Ogechi,female,igbo,https://www.names.org/lists/by-origin/igbo/
1242,Ijeoma,female,igbo,https://www.names.org/lists/by-origin/igbo/
1243,Jovia,female,swahili ,https://www.names.org/lists/by-origin/swahili/
1244,Emani,female,swahili ,https://www.names.org/lists/by-origin/swahili/
1245,Sackie,female,yoruba,https://www.names.org/lists/by-origin/yoruba/
1246,Mene,male,african dutch (afrikaans) ,https://www.names.org/lists/by-origin/african-dutch-afrikaans-/
1247,Kees,male,african dutch (afrikaans) ,https://www.names.org/lists/by-origin/african-dutch-afrikaans-/
1248,Akanbi,male,yoruba,https://www.names.org/lists/by-origin/yoruba/
1249,Heather,female,english,https://www.names.org/lists/by-origin/english/
1250,Olanna,female,igbo,https://www.names.org/lists/by-origin/igbo/
1251,Lizanne,female,african dutch (afrikaans) ,https://www.names.org/lists/by-origin/african-dutch-afrikaans-/
1252,Okolo,female,igbo,https://www.names.org/lists/by-origin/igbo/
1253,Akachukwu,male,igbo,https://www.names.org/lists/by-origin/igbo/
1254,Katso,female,xhosa,https://www.names.org/lists/by-origin/xhosa/
1255,Pieter,male,african dutch (afrikaans) ,https://www.names.org/lists/by-origin/african-dutch-afrikaans-/
1256,Zinachidi,male,igbo,https://www.names.org/lists/by-origin/igbo/
1257,Agbor,male,african,https://www.names.org/lists/by-origin/african/
1258,Neo,male,african-american,https://www.names.org/lists/by-origin/african/
1259,Hibaq,female,arabic,https://www.names.org/lists/by-origin/arabic/
1260,Nkiruka,female,igbo,https://www.names.org/lists/by-origin/igbo/
1261,Melon,female,amharic,https://www.names.org/lists/by-origin/amharic/
1262,Nafiso,female,arabic,https://www.names.org/lists/by-origin/arabic/
1263,Kosi,male,igbo,https://www.names.org/lists/by-origin/igbo/
1264,Dhabi,male,swahili ,https://teamgroupnames.com/swahili-boy-names/
1265,Amari,male,african-american,https://www.names.org/lists/by-origin/african/
1266,Onyedikachi,female,igbo,https://www.names.org/lists/by-origin/igbo/
1267,Wezzie,male,swahili ,https://www.names.org/lists/by-origin/swahili/
1268,Gysbert,male,african dutch (afrikaans) ,https://www.names.org/lists/by-origin/african-dutch-afrikaans-/
1269,Mbwa ,female,swahili ,https://teamgroupnames.com/swahili-girl-names/
1270,Gaella,female,swahili ,https://www.names.org/lists/by-origin/swahili/
1271,Onyekachi,male,igbo,https://www.names.org/lists/by-origin/igbo/
1272,Jenneh,female,yoruba,https://www.names.org/lists/by-origin/yoruba/
1273,Ayaan,male,arabic,https://www.names.org/lists/by-origin/arabic/
1274,Oluwasemilore,female,yoruba,https://www.names.org/lists/by-origin/yoruba/
1275,Joudia,female,african,https://www.names.org/lists/by-origin/african/
1276,Charbel,male,arabic,https://www.names.org/lists/by-origin/arabic/
1277,Bahati ,female,swahili ,https://teamgroupnames.com/swahili-girl-names/
1278,Olumide,male,yoruba,https://www.names.org/lists/by-origin/yoruba/
1279,Jobari,male,swahili ,https://www.names.org/lists/by-origin/swahili/
1280,Daktari,male,swahili ,https://www.names.org/lists/by-origin/swahili/
1281,Inako,male,xhosa,https://www.names.org/lists/by-origin/xhosa/
1282,Liiban,male,arabic,https://www.names.org/lists/by-origin/arabic/
1283,Xiomara ,female,swahili ,https://teamgroupnames.com/swahili-girl-names/
1284,Marizelle,female,african dutch (afrikaans) ,https://www.names.org/lists/by-origin/african-dutch-afrikaans-/
1285,Kadin,male,arabic,https://www.names.org/lists/by-origin/arabic/
1286,Omotayo,male,yoruba,https://www.names.org/lists/by-origin/yoruba/
1287,Handre,male,african dutch (afrikaans) ,https://www.names.org/lists/by-origin/african-dutch-afrikaans-/
1288,Ahadi,male,swahili ,https://www.names.org/lists/by-origin/swahili/
1289,Chinonso,male,igbo,https://www.names.org/lists/by-origin/igbo/
1290,Luke,male,english,https://www.names.org/lists/by-origin/english/
1291,Chidi,male,igbo,https://www.names.org/lists/by-origin/igbo/
1292,Daidrian,male,african dutch (afrikaans) ,https://www.names.org/lists/by-origin/african-dutch-afrikaans-/
1293,Alayah,female,arabic,https://www.names.org/lists/by-origin/arabic/
1294,Kamano,male,african dutch (afrikaans) ,https://www.names.org/lists/by-origin/african-dutch-afrikaans-/
1295,Zara,female,arabic,https://www.names.org/lists/by-origin/arabic/
1296,Pilipili,male,swahili ,https://teamgroupnames.com/swahili-boy-names/
1297,Ugonna,male,igbo,https://www.names.org/lists/by-origin/igbo/
1298,Tj,male,african-american,https://www.names.org/lists/by-origin/african/
1299,Maury,male,african-american,https://www.names.org/lists/by-origin/african/
1300,Kimani,male,swahili ,https://www.names.org/lists/by-origin/swahili/
1301,Omar,male,arabic,https://www.names.org/lists/by-origin/arabic/
1302,Upendo ,female,swahili ,https://teamgroupnames.com/swahili-girl-names/
1303,Suane,female,african dutch (afrikaans) ,https://www.names.org/lists/by-origin/african-dutch-afrikaans-/
1304,Ahona,female,arabic,https://www.names.org/lists/by-origin/arabic/
1305,Beaman,male,amharic,https://www.names.org/lists/by-origin/amharic/
1306,Erin,female,english,https://www.names.org/lists/by-origin/english/
1307,Qamra ,female,swahili ,https://teamgroupnames.com/swahili-girl-names/
1308,Oliver,male,english,https://www.names.org/lists/by-origin/english/
1309,Ifechukwu,female,igbo,https://www.names.org/lists/by-origin/igbo/
1310,Soufiane,male,arabic,https://www.names.org/lists/by-origin/arabic/
1311,Miane,female,african dutch (afrikaans) ,https://www.names.org/lists/by-origin/african-dutch-afrikaans-/
1312,Kleith,male,swahili ,https://www.names.org/lists/by-origin/swahili/
1313,Lamin,male,african,https://www.names.org/lists/by-origin/african/
1314,Nebil,male,amharic,https://www.names.org/lists/by-origin/amharic/
1315,Darren,male,english,https://www.names.org/lists/by-origin/english/
1316,Moremi,female,yoruba,https://www.names.org/lists/by-origin/yoruba/
1317,Heri,male,swahili ,https://www.names.org/lists/by-origin/swahili/
1318,Bockarie,male,african,https://www.names.org/lists/by-origin/african/
1319,Marnique,female,african dutch (afrikaans) ,https://www.names.org/lists/by-origin/african-dutch-afrikaans-/
1320,Jaha ,female,swahili ,https://teamgroupnames.com/swahili-girl-names/
1321,Laone,male,african,https://www.names.org/lists/by-origin/african/
1322,Oni ,female,swahili ,https://teamgroupnames.com/swahili-girl-names/
1323,Chisholm,male,igbo,https://www.names.org/lists/by-origin/igbo/
1324,Pendo ,female,swahili ,https://teamgroupnames.com/swahili-girl-names/
1325,Marwa,female,amharic,https://www.names.org/lists/by-origin/amharic/
1326,Maaish,female,arabic,https://www.names.org/lists/by-origin/arabic/
1327,Jamel,male,arabic,https://www.names.org/lists/by-origin/arabic/
1328,Duma ,female,swahili ,https://teamgroupnames.com/swahili-girl-names/
1329,Jacoba,female,african dutch (afrikaans) ,https://www.names.org/lists/by-origin/african-dutch-afrikaans-/
1330,Mariama,female,african,https://www.names.org/lists/by-origin/african/
1331,Elshaday,male,amharic,https://www.names.org/lists/by-origin/amharic/
1332,Edidia,female,swahili ,https://www.names.org/lists/by-origin/swahili/
1333,Adesewa,female,yoruba,https://www.names.org/lists/by-origin/yoruba/
1334,Elmari,male,african dutch (afrikaans) ,https://www.names.org/lists/by-origin/african-dutch-afrikaans-/
1335,Iniko,male,swahili ,https://teamgroupnames.com/swahili-boy-names/
1336,Bella,female,english,https://www.names.org/lists/by-origin/english/
1337,Njideka,female,igbo,https://www.names.org/lists/by-origin/igbo/
1338,Izra,male,arabic,https://www.names.org/lists/by-origin/arabic/
1339,Hildana,female,amharic,https://www.names.org/lists/by-origin/amharic/
1340,Patricia,female,english,https://www.names.org/lists/by-origin/english/
1341,Loveness,female,swahili ,https://www.names.org/lists/by-origin/swahili/
1342,Uchechukwu,female,igbo,https://www.names.org/lists/by-origin/igbo/
1343,Uhuru,male,swahili ,https://teamgroupnames.com/swahili-boy-names/
1344,Devaughn,male,african-american,https://www.names.org/lists/by-origin/african/
1345,Huru,male,swahili ,https://teamgroupnames.com/swahili-boy-names/
1346,Robert,male,african dutch (afrikaans) ,https://www.names.org/lists/by-origin/african-dutch-afrikaans-/
1347,Leandri,female,african dutch (afrikaans) ,https://www.names.org/lists/by-origin/african-dutch-afrikaans-/
1348,Noriella,female,swahili ,https://www.names.org/lists/by-origin/swahili/
1349,Kanneh,male,yoruba,https://www.names.org/lists/by-origin/yoruba/
1350,Olipa,female,xhosa,https://www.names.org/lists/by-origin/xhosa/
1351,Yara,female,arabic,https://www.names.org/lists/by-origin/arabic/
1352,Aune,female,african dutch (afrikaans) ,https://www.names.org/lists/by-origin/african-dutch-afrikaans-/
1353,Godoro,male,swahili ,https://teamgroupnames.com/swahili-boy-names/
1354,Bitania,female,african,https://www.names.org/lists/by-origin/african/
1355,Mirwais,male,arabic,https://www.names.org/lists/by-origin/arabic/
1356,Kanyo,male,xhosa,https://www.names.org/lists/by-origin/xhosa/
1357,Sawen,female,arabic,https://www.names.org/lists/by-origin/arabic/
1358,Aragsan,female,arabic,https://www.names.org/lists/by-origin/arabic/
1359,Chrisna,female,african dutch (afrikaans) ,https://www.names.org/lists/by-origin/african-dutch-afrikaans-/
1360,Dana,female,arabic,https://www.names.org/lists/by-origin/arabic/
1361,Karlien,female,african dutch (afrikaans) ,https://www.names.org/lists/by-origin/african-dutch-afrikaans-/
1362,Chikaima,female,igbo,https://www.names.org/lists/by-origin/igbo/
1363,Sekani,female,african,https://www.names.org/lists/by-origin/african/
1364,Craig,male,english,https://www.names.org/lists/by-origin/english/
1365,Zuri,male,swahili ,https://teamgroupnames.com/swahili-boy-names/
1366,Gubali,male,swahili ,https://teamgroupnames.com/swahili-boy-names/
1367,Temidayo,male,yoruba,https://www.names.org/lists/by-origin/yoruba/
1368,Kairo,male,arabic,https://www.names.org/lists/by-origin/arabic/
1369,Natanim,female,african,https://www.names.org/lists/by-origin/african/
1370,Megan,female,african dutch (afrikaans) ,https://www.names.org/lists/by-origin/african-dutch-afrikaans-/
1371,Josiah,male,english,https://www.names.org/lists/by-origin/english/
1372,Hasenat,female,arabic,https://www.names.org/lists/by-origin/arabic/
1373,Mercyline,female,african dutch (afrikaans) ,https://www.names.org/lists/by-origin/african-dutch-afrikaans-/
1374,Babajide,male,yoruba,https://www.names.org/lists/by-origin/yoruba/
1375,Simisola,female,yoruba,https://www.names.org/lists/by-origin/yoruba/
1376,Kehlani,female,english,https://www.names.org/lists/by-origin/english/
1377,Karim,male,arabic,https://www.names.org/lists/by-origin/arabic/
1378,Askale,female,amharic,https://www.names.org/lists/by-origin/amharic/
1379,Feben,female,amharic,https://www.names.org/lists/by-origin/amharic/
1380,Alisha,female,arabic,https://www.names.org/lists/by-origin/arabic/
1381,Okereke,male,igbo,https://www.names.org/lists/by-origin/igbo/
1382,Olufemi,male,yoruba,https://www.names.org/lists/by-origin/yoruba/
1383,Boemo,female,xhosa,https://www.names.org/lists/by-origin/xhosa/
1384,Jean,female,english,https://www.names.org/lists/by-origin/english/
1385,Lakisha,female,african,https://www.names.org/lists/by-origin/african/
1386,Kobie,male,swahili ,https://www.names.org/lists/by-origin/swahili/
1387,Andy,male,english,https://www.names.org/lists/by-origin/english/
1388,Nkem,female,igbo,https://www.names.org/lists/by-origin/igbo/
1389,Claire,female,english,https://www.names.org/lists/by-origin/english/
1390,Jadesola,female,yoruba,https://www.names.org/lists/by-origin/yoruba/
1391,Luhana,male,african,https://www.names.org/lists/by-origin/african/
1392,Yabsera,female,amharic,https://www.names.org/lists/by-origin/amharic/
1393,Mustafa,male,arabic,https://www.names.org/lists/by-origin/arabic/
1394,Changuu,male,swahili ,https://teamgroupnames.com/swahili-boy-names/
1395,Zenobia,female,african,https://www.names.org/lists/by-origin/african/
1396,Chimamaka,female,igbo,https://www.names.org/lists/by-origin/igbo/
1397,Dandre,male,african-american,https://www.names.org/lists/by-origin/african/
1398,Zachary,male,english,https://www.names.org/lists/by-origin/english/
1399,Mzukisi,male,xhosa,https://www.names.org/lists/by-origin/xhosa/
1400,Inema,male,swahili ,https://www.names.org/lists/by-origin/swahili/
1401,Sean,male,english,https://www.names.org/lists/by-origin/english/
1402,Temi,male,yoruba,https://www.names.org/lists/by-origin/yoruba/
1403,Azile,female,xhosa,https://www.names.org/lists/by-origin/xhosa/
1404,Baboucarr,male,african,https://www.names.org/lists/by-origin/african/
1405,Khiari,male,swahili ,https://www.names.org/lists/by-origin/swahili/
1406,Rehema,female,swahili ,https://www.names.org/lists/by-origin/swahili/
1407,Fitsum,male,amharic,https://www.names.org/lists/by-origin/amharic/
1408,Aniyah,female,african,https://www.names.org/lists/by-origin/african/
1409,Jahlia,female,african dutch (afrikaans) ,https://www.names.org/lists/by-origin/african-dutch-afrikaans-/
1410,Teariki,male,english,https://www.names.org/lists/by-origin/english/
1411,Niamke,male,swahili ,https://www.names.org/lists/by-origin/swahili/
1412,Selihom,male,amharic,https://www.names.org/lists/by-origin/amharic/
1413,Aggrey,male,swahili ,https://www.names.org/lists/by-origin/swahili/
1414,Vuyo,female,xhosa,https://www.names.org/lists/by-origin/xhosa/
1415,Kawhi,male,english,https://www.names.org/lists/by-origin/english/
1416,Amira ,female,swahili ,https://teamgroupnames.com/swahili-girl-names/
1417,Farasi,male,swahili ,https://teamgroupnames.com/swahili-boy-names/
1418,Nkechinyere,female,igbo,https://www.names.org/lists/by-origin/igbo/
1419,Divan,male,african dutch (afrikaans) ,https://www.names.org/lists/by-origin/african-dutch-afrikaans-/
1420,Frieda,female,african dutch (afrikaans) ,https://www.names.org/lists/by-origin/african-dutch-afrikaans-/
1421,Moureen,female,swahili ,https://www.names.org/lists/by-origin/swahili/
1422,Raymont,male,african dutch (afrikaans) ,https://www.names.org/lists/by-origin/african-dutch-afrikaans-/
1423,Nathanim,female,african,https://www.names.org/lists/by-origin/african/
1424,Changamka,male,swahili ,https://teamgroupnames.com/swahili-boy-names/
1425,Oshane,male,english,https://www.names.org/lists/by-origin/english/
1426,Sador,male,african,https://www.names.org/lists/by-origin/african/
1427,Kelechi,male,igbo,https://www.names.org/lists/by-origin/igbo/
1428,Oluwatomisin,female,yoruba,https://www.names.org/lists/by-origin/yoruba/
1429,Jasmine,female,english,https://www.names.org/lists/by-origin/english/
1430,Saron,male,african,https://www.names.org/lists/by-origin/african/
1431,Meseret,female,amharic,https://www.names.org/lists/by-origin/amharic/
1432,Taiwo,male,yoruba,https://www.names.org/lists/by-origin/yoruba/
1433,Zitel,female,igbo,https://www.names.org/lists/by-origin/igbo/
1434,Suama,female,african dutch (afrikaans) ,https://www.names.org/lists/by-origin/african-dutch-afrikaans-/
1435,Mariamawit,female,african,https://www.names.org/lists/by-origin/african/
1436,Naude,male,african dutch (afrikaans) ,https://www.names.org/lists/by-origin/african-dutch-afrikaans-/
1437,Success,male,igbo,https://www.names.org/lists/by-origin/igbo/
1438,Olachi,female,igbo,https://www.names.org/lists/by-origin/igbo/
1439,Ola,female,african,https://www.names.org/lists/by-origin/african/
1440,Taabu ,female,swahili ,https://teamgroupnames.com/swahili-girl-names/
1441,Brianna,female,english,https://www.names.org/lists/by-origin/english/
1442,Emily,female,english,https://www.names.org/lists/by-origin/english/
1443,Kaluba,male,xhosa,https://www.names.org/lists/by-origin/xhosa/
1444,Panya ,female,swahili ,https://teamgroupnames.com/swahili-girl-names/
1445,Chinedum,male,igbo,https://www.names.org/lists/by-origin/igbo/
1446,Onele,male,xhosa,https://www.names.org/lists/by-origin/xhosa/
1447,Tamba,male,yoruba,https://www.names.org/lists/by-origin/yoruba/
1448,Kandice,female,african,https://www.names.org/lists/by-origin/african/
1449,Jamil,male,arabic,https://www.names.org/lists/by-origin/arabic/
1450,Risikat,female,igbo,https://www.names.org/lists/by-origin/igbo/
1451,Masoka,female,swahili ,https://www.names.org/lists/by-origin/swahili/
1452,Lihle,male,african dutch (afrikaans) ,https://www.names.org/lists/by-origin/african-dutch-afrikaans-/
1453,Marjone,male,african dutch (afrikaans) ,https://www.names.org/lists/by-origin/african-dutch-afrikaans-/
1454,Jhene,female,english,https://www.names.org/lists/by-origin/english/
1455,Samantha,female,english,https://www.names.org/lists/by-origin/english/
1456,Ariel,female,english,https://www.names.org/lists/by-origin/english/
1457,Melanie,female,english,https://www.names.org/lists/by-origin/english/
1458,Inioluwa,female,yoruba,https://www.names.org/lists/by-origin/yoruba/
1459,Akol,female,amharic,https://www.names.org/lists/by-origin/amharic/
1460,Theopiste,female,swahili ,https://www.names.org/lists/by-origin/swahili/
1461,Jahzara,female,swahili ,https://www.names.org/lists/by-origin/swahili/
1462,Nyota,male,swahili ,https://teamgroupnames.com/swahili-boy-names/
1463,Nathnael,male,amharic,https://www.names.org/lists/by-origin/amharic/
1464,Anro,male,african dutch (afrikaans) ,https://www.names.org/lists/by-origin/african-dutch-afrikaans-/
1465,Sakani,female,african,https://www.names.org/lists/by-origin/african/
1466,Lawal,male,african,https://www.names.org/lists/by-origin/african/
1467,Felistas,female,xhosa,https://www.names.org/lists/by-origin/xhosa/
1468,Fenni,female,african dutch (afrikaans) ,https://www.names.org/lists/by-origin/african-dutch-afrikaans-/
1469,Zuheyla,female,arabic,https://www.names.org/lists/by-origin/arabic/
1470,Xuxa,male,arabic,https://www.names.org/lists/by-origin/arabic/
1471,Mursal,male,arabic,https://www.names.org/lists/by-origin/arabic/
1472,Meheret,female,amharic,https://www.names.org/lists/by-origin/amharic/
1473,Roaa,female,amharic,https://www.names.org/lists/by-origin/amharic/
1474,Keyana,female,african,https://www.names.org/lists/by-origin/african/
1475,Oluwatimileyin,female,yoruba,https://www.names.org/lists/by-origin/yoruba/
1476,Natalia,female,english,https://www.names.org/lists/by-origin/english/
1477,Kenyon,male,african-american,https://www.names.org/lists/by-origin/african/
1478,Annelie,female,african dutch (afrikaans) ,https://www.names.org/lists/by-origin/african-dutch-afrikaans-/
1479,Benayas,male,amharic,https://www.names.org/lists/by-origin/amharic/
1480,Mchungaji,male,swahili ,https://teamgroupnames.com/swahili-boy-names/
1481,Ilanie,female,african dutch (afrikaans) ,https://www.names.org/lists/by-origin/african-dutch-afrikaans-/
1482,Soco,female,yoruba,https://www.names.org/lists/by-origin/yoruba/
1483,Boluwatife,male,african,https://www.names.org/lists/by-origin/african/
1484,Sudan,female,amharic,https://www.names.org/lists/by-origin/amharic/
1485,Maduna,male,xhosa,https://www.names.org/lists/by-origin/xhosa/
1486,Kifungua,male,swahili ,https://teamgroupnames.com/swahili-boy-names/
1487,Yohannes,male,amharic,https://www.names.org/lists/by-origin/amharic/
1488,Yusuf,male,arabic,https://www.names.org/lists/by-origin/arabic/
1489,Leta,male,swahili ,https://teamgroupnames.com/swahili-boy-names/
1490,Mandisa,female,african dutch (afrikaans) ,https://www.names.org/lists/by-origin/african-dutch-afrikaans-/
1491,Bilen,female,amharic,https://www.names.org/lists/by-origin/amharic/
1492,Mira,female,arabic,https://www.names.org/lists/by-origin/arabic/
1493,Webby,female,xhosa,https://www.names.org/lists/by-origin/xhosa/
1494,Brook,male,african-american,https://www.names.org/lists/by-origin/african/
1495,Yosan,female,amharic,https://www.names.org/lists/by-origin/amharic/
1496,Zaiel,female,arabic,https://www.names.org/lists/by-origin/arabic/
1497,Adama,male,igbo,https://www.names.org/lists/by-origin/igbo/
1498,Scott,male,english,https://www.names.org/lists/by-origin/english/
1499,Temesgen,male,amharic,https://www.names.org/lists/by-origin/amharic/
1500,Heila,female,african dutch (afrikaans) ,https://www.names.org/lists/by-origin/african-dutch-afrikaans-/
1501,Kamsiyochukwu,female,yoruba,https://www.names.org/lists/by-origin/yoruba/
1502,Tabby,female,arabic,https://www.names.org/lists/by-origin/arabic/
1503,Oluwatosin,male,african,https://www.names.org/lists/by-origin/african/
1504,Sheku,male,yoruba,https://www.names.org/lists/by-origin/yoruba/
1505,Ogechukwu,female,igbo,https://www.names.org/lists/by-origin/igbo/
1506,Tobel,male,amharic,https://www.names.org/lists/by-origin/amharic/
1507,Irelia,female,african,https://www.names.org/lists/by-origin/african/
1508,Attie,female,african dutch (afrikaans) ,https://www.names.org/lists/by-origin/african-dutch-afrikaans-/
1509,Zawadi,female,swahili ,https://www.names.org/lists/by-origin/swahili/
1510,Kashindi,female,swahili ,https://www.names.org/lists/by-origin/swahili/
1511,Bahati,male,swahili ,https://teamgroupnames.com/swahili-boy-names/
1512,Elizabeth,female,african dutch (afrikaans) ,https://www.names.org/lists/by-origin/african-dutch-afrikaans-/
1513,Yordanos,female,amharic,https://www.names.org/lists/by-origin/amharic/
1514,Lovren,male,amharic,https://www.names.org/lists/by-origin/amharic/
1515,Deena,female,arabic,https://www.names.org/lists/by-origin/arabic/
1516,Chakra,male,swahili ,https://teamgroupnames.com/swahili-boy-names/
1517,Kebron,male,african,https://www.names.org/lists/by-origin/african/
1518,Jaiteh,female,african,https://www.names.org/lists/by-origin/african/
1519,Tienie,male,african dutch (afrikaans) ,https://www.names.org/lists/by-origin/african-dutch-afrikaans-/
1520,Laston,male,xhosa,https://www.names.org/lists/by-origin/xhosa/
1521,Ronya,female,arabic,https://www.names.org/lists/by-origin/arabic/
1522,Marli,female,african dutch (afrikaans) ,https://www.names.org/lists/by-origin/african-dutch-afrikaans-/
1523,Amani ,female,swahili ,https://teamgroupnames.com/swahili-girl-names/
1524,Hilwa,female,amharic,https://www.names.org/lists/by-origin/amharic/
1525,Tolulope,male,yoruba,https://www.names.org/lists/by-origin/yoruba/
1526,Nathania,female,arabic,https://www.names.org/lists/by-origin/arabic/
1527,Zenani,female,xhosa,https://www.names.org/lists/by-origin/xhosa/
1528,Liyana,female,xhosa,https://www.names.org/lists/by-origin/xhosa/
1529,Gladness,female,swahili ,https://www.names.org/lists/by-origin/swahili/
1530,Ayo,female,yoruba,https://www.names.org/lists/by-origin/yoruba/
1531,Renee,female,english,https://www.names.org/lists/by-origin/english/
1532,Toye,female,yoruba,https://www.names.org/lists/by-origin/yoruba/
1533,Kosisochukwu,male,igbo,https://www.names.org/lists/by-origin/igbo/
1534,Malika ,female,swahili ,https://teamgroupnames.com/swahili-girl-names/
1535,Patson,male,xhosa,https://www.names.org/lists/by-origin/xhosa/
1536,James,male,swahili ,https://www.names.org/lists/by-origin/swahili/
1537,Kamal,male,arabic,https://www.names.org/lists/by-origin/arabic/
1538,Kijana,male,swahili ,https://www.names.org/lists/by-origin/swahili/
1539,Biniam,male,amharic,https://www.names.org/lists/by-origin/amharic/
1540,Aluel,female,amharic,https://www.names.org/lists/by-origin/amharic/
1541,Juah,female,yoruba,https://www.names.org/lists/by-origin/yoruba/
1542,Abdirahim,male,arabic,https://www.names.org/lists/by-origin/arabic/
1543,Emana,male,swahili ,https://www.names.org/lists/by-origin/swahili/
1544,Theresa,female,english,https://www.names.org/lists/by-origin/english/
1545,Abisola,female,yoruba,https://www.names.org/lists/by-origin/yoruba/
1546,Azeb,female,amharic,https://www.names.org/lists/by-origin/amharic/
1547,Chikamso,male,igbo,https://www.names.org/lists/by-origin/igbo/
1548,Jonathan,male,english,https://www.names.org/lists/by-origin/english/
1549,Sifen,female,amharic,https://www.names.org/lists/by-origin/amharic/
1550,Kozhin,male,arabic,https://www.names.org/lists/by-origin/arabic/
1551,Sanet,female,african dutch (afrikaans) ,https://www.names.org/lists/by-origin/african-dutch-afrikaans-/
1552,Lensa,female,amharic,https://www.names.org/lists/by-origin/amharic/
1553,Neelo,male,xhosa,https://www.names.org/lists/by-origin/xhosa/
1554,Temitope,male,yoruba,https://www.names.org/lists/by-origin/yoruba/
1555,Zekarias,male,african,https://www.names.org/lists/by-origin/african/
1556,Fatu,female,yoruba,https://www.names.org/lists/by-origin/yoruba/
1557,Oyinkansola,female,yoruba,https://www.names.org/lists/by-origin/yoruba/
1558,Tolani,male,african,https://www.names.org/lists/by-origin/african/
1559,Tembo,male,swahili ,https://www.names.org/lists/by-origin/swahili/
1560,Uzuri ,female,swahili ,https://teamgroupnames.com/swahili-girl-names/
1561,Munachimso,female,yoruba,https://www.names.org/lists/by-origin/yoruba/
1562,Dawit,male,amharic,https://www.names.org/lists/by-origin/amharic/
1563,Inza,female,arabic,https://www.names.org/lists/by-origin/arabic/
1564,Eunice,female,african,https://www.names.org/lists/by-origin/african/
1565,Rassie,male,african dutch (afrikaans) ,https://www.names.org/lists/by-origin/african-dutch-afrikaans-/
1566,Annie,female,english,https://www.names.org/lists/by-origin/english/
1567,Demilade,male,yoruba,https://www.names.org/lists/by-origin/yoruba/
1568,Musa,male,african-american,https://www.names.org/lists/by-origin/african/
1569,Kaea,male,english,https://www.names.org/lists/by-origin/english/
1570,Xori,male,swahili ,https://www.names.org/lists/by-origin/swahili/
1571,Kaluba,female,xhosa,https://www.names.org/lists/by-origin/xhosa/
1572,Chakira ,female,swahili ,https://teamgroupnames.com/swahili-girl-names/
1573,Nzuri,female,swahili ,https://www.names.org/lists/by-origin/swahili/
1574,Sami,female,arabic,https://www.names.org/lists/by-origin/arabic/
1575,Larona,female,xhosa,https://www.names.org/lists/by-origin/xhosa/
1576,Lidya,female,amharic,https://www.names.org/lists/by-origin/amharic/
1577,Nailea,female,arabic,https://www.names.org/lists/by-origin/arabic/
1578,Izhan,male,arabic,https://www.names.org/lists/by-origin/arabic/
1579,Ashenafi,male,amharic,https://www.names.org/lists/by-origin/amharic/
1580,Brenda,female,english,https://www.names.org/lists/by-origin/english/
1581,Uchenna,female,igbo,https://www.names.org/lists/by-origin/igbo/
1582,Hennie,female,african dutch (afrikaans) ,https://www.names.org/lists/by-origin/african-dutch-afrikaans-/
1583,Martin,male,african dutch (afrikaans) ,https://www.names.org/lists/by-origin/african-dutch-afrikaans-/
1584,Atinuke,female,yoruba,https://www.names.org/lists/by-origin/yoruba/
1585,Saburi,male,swahili ,https://teamgroupnames.com/swahili-boy-names/
1586,Jurie,female,african dutch (afrikaans) ,https://www.names.org/lists/by-origin/african-dutch-afrikaans-/
1587,Adhama ,female,swahili ,https://teamgroupnames.com/swahili-girl-names/
1588,Jaiteh,male,african,https://www.names.org/lists/by-origin/african/
1589,Koko,female,swahili ,https://www.names.org/lists/by-origin/swahili/
1590,Sanette,female,african dutch (afrikaans) ,https://www.names.org/lists/by-origin/african-dutch-afrikaans-/
1591,Yamileth,female,arabic,https://www.names.org/lists/by-origin/arabic/
1592,Melaku,male,amharic,https://www.names.org/lists/by-origin/amharic/
1593,Ebubechukwu,male,igbo,https://www.names.org/lists/by-origin/igbo/
1594,Kaleab,male,amharic,https://www.names.org/lists/by-origin/amharic/
1595,Odera,male,igbo,https://www.names.org/lists/by-origin/igbo/
1596,Shani,male,swahili ,https://teamgroupnames.com/swahili-boy-names/
1597,Zaika,male,arabic,https://www.names.org/lists/by-origin/arabic/
1598,Chukwuka,male,igbo,https://www.names.org/lists/by-origin/igbo/
1599,Atiba,male,yoruba,https://www.names.org/lists/by-origin/yoruba/
1600,Chiemela,male,igbo,https://www.names.org/lists/by-origin/igbo/
1601,Yamasa,male,african,https://www.names.org/lists/by-origin/african/
1602,Jeremy,male,english,https://www.names.org/lists/by-origin/english/
1603,Elroe,female,amharic,https://www.names.org/lists/by-origin/amharic/
1604,Teariki,female,english,https://www.names.org/lists/by-origin/english/
1605,Aliana,female,arabic,https://www.names.org/lists/by-origin/arabic/
1606,Yuke,male,arabic,https://www.names.org/lists/by-origin/arabic/
1607,Adnan,male,arabic,https://www.names.org/lists/by-origin/arabic/
1608,Dean,male,english,https://www.names.org/lists/by-origin/english/
1609,Ahmed,male,arabic,https://www.names.org/lists/by-origin/arabic/
1610,Dorice,female,swahili ,https://www.names.org/lists/by-origin/swahili/
1611,Edrine,male,swahili ,https://www.names.org/lists/by-origin/swahili/
1612,Hanri,female,african dutch (afrikaans) ,https://www.names.org/lists/by-origin/african-dutch-afrikaans-/
1613,Dhahabu ,female,swahili ,https://teamgroupnames.com/swahili-girl-names/
1614,Lilitha,male,african,https://www.names.org/lists/by-origin/african/
1615,Isata,female,african,https://www.names.org/lists/by-origin/african/
1616,Irankunda,male,swahili ,https://www.names.org/lists/by-origin/swahili/
1617,Maji,male,swahili ,https://teamgroupnames.com/swahili-boy-names/
1618,Ayzin,female,arabic,https://www.names.org/lists/by-origin/arabic/
1619,Jory,male,arabic,https://www.names.org/lists/by-origin/arabic/
1620,Oluwaseyi,female,yoruba,https://www.names.org/lists/by-origin/yoruba/
1621,Aja,female,african,https://www.names.org/lists/by-origin/african/
1622,Kamili,female,swahili ,https://www.names.org/lists/by-origin/swahili/
1623,Simone,female,english,https://www.names.org/lists/by-origin/english/
1624,Jaliyah ,female,swahili ,https://teamgroupnames.com/swahili-girl-names/
1625,Nalah,female,swahili ,https://www.names.org/lists/by-origin/swahili/
1626,Mariam,female,arabic,https://www.names.org/lists/by-origin/arabic/
1627,Said,male,arabic,https://www.names.org/lists/by-origin/arabic/
1628,Sharmarke,male,arabic,https://www.names.org/lists/by-origin/arabic/
1629,Hanri,male,african dutch (afrikaans) ,https://www.names.org/lists/by-origin/african-dutch-afrikaans-/
1630,Isaiah,male,english,https://www.names.org/lists/by-origin/english/
1631,Tesfa,female,amharic,https://www.names.org/lists/by-origin/amharic/
1632,Kemar,male,english,https://www.names.org/lists/by-origin/english/
1633,Brook,female,african,https://www.names.org/lists/by-origin/african/
1634,Muscab,male,arabic,https://www.names.org/lists/by-origin/arabic/
1635,Naftal,male,african dutch (afrikaans) ,https://www.names.org/lists/by-origin/african-dutch-afrikaans-/
1636,Omi,male,arabic,https://www.names.org/lists/by-origin/arabic/
1637,Hendrik,male,african dutch (afrikaans) ,https://www.names.org/lists/by-origin/african-dutch-afrikaans-/
1638,Helgard,male,african dutch (afrikaans) ,https://www.names.org/lists/by-origin/african-dutch-afrikaans-/
1639,Corlia,female,african dutch (afrikaans) ,https://www.names.org/lists/by-origin/african-dutch-afrikaans-/
1640,Oneilia,female,english,https://www.names.org/lists/by-origin/english/
1641,Excel,male,igbo,https://www.names.org/lists/by-origin/igbo/
1642,Sucre,female,igbo,https://www.names.org/lists/by-origin/igbo/
1643,Benyam,male,amharic,https://www.names.org/lists/by-origin/amharic/
1644,Sikho,male,xhosa,https://www.names.org/lists/by-origin/xhosa/
1645,Safiri ,female,swahili ,https://teamgroupnames.com/swahili-girl-names/
1646,Nahlij,male,swahili ,https://www.names.org/lists/by-origin/swahili/
1647,Alakay,male,african,https://www.names.org/lists/by-origin/african/
1648,Xuri,female,swahili ,https://www.names.org/lists/by-origin/swahili/
1649,Tayana,female,xhosa,https://www.names.org/lists/by-origin/xhosa/
1650,Konde,male,swahili ,https://www.names.org/lists/by-origin/swahili/
1651,Tarien,male,african dutch (afrikaans) ,https://www.names.org/lists/by-origin/african-dutch-afrikaans-/
1652,Wendy,female,english,https://www.names.org/lists/by-origin/english/
1653,Ebere,female,igbo,https://www.names.org/lists/by-origin/igbo/
1654,Bruke,male,amharic,https://www.names.org/lists/by-origin/amharic/
1655,Ekene,female,igbo,https://www.names.org/lists/by-origin/igbo/
1656,Micheal,male,english,https://www.names.org/lists/by-origin/english/
1657,Ane,female,african dutch (afrikaans) ,https://www.names.org/lists/by-origin/african-dutch-afrikaans-/
1658,Filmon,male,amharic,https://www.names.org/lists/by-origin/amharic/
1659,Mambo,female,swahili ,https://www.names.org/lists/by-origin/swahili/
1660,Masoka,male,swahili ,https://www.names.org/lists/by-origin/swahili/
1661,Haki,female,swahili ,https://www.names.org/lists/by-origin/swahili/
1662,Yaxye,male,african,https://www.names.org/lists/by-origin/african/
1663,Chizaram,female,igbo,https://www.names.org/lists/by-origin/igbo/
1664,Emoni,male,swahili ,https://www.names.org/lists/by-origin/swahili/
1665,Jakobus,male,african dutch (afrikaans) ,https://www.names.org/lists/by-origin/african-dutch-afrikaans-/
1666,Saniya,female,arabic,https://www.names.org/lists/by-origin/arabic/
1667,Kelly,female,english,https://www.names.org/lists/by-origin/english/
1668,Janna,female,arabic,https://www.names.org/lists/by-origin/arabic/
1669,Tanica,female,african dutch (afrikaans) ,https://www.names.org/lists/by-origin/african-dutch-afrikaans-/
1670,Imbo,female,xhosa,https://www.names.org/lists/by-origin/xhosa/
1671,Jacob,male,english,https://www.names.org/lists/by-origin/english/
1672,Absalat,female,amharic,https://www.names.org/lists/by-origin/amharic/
1673,Norielle,female,swahili ,https://www.names.org/lists/by-origin/swahili/
1674,Sainey,male,african,https://www.names.org/lists/by-origin/african/
1675,Arsema,female,african,https://www.names.org/lists/by-origin/african/
1676,Abdinasir,male,arabic,https://www.names.org/lists/by-origin/arabic/
1677,Jabbie,female,yoruba,https://www.names.org/lists/by-origin/yoruba/
1678,Amani,female,swahili ,https://www.names.org/lists/by-origin/swahili/
1679,Loyola,female,xhosa,https://www.names.org/lists/by-origin/xhosa/
1680,Juma,male,swahili ,https://teamgroupnames.com/swahili-boy-names/
1681,Abeni,female,yoruba,https://www.names.org/lists/by-origin/yoruba/
1682,Julia,female,african dutch (afrikaans) ,https://www.names.org/lists/by-origin/african-dutch-afrikaans-/
1683,Desanges,female,swahili ,https://www.names.org/lists/by-origin/swahili/
1684,Naemi,female,african dutch (afrikaans) ,https://www.names.org/lists/by-origin/african-dutch-afrikaans-/
1685,Kaelo,male,african,https://www.names.org/lists/by-origin/african/
1686,Ayanda,male,swahili ,https://www.names.org/lists/by-origin/swahili/
1687,Simba,male,swahili ,https://teamgroupnames.com/swahili-boy-names/
1688,Danar,male,arabic,https://www.names.org/lists/by-origin/arabic/
1689,Eniola,male,yoruba,https://www.names.org/lists/by-origin/yoruba/
1690,Matlakala,male,african dutch (afrikaans) ,https://www.names.org/lists/by-origin/african-dutch-afrikaans-/
1691,Fenni,male,african dutch (afrikaans) ,https://www.names.org/lists/by-origin/african-dutch-afrikaans-/
1692,Izik,male,arabic,https://www.names.org/lists/by-origin/arabic/
1693,Zakarias,male,amharic,https://www.names.org/lists/by-origin/amharic/
1694,Dennis,male,english,https://www.names.org/lists/by-origin/english/
1695,Maiwand,male,arabic,https://www.names.org/lists/by-origin/arabic/
1696,Shanice,female,english,https://www.names.org/lists/by-origin/english/
1697,Beverly,female,english,https://www.names.org/lists/by-origin/english/
1698,Olawale,male,yoruba,https://www.names.org/lists/by-origin/yoruba/
1699,Amoya,female,english,https://www.names.org/lists/by-origin/english/
1700,Sanga,male,xhosa,https://www.names.org/lists/by-origin/xhosa/
1701,Mucaad,male,arabic,https://www.names.org/lists/by-origin/arabic/
1702,Ojukwu,male,igbo,https://www.names.org/lists/by-origin/igbo/
1703,Rejoice,female,african dutch (afrikaans) ,https://www.names.org/lists/by-origin/african-dutch-afrikaans-/
1704,Kudzai,male,xhosa,https://www.names.org/lists/by-origin/xhosa/
1705,Sackor,female,african,https://www.names.org/lists/by-origin/african/
1706,Christiaan,male,african dutch (afrikaans) ,https://www.names.org/lists/by-origin/african-dutch-afrikaans-/
1707,Yanga,female,african,https://www.names.org/lists/by-origin/african/
1708,Chukwunonso,male,igbo,https://www.names.org/lists/by-origin/igbo/
1709,Thersia,female,african dutch (afrikaans) ,https://www.names.org/lists/by-origin/african-dutch-afrikaans-/
1710,Ezlin,male,arabic,https://www.names.org/lists/by-origin/arabic/
1711,Leah,female,english,https://www.names.org/lists/by-origin/english/
1712,Ayuel,male,amharic,https://www.names.org/lists/by-origin/amharic/
1713,Veda ,female,swahili ,https://teamgroupnames.com/swahili-girl-names/
1714,Zarish,female,arabic,https://www.names.org/lists/by-origin/arabic/
1715,Ansumana,male,african,https://www.names.org/lists/by-origin/african/
1716,Ngor,male,amharic,https://www.names.org/lists/by-origin/amharic/
1717,Zaylen,male,african-american,https://www.names.org/lists/by-origin/african/
1718,Anje,female,african dutch (afrikaans) ,https://www.names.org/lists/by-origin/african-dutch-afrikaans-/
1719,Lulo,female,xhosa,https://www.names.org/lists/by-origin/xhosa/
1720,Demond,male,african-american,https://www.names.org/lists/by-origin/african/
1721,Nyla,female,arabic,https://www.names.org/lists/by-origin/arabic/
1722,Lorencia,female,african dutch (afrikaans) ,https://www.names.org/lists/by-origin/african-dutch-afrikaans-/
1723,Barkot,female,amharic,https://www.names.org/lists/by-origin/amharic/
1724,Eya,female,african,https://www.names.org/lists/by-origin/african/
1725,Siwar,male,african,https://www.names.org/lists/by-origin/african/
1726,Dorathy,female,igbo,https://www.names.org/lists/by-origin/igbo/
1727,Wambui ,female,swahili ,https://teamgroupnames.com/swahili-girl-names/
1728,Rakeb,female,african,https://www.names.org/lists/by-origin/african/
1729,Lolitha,female,xhosa,https://www.names.org/lists/by-origin/xhosa/
1730,Kirezi,male,swahili ,https://www.names.org/lists/by-origin/swahili/
1731,Jade,female,english,https://www.names.org/lists/by-origin/english/
1732,Zavian,male,arabic,https://www.names.org/lists/by-origin/arabic/
1733,Esona,male,african dutch (afrikaans) ,https://www.names.org/lists/by-origin/african-dutch-afrikaans-/
1734,Shiko,female,swahili ,https://www.names.org/lists/by-origin/swahili/
1735,Tiffany,female,english,https://www.names.org/lists/by-origin/english/
1736,Nibar,male,arabic,https://www.names.org/lists/by-origin/arabic/
1737,Binta,female,yoruba,https://www.names.org/lists/by-origin/yoruba/
1738,Laith,male,arabic,https://www.names.org/lists/by-origin/arabic/
1739,Zikora,female,igbo,https://www.names.org/lists/by-origin/igbo/
1740,Anele,female,african,https://www.names.org/lists/by-origin/african/
1741,Angela,female,english,https://www.names.org/lists/by-origin/english/
1742,Vincent,male,english,https://www.names.org/lists/by-origin/english/
1743,Gabrielle,female,english,https://www.names.org/lists/by-origin/english/
1744,Zaid,male,arabic,https://www.names.org/lists/by-origin/arabic/
1745,Gawie,male,african dutch (afrikaans) ,https://www.names.org/lists/by-origin/african-dutch-afrikaans-/
1746,Odera,female,igbo,https://www.names.org/lists/by-origin/igbo/
1747,Vestina,female,arabic,https://www.names.org/lists/by-origin/arabic/
1748,Chukwudubem,female,igbo,https://www.names.org/lists/by-origin/igbo/
1749,Sorie,female,african,https://www.names.org/lists/by-origin/african/
1750,Wezzie,female,swahili ,https://www.names.org/lists/by-origin/swahili/
1751,Neil,male,english,https://www.names.org/lists/by-origin/english/
1752,Chuma,male,swahili ,https://teamgroupnames.com/swahili-boy-names/
1753,Magreth,female,swahili ,https://www.names.org/lists/by-origin/swahili/
1754,Pili ,female,swahili ,https://teamgroupnames.com/swahili-girl-names/
1755,Lathisa,female,xhosa,https://www.names.org/lists/by-origin/xhosa/
1756,Gitau,male,swahili ,https://www.names.org/lists/by-origin/swahili/
1757,Sucdi,female,arabic,https://www.names.org/lists/by-origin/arabic/
1758,Loza,female,amharic,https://www.names.org/lists/by-origin/amharic/
1759,Ikenna,male,igbo,https://www.names.org/lists/by-origin/igbo/
1760,Wesseh,male,yoruba,https://www.names.org/lists/by-origin/yoruba/
1761,Johnny,male,english,https://www.names.org/lists/by-origin/english/
1762,Ayom,male,amharic,https://www.names.org/lists/by-origin/amharic/
1763,Sifa,female,swahili ,https://www.names.org/lists/by-origin/swahili/
1764,Biashara ,female,swahili ,https://teamgroupnames.com/swahili-girl-names/
1765,Mwewa,male,xhosa,https://www.names.org/lists/by-origin/xhosa/
1766,Elzin,male,arabic,https://www.names.org/lists/by-origin/arabic/
1767,Faris,male,arabic,https://www.names.org/lists/by-origin/arabic/
1768,Mishary,male,arabic,https://www.names.org/lists/by-origin/arabic/
1769,Ephratah,female,amharic,https://www.names.org/lists/by-origin/amharic/
1770,Obra,male,swahili ,https://www.names.org/lists/by-origin/swahili/
1771,Shnya,female,arabic,https://www.names.org/lists/by-origin/arabic/
1772,Odessa ,female,swahili ,https://teamgroupnames.com/swahili-girl-names/
1773,Lual,female,amharic,https://www.names.org/lists/by-origin/amharic/
1774,Eniola,female,yoruba,https://www.names.org/lists/by-origin/yoruba/
1775,Alliance,male,swahili ,https://www.names.org/lists/by-origin/swahili/
1776,Yaish,male,arabic,https://www.names.org/lists/by-origin/arabic/
1777,Molka,female,african,https://www.names.org/lists/by-origin/african/
1778,Nebiyu,male,amharic,https://www.names.org/lists/by-origin/amharic/
1779,Leyla,female,arabic,https://www.names.org/lists/by-origin/arabic/
1780,Chausiku ,female,swahili ,https://teamgroupnames.com/swahili-girl-names/
1781,Tamba,female,yoruba,https://www.names.org/lists/by-origin/yoruba/
1782,Liso,female,xhosa,https://www.names.org/lists/by-origin/xhosa/
1783,Vitani,female,swahili ,https://www.names.org/lists/by-origin/swahili/
1784,Lilitha,female,african,https://www.names.org/lists/by-origin/african/
1785,Kiamy,male,african,https://www.names.org/lists/by-origin/african/
1786,Tsige,male,amharic,https://www.names.org/lists/by-origin/amharic/
1787,Adedeji,male,yoruba,https://www.names.org/lists/by-origin/yoruba/
1788,Kemokai,female,yoruba,https://www.names.org/lists/by-origin/yoruba/
1789,Nicardo,male,english,https://www.names.org/lists/by-origin/english/
1790,Duku,female,amharic,https://www.names.org/lists/by-origin/amharic/
1791,Gamba,male,swahili ,https://teamgroupnames.com/swahili-boy-names/
1792,Ireoluwa,male,yoruba,https://www.names.org/lists/by-origin/yoruba/
1793,Najee,male,african-american,https://www.names.org/lists/by-origin/african/
1794,Akil,male,african-american,https://www.names.org/lists/by-origin/african/
1795,Laissa,female,swahili ,https://www.names.org/lists/by-origin/swahili/
1796,Naomi,female,english,https://www.names.org/lists/by-origin/english/
1797,Chibuzo,male,igbo,https://www.names.org/lists/by-origin/igbo/
1798,Korede,female,yoruba,https://www.names.org/lists/by-origin/yoruba/
1799,Aik,male,arabic,https://www.names.org/lists/by-origin/arabic/
1800,Sesona,female,xhosa,https://www.names.org/lists/by-origin/xhosa/
1801,Christianah,female,igbo,https://www.names.org/lists/by-origin/igbo/
1802,Makena ,female,swahili ,https://teamgroupnames.com/swahili-girl-names/
1803,Boima,male,yoruba,https://www.names.org/lists/by-origin/yoruba/
1804,Herol,male,amharic,https://www.names.org/lists/by-origin/amharic/
1805,Sofia,female,english,https://www.names.org/lists/by-origin/english/
1806,Billy,male,english,https://www.names.org/lists/by-origin/english/
1807,Amoy,female,english,https://www.names.org/lists/by-origin/english/
1808,Emony,female,swahili ,https://www.names.org/lists/by-origin/swahili/
1809,Lulo,male,xhosa,https://www.names.org/lists/by-origin/xhosa/
1810,Niles,male,african-american,https://www.names.org/lists/by-origin/african/
1811,Fitsum,female,amharic,https://www.names.org/lists/by-origin/amharic/
1812,Chisum,male,igbo,https://www.names.org/lists/by-origin/igbo/
1813,Jalani,male,african,https://www.names.org/lists/by-origin/african/
1814,Lesedi,male,african,https://www.names.org/lists/by-origin/african/
1815,Chizara,female,igbo,https://www.names.org/lists/by-origin/igbo/
1816,Chimera,female,igbo,https://www.names.org/lists/by-origin/igbo/
1817,Annelize,female,african dutch (afrikaans) ,https://www.names.org/lists/by-origin/african-dutch-afrikaans-/
1818,Dare,female,yoruba,https://www.names.org/lists/by-origin/yoruba/
1819,Wambui,female,swahili ,https://www.names.org/lists/by-origin/swahili/
1820,Kayin,male,yoruba,https://www.names.org/lists/by-origin/yoruba/
1821,Etsegenet,female,amharic,https://www.names.org/lists/by-origin/amharic/
1822,Ibe,male,igbo,https://www.names.org/lists/by-origin/igbo/
1823,Tajudeen,male,yoruba,https://www.names.org/lists/by-origin/yoruba/
1824,Togba,female,yoruba,https://www.names.org/lists/by-origin/yoruba/
1825,Rugiatu,female,african,https://www.names.org/lists/by-origin/african/
1826,Sade,female,african,https://www.names.org/lists/by-origin/african/
1827,Sefan,female,yoruba,https://www.names.org/lists/by-origin/yoruba/
1828,Adejare,male,yoruba,https://www.names.org/lists/by-origin/yoruba/
1829,Aneska,female,african dutch (afrikaans) ,https://www.names.org/lists/by-origin/african-dutch-afrikaans-/
1830,Esmarie,female,african dutch (afrikaans) ,https://www.names.org/lists/by-origin/african-dutch-afrikaans-/
1831,Taji,male,swahili ,https://teamgroupnames.com/swahili-boy-names/
1832,Elizna,female,african dutch (afrikaans) ,https://www.names.org/lists/by-origin/african-dutch-afrikaans-/
1833,Anri,male,african dutch (afrikaans) ,https://www.names.org/lists/by-origin/african-dutch-afrikaans-/
1834,Kenyatte,male,swahili ,https://www.names.org/lists/by-origin/swahili/
1835,Kiari,male,african,https://www.names.org/lists/by-origin/african/
1836,Carel,male,african dutch (afrikaans) ,https://www.names.org/lists/by-origin/african-dutch-afrikaans-/
1837,Feranmi,male,yoruba,https://www.names.org/lists/by-origin/yoruba/
1838,Onke,male,xhosa,https://www.names.org/lists/by-origin/xhosa/
1839,Riyana,female,arabic,https://www.names.org/lists/by-origin/arabic/
1840,Tsehai,male,amharic,https://www.names.org/lists/by-origin/amharic/
1841,Makida,female,amharic,https://www.names.org/lists/by-origin/amharic/
1842,Riyaq,female,arabic,https://www.names.org/lists/by-origin/arabic/
1843,Layola,male,xhosa,https://www.names.org/lists/by-origin/xhosa/
1844,Niambi,female,swahili ,https://www.names.org/lists/by-origin/swahili/
1845,Abiy,male,amharic,https://www.names.org/lists/by-origin/amharic/
1846,Lungile,male,swahili ,https://www.names.org/lists/by-origin/swahili/
1847,Yabsira,male,amharic,https://www.names.org/lists/by-origin/amharic/
1848,Soka,male,xhosa,https://www.names.org/lists/by-origin/xhosa/
1849,Lulu,female,arabic,https://www.names.org/lists/by-origin/arabic/
1850,Boog,female,african dutch (afrikaans) ,https://www.names.org/lists/by-origin/african-dutch-afrikaans-/
1851,Zolani,female,xhosa,https://www.names.org/lists/by-origin/xhosa/
1852,Ishwaq,female,arabic,https://www.names.org/lists/by-origin/arabic/
1853,Danelle,female,african,https://www.names.org/lists/by-origin/african/
1854,Dauda,male,yoruba,https://www.names.org/lists/by-origin/yoruba/
1855,Barkot,male,amharic,https://www.names.org/lists/by-origin/amharic/
1856,Jasiri ,female,swahili ,https://teamgroupnames.com/swahili-girl-names/
1857,Carolyn,female,english,https://www.names.org/lists/by-origin/english/
1858,Aria,female,english,https://www.names.org/lists/by-origin/english/
1859,Abel,male,amharic,https://www.names.org/lists/by-origin/amharic/
1860,Ethan,male,african dutch (afrikaans) ,https://www.names.org/lists/by-origin/african-dutch-afrikaans-/
1861,Saredo,female,african,https://www.names.org/lists/by-origin/african/
1862,Nene,female,african,https://www.names.org/lists/by-origin/african/
1863,Ali,female,arabic,https://www.names.org/lists/by-origin/arabic/
1864,Hendrina,female,swahili ,https://www.names.org/lists/by-origin/swahili/
1865,Rodas,female,amharic,https://www.names.org/lists/by-origin/amharic/
1866,Ramia ,female,swahili ,https://teamgroupnames.com/swahili-girl-names/
1867,Mandla,male,xhosa,https://www.names.org/lists/by-origin/xhosa/
1868,Amari,female,african,https://www.names.org/lists/by-origin/african/
1869,Chol,male,amharic,https://www.names.org/lists/by-origin/amharic/
1870,Luxxen,male,swahili ,https://www.names.org/lists/by-origin/swahili/
1871,Oluwaferanmi,male,yoruba,https://www.names.org/lists/by-origin/yoruba/
1872,Avela,male,african dutch (afrikaans) ,https://www.names.org/lists/by-origin/african-dutch-afrikaans-/
1873,Benias,male,amharic,https://www.names.org/lists/by-origin/amharic/
1874,Saiyr,male,arabic,https://www.names.org/lists/by-origin/arabic/
1875,Petro,male,swahili ,https://teamgroupnames.com/swahili-boy-names/
1876,Thys,male,african dutch (afrikaans) ,https://www.names.org/lists/by-origin/african-dutch-afrikaans-/
1877,Kwande,female,xhosa,https://www.names.org/lists/by-origin/xhosa/
1878,Ebrima,male,african,https://www.names.org/lists/by-origin/african/
1879,Loveth,female,african,https://www.names.org/lists/by-origin/african/
1880,Kidist,female,amharic,https://www.names.org/lists/by-origin/amharic/
1881,Yoakin,male,african,https://www.names.org/lists/by-origin/african/
1882,Raheem,male,arabic,https://www.names.org/lists/by-origin/arabic/
1883,Athing,female,african,https://www.names.org/lists/by-origin/african/
1884,Hashiki,male,swahili ,https://teamgroupnames.com/swahili-boy-names/
1885,Maryka,female,african dutch (afrikaans) ,https://www.names.org/lists/by-origin/african-dutch-afrikaans-/
1886,Kwande,male,xhosa,https://www.names.org/lists/by-origin/xhosa/
1887,Robertine,female,african,https://www.names.org/lists/by-origin/african/
1888,Sipara,female,african,https://www.names.org/lists/by-origin/african/
1889,Mauwa,female,swahili ,https://www.names.org/lists/by-origin/swahili/
1890,Yasmeen,female,arabic,https://www.names.org/lists/by-origin/arabic/
1891,Tawana,female,african,https://www.names.org/lists/by-origin/african/
1892,Kazi,male,swahili ,https://teamgroupnames.com/swahili-boy-names/
1893,Yamasa,female,african,https://www.names.org/lists/by-origin/african/
1894,Feranmi,female,yoruba,https://www.names.org/lists/by-origin/yoruba/
1895,Azir,male,arabic,https://www.names.org/lists/by-origin/arabic/
1896,Devonte,male,african-american,https://www.names.org/lists/by-origin/african/
1897,Kedir,male,amharic,https://www.names.org/lists/by-origin/amharic/
1898,Nolawit,female,african,https://www.names.org/lists/by-origin/african/
1899,Hasina ,female,swahili ,https://teamgroupnames.com/swahili-girl-names/
1900,Dare,male,yoruba,https://www.names.org/lists/by-origin/yoruba/
1901,Chijioke,male,igbo,https://www.names.org/lists/by-origin/igbo/
1902,Riziki ,female,swahili ,https://teamgroupnames.com/swahili-girl-names/
1903,Rungu,male,swahili ,https://teamgroupnames.com/swahili-boy-names/
1904,Kehinde,female,yoruba,https://www.names.org/lists/by-origin/yoruba/
1905,Hadjer,female,african,https://www.names.org/lists/by-origin/african/
1906,Lindie,female,african dutch (afrikaans) ,https://www.names.org/lists/by-origin/african-dutch-afrikaans-/
1907,Temitayo,female,yoruba,https://www.names.org/lists/by-origin/yoruba/
1908,Hanim,female,amharic,https://www.names.org/lists/by-origin/amharic/
1909,Akina ,female,swahili ,https://teamgroupnames.com/swahili-girl-names/
1910,Onaje,male,swahili ,https://www.names.org/lists/by-origin/swahili/
1911,Rovanio,male,african,https://www.names.org/lists/by-origin/african/
1912,Kehinde,male,yoruba,https://www.names.org/lists/by-origin/yoruba/
1913,Tigist,female,amharic,https://www.names.org/lists/by-origin/amharic/
1914,Alhagie,male,african,https://www.names.org/lists/by-origin/african/
1915,Danial,male,arabic,https://www.names.org/lists/by-origin/arabic/
1916,Oluwatoni,female,yoruba,https://www.names.org/lists/by-origin/yoruba/
1917,Sarkodie,male,yoruba,https://www.names.org/lists/by-origin/yoruba/
1918,Burna,female,yoruba,https://www.names.org/lists/by-origin/yoruba/
1919,Bahle,male,xhosa,https://www.names.org/lists/by-origin/xhosa/
1920,Kiin,male,arabic,https://www.names.org/lists/by-origin/arabic/
1921,Ceesay,male,african,https://www.names.org/lists/by-origin/african/
1922,Oluwanifemi,female,yoruba,https://www.names.org/lists/by-origin/yoruba/
1923,Elyes,male,arabic,https://www.names.org/lists/by-origin/arabic/
1924,Neema ,female,swahili ,https://teamgroupnames.com/swahili-girl-names/
1925,Erasto,male,swahili ,https://www.names.org/lists/by-origin/swahili/
1926,Seun,female,yoruba,https://www.names.org/lists/by-origin/yoruba/
1927,Kebba,male,african,https://www.names.org/lists/by-origin/african/
1928,Mbugua,male,swahili ,https://www.names.org/lists/by-origin/swahili/
1929,Stephen,male,english,https://www.names.org/lists/by-origin/english/
1930,Sango,male,xhosa,https://www.names.org/lists/by-origin/xhosa/
1931,Shola,male,yoruba,https://www.names.org/lists/by-origin/yoruba/
1932,Saraya,female,arabic,https://www.names.org/lists/by-origin/arabic/
1933,Amanda,female,african dutch (afrikaans) ,https://www.names.org/lists/by-origin/african-dutch-afrikaans-/
1934,Christina,female,english,https://www.names.org/lists/by-origin/english/
1935,Temi,female,yoruba,https://www.names.org/lists/by-origin/yoruba/
1936,Tobi,female,african,https://www.names.org/lists/by-origin/african/
1937,Anasa,male,swahili ,https://teamgroupnames.com/swahili-boy-names/
1938,Kamari,female,african,https://www.names.org/lists/by-origin/african/
1939,Hycent,male,igbo,https://www.names.org/lists/by-origin/igbo/
1940,Kamaria ,female,swahili ,https://teamgroupnames.com/swahili-girl-names/
1941,Bahran,male,amharic,https://www.names.org/lists/by-origin/amharic/
1942,Mulbah,female,african,https://www.names.org/lists/by-origin/african/
1943,Rhema,female,yoruba,https://www.names.org/lists/by-origin/yoruba/
1944,Tyreese,male,african-american,https://www.names.org/lists/by-origin/african/
1945,Molefe,male,african dutch (afrikaans) ,https://www.names.org/lists/by-origin/african-dutch-afrikaans-/
1946,Muhammed,male,arabic,https://www.names.org/lists/by-origin/arabic/
1947,Lela,female,arabic,https://www.names.org/lists/by-origin/arabic/
1948,Melos,male,amharic,https://www.names.org/lists/by-origin/amharic/
1949,Chungu,male,xhosa,https://www.names.org/lists/by-origin/xhosa/
1950,Lachlan,male,english,https://www.names.org/lists/by-origin/english/
1951,Jasiri,female,swahili ,https://www.names.org/lists/by-origin/swahili/
1952,Abdihakim,male,arabic,https://www.names.org/lists/by-origin/arabic/
1953,Katalia,female,african dutch (afrikaans) ,https://www.names.org/lists/by-origin/african-dutch-afrikaans-/
1954,Blamo,female,yoruba,https://www.names.org/lists/by-origin/yoruba/
1955,Bunju,male,swahili ,https://teamgroupnames.com/swahili-boy-names/
1956,Jaleel,male,arabic,https://www.names.org/lists/by-origin/arabic/
1957,Chikamara,male,igbo,https://www.names.org/lists/by-origin/igbo/
1958,Mihle,male,african dutch (afrikaans) ,https://www.names.org/lists/by-origin/african-dutch-afrikaans-/
1959,Makaia,female,english,https://www.names.org/lists/by-origin/english/
1960,Dafina ,female,swahili ,https://teamgroupnames.com/swahili-girl-names/
1961,Chidinma,female,igbo,https://www.names.org/lists/by-origin/igbo/
1962,Evelyn,female,english,https://www.names.org/lists/by-origin/english/
1963,Manessa,female,arabic,https://www.names.org/lists/by-origin/arabic/
1964,Iesha,female,arabic,https://www.names.org/lists/by-origin/arabic/
1965,Praise,female,igbo,https://www.names.org/lists/by-origin/igbo/
1966,Toluwanimi,male,yoruba,https://www.names.org/lists/by-origin/yoruba/
1967,Korpo,female,african,https://www.names.org/lists/by-origin/african/
1968,Vienna,female,arabic,https://www.names.org/lists/by-origin/arabic/
1969,Zurie,female,swahili ,https://www.names.org/lists/by-origin/swahili/
1970,Benel,female,amharic,https://www.names.org/lists/by-origin/amharic/
1971,Gloria,female,english,https://www.names.org/lists/by-origin/english/
1972,Lucy,female,english,https://www.names.org/lists/by-origin/english/
1973,Bongani,male,african dutch (afrikaans) ,https://www.names.org/lists/by-origin/african-dutch-afrikaans-/
1974,Oretha,female,yoruba,https://www.names.org/lists/by-origin/yoruba/
1975,Dinka,male,african,https://www.names.org/lists/by-origin/african/
1976,Okota,male,swahili ,https://teamgroupnames.com/swahili-boy-names/
1977,Adekunle,male,yoruba,https://www.names.org/lists/by-origin/yoruba/
1978,Kallon,male,yoruba,https://www.names.org/lists/by-origin/yoruba/
1979,Ange,female,swahili ,https://www.names.org/lists/by-origin/swahili/
1980,Hajarah,female,swahili ,https://www.names.org/lists/by-origin/swahili/
1981,Emil,male,arabic,https://www.names.org/lists/by-origin/arabic/
1982,Elzette,female,african dutch (afrikaans) ,https://www.names.org/lists/by-origin/african-dutch-afrikaans-/
1983,Athieng,female,amharic,https://www.names.org/lists/by-origin/amharic/
1984,Faraja ,female,swahili ,https://teamgroupnames.com/swahili-girl-names/
1985,Tunu,male,swahili ,https://www.names.org/lists/by-origin/swahili/
1986,Secilia,female,african dutch (afrikaans) ,https://www.names.org/lists/by-origin/african-dutch-afrikaans-/
1987,Iyana,female,african,https://www.names.org/lists/by-origin/african/
1988,Victor,male,english,https://www.names.org/lists/by-origin/english/
1989,Inaya ,female,swahili ,https://teamgroupnames.com/swahili-girl-names/
1990,Janjay,female,african,https://www.names.org/lists/by-origin/african/
1991,Adedamola,male,yoruba,https://www.names.org/lists/by-origin/yoruba/
1992,Zena ,female,swahili ,https://teamgroupnames.com/swahili-girl-names/
1993,Tamilore,female,yoruba,https://www.names.org/lists/by-origin/yoruba/
1994,Mwanza,female,xhosa,https://www.names.org/lists/by-origin/xhosa/
1995,Jahiem,male,english,https://www.names.org/lists/by-origin/english/
1996,Leane,female,african dutch (afrikaans) ,https://www.names.org/lists/by-origin/african-dutch-afrikaans-/
1997,Mardene,female,african dutch (afrikaans) ,https://www.names.org/lists/by-origin/african-dutch-afrikaans-/
1998,Boemo,male,xhosa,https://www.names.org/lists/by-origin/xhosa/
1999,Getachew,male,amharic,https://www.names.org/lists/by-origin/amharic/
2000,Jalani,female,african,https://www.names.org/lists/by-origin/african/
2001,Faraja,male,swahili ,https://teamgroupnames.com/swahili-boy-names/
2002,Iremide,male,yoruba,https://www.names.org/lists/by-origin/yoruba/
2003,Jalil,male,arabic,https://www.names.org/lists/by-origin/arabic/
2004,Mekhi,male,african-american,https://www.names.org/lists/by-origin/african/
2005,Modupe,female,yoruba,https://www.names.org/lists/by-origin/yoruba/
2006,Leo,male,english,https://www.names.org/lists/by-origin/english/
2007,Emma,female,african dutch (afrikaans) ,https://www.names.org/lists/by-origin/african-dutch-afrikaans-/
2008,Hiyab,male,amharic,https://www.names.org/lists/by-origin/amharic/
2009,Irin,female,arabic,https://www.names.org/lists/by-origin/arabic/
2010,Nur,male,arabic,https://www.names.org/lists/by-origin/arabic/
2011,Fursa,male,swahili ,https://teamgroupnames.com/swahili-boy-names/
2012,Bacari,male,swahili ,https://www.names.org/lists/by-origin/swahili/
2013,Adonias,male,amharic,https://www.names.org/lists/by-origin/amharic/
2014,Logan,male,english,https://www.names.org/lists/by-origin/english/
2015,Omari ,female,swahili ,https://teamgroupnames.com/swahili-girl-names/
2016,Maduna,female,xhosa,https://www.names.org/lists/by-origin/xhosa/
2017,Marista,female,african dutch (afrikaans) ,https://www.names.org/lists/by-origin/african-dutch-afrikaans-/
2018,Bereket,male,amharic,https://www.names.org/lists/by-origin/amharic/
2019,Lawen,male,arabic,https://www.names.org/lists/by-origin/arabic/
2020,Nakia,female,african,https://www.names.org/lists/by-origin/african/
2021,Noor,female,arabic,https://www.names.org/lists/by-origin/arabic/
2022,Modester,female,swahili ,https://www.names.org/lists/by-origin/swahili/
2023,Sophie,female,english,https://www.names.org/lists/by-origin/english/
2024,Yona ,female,swahili ,https://teamgroupnames.com/swahili-girl-names/
2025,Kiin,female,arabic,https://www.names.org/lists/by-origin/arabic/
2026,Bhele,female,xhosa,https://www.names.org/lists/by-origin/xhosa/
2027,Temiloluwa,male,yoruba,https://www.names.org/lists/by-origin/yoruba/
2028,Amon,male,african-american,https://www.names.org/lists/by-origin/african/
2029,Anfel,female,african,https://www.names.org/lists/by-origin/african/
2030,Jenty,male,amharic,https://www.names.org/lists/by-origin/amharic/
2031,Tehilah,male,igbo,https://www.names.org/lists/by-origin/igbo/
2032,Aimable,male,swahili ,https://www.names.org/lists/by-origin/swahili/
2033,Bariki,male,swahili ,https://teamgroupnames.com/swahili-boy-names/
2034,Lourens,male,african dutch (afrikaans) ,https://www.names.org/lists/by-origin/african-dutch-afrikaans-/
2035,Aynalem,female,amharic,https://www.names.org/lists/by-origin/amharic/
2036,Belise,female,swahili ,https://www.names.org/lists/by-origin/swahili/
2037,Nicole,female,african dutch (afrikaans) ,https://www.names.org/lists/by-origin/african-dutch-afrikaans-/
2038,Deshaun,male,african-american,https://www.names.org/lists/by-origin/african/
2039,Xavier,male,english,https://www.names.org/lists/by-origin/english/
2040,Alet,male,african dutch (afrikaans) ,https://www.names.org/lists/by-origin/african-dutch-afrikaans-/
2041,Zuri,female,swahili ,https://www.names.org/lists/by-origin/swahili/
2042,Nun,male,african,https://www.names.org/lists/by-origin/african/
2043,Marang,male,african dutch (afrikaans) ,https://www.names.org/lists/by-origin/african-dutch-afrikaans-/
2044,Zinzi,female,xhosa,https://www.names.org/lists/by-origin/xhosa/
2045,Feza,male,swahili ,https://www.names.org/lists/by-origin/swahili/
2046,Orfila,male,african,https://www.names.org/lists/by-origin/african/
2047,Mashua,male,swahili ,https://teamgroupnames.com/swahili-boy-names/
2048,Abenezer,male,amharic,https://www.names.org/lists/by-origin/amharic/
2049,Zaiah,female,arabic,https://www.names.org/lists/by-origin/arabic/
2050,Zhalya,female,arabic,https://www.names.org/lists/by-origin/arabic/
2051,Malik,male,arabic,https://www.names.org/lists/by-origin/arabic/
2052,Tribe,male,african dutch (afrikaans) ,https://www.names.org/lists/by-origin/african-dutch-afrikaans-/
2053,Jurie,male,african dutch (afrikaans) ,https://www.names.org/lists/by-origin/african-dutch-afrikaans-/
2054,Nathanim,male,african,https://www.names.org/lists/by-origin/african/
2055,Neyah,female,swahili ,https://www.names.org/lists/by-origin/swahili/
2056,Imbo,male,african dutch (afrikaans) ,https://www.names.org/lists/by-origin/african-dutch-afrikaans-/
2057,Kamaldeen,male,igbo,https://www.names.org/lists/by-origin/igbo/
2058,Nyibol,female,amharic,https://www.names.org/lists/by-origin/amharic/
2059,Livy,female,arabic,https://www.names.org/lists/by-origin/arabic/
2060,Brooke,female,english,https://www.names.org/lists/by-origin/english/
2061,Alan,male,english,https://www.names.org/lists/by-origin/english/
2062,Dalila,female,arabic,https://www.names.org/lists/by-origin/arabic/
2063,Fahari,male,swahili ,https://teamgroupnames.com/swahili-boy-names/
2064,Chandre,female,african dutch (afrikaans) ,https://www.names.org/lists/by-origin/african-dutch-afrikaans-/
2065,Evan,male,english,https://www.names.org/lists/by-origin/english/
2066,Ike,male,african-american,https://www.names.org/lists/by-origin/african/
2067,Zarina ,female,swahili ,https://teamgroupnames.com/swahili-girl-names/
2068,Touray,male,african,https://www.names.org/lists/by-origin/african/
2069,Alexis,female,english,https://www.names.org/lists/by-origin/english/
2070,Bustani ,female,swahili ,https://teamgroupnames.com/swahili-girl-names/
2071,Uche,female,igbo,https://www.names.org/lists/by-origin/igbo/
2072,Tharcisse,male,swahili ,https://www.names.org/lists/by-origin/swahili/
2073,Mihle,female,african dutch (afrikaans) ,https://www.names.org/lists/by-origin/african-dutch-afrikaans-/
2074,Ekemini,male,igbo,https://www.names.org/lists/by-origin/igbo/
2075,Lulu ,female,swahili ,https://teamgroupnames.com/swahili-girl-names/
2076,Myisha,female,swahili ,https://www.names.org/lists/by-origin/swahili/
2077,Danait,female,amharic,https://www.names.org/lists/by-origin/amharic/
2078,Sampa,female,xhosa,https://www.names.org/lists/by-origin/xhosa/
2079,Furaha ,female,swahili ,https://teamgroupnames.com/swahili-girl-names/
2080,Lameck,male,swahili ,https://www.names.org/lists/by-origin/swahili/
2081,Alia,female,arabic,https://www.names.org/lists/by-origin/arabic/
2082,Pamela,female,english,https://www.names.org/lists/by-origin/english/
2083,Meshack,male,swahili ,https://www.names.org/lists/by-origin/swahili/
2084,Enow,male,african,https://www.names.org/lists/by-origin/african/
2085,Warvin,male,arabic,https://www.names.org/lists/by-origin/arabic/
2086,Makeda,female,amharic,https://www.names.org/lists/by-origin/amharic/
2087,Dontavious,male,african-american,https://www.names.org/lists/by-origin/african/
2088,Nuru,male,swahili ,https://teamgroupnames.com/swahili-boy-names/
2089,Keza,female,swahili ,https://www.names.org/lists/by-origin/swahili/
2090,Hortance,female,swahili ,https://www.names.org/lists/by-origin/swahili/
2091,Kharie,male,swahili ,https://www.names.org/lists/by-origin/swahili/
2092,Amadu,male,yoruba,https://www.names.org/lists/by-origin/yoruba/
2093,Askari ,female,swahili ,https://teamgroupnames.com/swahili-girl-names/
2094,Avand,female,arabic,https://www.names.org/lists/by-origin/arabic/
2095,Toba,female,yoruba,https://www.names.org/lists/by-origin/yoruba/
2096,Panya,male,swahili ,https://teamgroupnames.com/swahili-boy-names/
2097,Jaseh,male,arabic,https://www.names.org/lists/by-origin/arabic/
2098,Zahara ,female,swahili ,https://teamgroupnames.com/swahili-girl-names/
2099,Rovan,female,arabic,https://www.names.org/lists/by-origin/arabic/
2100,Adey,female,amharic,https://www.names.org/lists/by-origin/amharic/
2101,Chigozirim,female,igbo,https://www.names.org/lists/by-origin/igbo/
2102,Moyinoluwa,female,yoruba,https://www.names.org/lists/by-origin/yoruba/
2103,Melos,female,amharic,https://www.names.org/lists/by-origin/amharic/
2104,Malek,male,arabic,https://www.names.org/lists/by-origin/arabic/
2105,Oshana,male,african dutch (afrikaans) ,https://www.names.org/lists/by-origin/african-dutch-afrikaans-/
2106,Jenty,female,amharic,https://www.names.org/lists/by-origin/amharic/
2107,Loice,male,xhosa,https://www.names.org/lists/by-origin/xhosa/
2108,Dwana,female,swahili ,https://www.names.org/lists/by-origin/swahili/
2109,Chukwuebuka,male,igbo,https://www.names.org/lists/by-origin/igbo/
2110,Kimora,female,english,https://www.names.org/lists/by-origin/english/
2111,Yasmine,female,arabic,https://www.names.org/lists/by-origin/arabic/
2112,Onyango,male,swahili ,https://www.names.org/lists/by-origin/swahili/
2113,Rickayla,female,english,https://www.names.org/lists/by-origin/english/
2114,Ramla ,female,swahili ,https://teamgroupnames.com/swahili-girl-names/
2115,Kelechi,female,igbo,https://www.names.org/lists/by-origin/igbo/
2116,Chibueze,male,igbo,https://www.names.org/lists/by-origin/igbo/
2117,Yoadan,female,african,https://www.names.org/lists/by-origin/african/
2118,Bemba ,female,swahili ,https://teamgroupnames.com/swahili-girl-names/
2119,Akini,male,english,https://www.names.org/lists/by-origin/english/
2120,Hekima,male,swahili ,https://teamgroupnames.com/swahili-boy-names/
2121,Faru,male,swahili ,https://teamgroupnames.com/swahili-boy-names/
2122,Benel,male,amharic,https://www.names.org/lists/by-origin/amharic/
2123,Olajumoke,female,yoruba,https://www.names.org/lists/by-origin/yoruba/
2124,Sweeta,female,arabic,https://www.names.org/lists/by-origin/arabic/
2125,Shakira,female,arabic,https://www.names.org/lists/by-origin/arabic/
2126,Tamoy,male,english,https://www.names.org/lists/by-origin/english/
2127,Chioke,male,igbo,https://www.names.org/lists/by-origin/igbo/
2128,Deola,female,yoruba,https://www.names.org/lists/by-origin/yoruba/
2129,Onyebuchi,female,igbo,https://www.names.org/lists/by-origin/igbo/
2130,Samira,female,arabic,https://www.names.org/lists/by-origin/arabic/
2131,Thandie,female,xhosa,https://www.names.org/lists/by-origin/xhosa/
2132,Ayoni,female,yoruba,https://www.names.org/lists/by-origin/yoruba/
2133,Obama,male,african,https://www.names.org/lists/by-origin/african/
2134,Haset,female,amharic,https://www.names.org/lists/by-origin/amharic/
2135,Shavonte,female,swahili ,https://www.names.org/lists/by-origin/swahili/
2136,Chidozie,male,igbo,https://www.names.org/lists/by-origin/igbo/
2137,Lome,male,african dutch (afrikaans) ,https://www.names.org/lists/by-origin/african-dutch-afrikaans-/
2138,Gelila,female,amharic,https://www.names.org/lists/by-origin/amharic/
2139,Doto,male,swahili ,https://teamgroupnames.com/swahili-boy-names/
2140,Eric,male,swahili ,https://www.names.org/lists/by-origin/swahili/
2141,Napo,male,xhosa,https://www.names.org/lists/by-origin/xhosa/
2142,Molly,female,english,https://www.names.org/lists/by-origin/english/
2143,Asmin,male,arabic,https://www.names.org/lists/by-origin/arabic/
2144,Armah,female,yoruba,https://www.names.org/lists/by-origin/yoruba/
2145,Barkon,male,amharic,https://www.names.org/lists/by-origin/amharic/
2146,Owen,male,english,https://www.names.org/lists/by-origin/english/
2147,Dawie,male,african dutch (afrikaans) ,https://www.names.org/lists/by-origin/african-dutch-afrikaans-/
2148,Yetunde,female,yoruba,https://www.names.org/lists/by-origin/yoruba/
2149,Nicoy,male,english,https://www.names.org/lists/by-origin/english/
2150,Betania,female,amharic,https://www.names.org/lists/by-origin/amharic/
2151,Georgia,female,english,https://www.names.org/lists/by-origin/english/
2152,Relindis,female,african,https://www.names.org/lists/by-origin/african/
2153,Arhan,male,arabic,https://www.names.org/lists/by-origin/arabic/
2154,Kesi ,female,swahili ,https://teamgroupnames.com/swahili-girl-names/
2155,Lebo,male,swahili ,https://teamgroupnames.com/swahili-boy-names/
2156,Nawi,male,african,https://www.names.org/lists/by-origin/african/
2157,Doto ,female,swahili ,https://teamgroupnames.com/swahili-girl-names/
2158,Malkia,female,swahili ,https://www.names.org/lists/by-origin/swahili/
2159,Chiamanda,female,igbo,https://www.names.org/lists/by-origin/igbo/
2160,Latita,female,xhosa,https://www.names.org/lists/by-origin/xhosa/
2161,Chimeremeze,male,igbo,https://www.names.org/lists/by-origin/igbo/
2162,Tiana,female,english,https://www.names.org/lists/by-origin/english/
2163,Songe,male,xhosa,https://www.names.org/lists/by-origin/xhosa/
2164,Kedus,male,amharic,https://www.names.org/lists/by-origin/amharic/
2165,Marang,female,african dutch (afrikaans) ,https://www.names.org/lists/by-origin/african-dutch-afrikaans-/
2166,Naetochukwu,male,igbo,https://www.names.org/lists/by-origin/igbo/
2167,Abdirahman,male,african,https://www.names.org/lists/by-origin/african/
2168,Nia,female,swahili ,https://www.names.org/lists/by-origin/swahili/
2169,Latifah ,female,swahili ,https://teamgroupnames.com/swahili-girl-names/
2170,Myburgh,male,african dutch (afrikaans) ,https://www.names.org/lists/by-origin/african-dutch-afrikaans-/
2171,Tamilore,male,yoruba,https://www.names.org/lists/by-origin/yoruba/
2172,Zainab,female,arabic,https://www.names.org/lists/by-origin/arabic/
2173,Kenroy,male,english,https://www.names.org/lists/by-origin/english/
2174,Vitoria ,female,swahili ,https://teamgroupnames.com/swahili-girl-names/
2175,Eli,male,english,https://www.names.org/lists/by-origin/english/
2176,Andrew,male,african dutch (afrikaans) ,https://www.names.org/lists/by-origin/african-dutch-afrikaans-/
2177,Tenisha,female,african,https://www.names.org/lists/by-origin/african/
2178,Shakisha,female,swahili ,https://www.names.org/lists/by-origin/swahili/
2179,Baruti,male,swahili ,https://www.names.org/lists/by-origin/swahili/
2180,Moshood,male,yoruba,https://www.names.org/lists/by-origin/yoruba/
2181,Xola,male,xhosa,https://www.names.org/lists/by-origin/xhosa/
2182,Nuel,male,african,https://www.names.org/lists/by-origin/african/
2183,Blen,female,amharic,https://www.names.org/lists/by-origin/amharic/
2184,Mardiya,female,igbo,https://www.names.org/lists/by-origin/igbo/
2185,Mohammad,male,arabic,https://www.names.org/lists/by-origin/arabic/
2186,Kambili,male,igbo,https://www.names.org/lists/by-origin/igbo/
2187,Keilla,female,swahili ,https://www.names.org/lists/by-origin/swahili/
2188,Omiyo,female,xhosa,https://www.names.org/lists/by-origin/xhosa/
2189,Leena,female,arabic,https://www.names.org/lists/by-origin/arabic/
2190,Ajak,male,amharic,https://www.names.org/lists/by-origin/amharic/
2191,Ayvie,female,arabic,https://www.names.org/lists/by-origin/arabic/
2192,Sarel,male,african dutch (afrikaans) ,https://www.names.org/lists/by-origin/african-dutch-afrikaans-/
2193,Deone,male,african dutch (afrikaans) ,https://www.names.org/lists/by-origin/african-dutch-afrikaans-/
2194,Sixtus,male,igbo,https://www.names.org/lists/by-origin/igbo/
2195,Chimaobi,male,igbo,https://www.names.org/lists/by-origin/igbo/
2196,Fumo,male,swahili ,https://teamgroupnames.com/swahili-boy-names/
2197,Yemi,female,yoruba,https://www.names.org/lists/by-origin/yoruba/
2198,Babu,male,swahili ,https://teamgroupnames.com/swahili-boy-names/
2199,Maryamawit,female,amharic,https://www.names.org/lists/by-origin/amharic/
2200,Wickus,male,african dutch (afrikaans) ,https://www.names.org/lists/by-origin/african-dutch-afrikaans-/
2201,Ermias,male,african,https://www.names.org/lists/by-origin/african/
3163,Zahir,male,arabic,https://www.names.org/lists/by-origin/arabic/
2202,Sekhani,male,african dutch (afrikaans) ,https://www.names.org/lists/by-origin/african-dutch-afrikaans-/
2203,Nahili,female,amharic,https://www.names.org/lists/by-origin/amharic/
2204,Ayomi,male,african,https://www.names.org/lists/by-origin/african/
2205,Mijelo,male,xhosa,https://www.names.org/lists/by-origin/xhosa/
2206,Jalen,male,african-american,https://www.names.org/lists/by-origin/african/
2207,Fana,female,amharic,https://www.names.org/lists/by-origin/amharic/
2208,Aremu,male,yoruba,https://www.names.org/lists/by-origin/yoruba/
2209,Barbara,female,english,https://www.names.org/lists/by-origin/english/
2210,Clatous,male,swahili ,https://www.names.org/lists/by-origin/swahili/
2211,Marlise,female,african dutch (afrikaans) ,https://www.names.org/lists/by-origin/african-dutch-afrikaans-/
2212,Adiam,female,amharic,https://www.names.org/lists/by-origin/amharic/
2213,Jahseh,male,english,https://www.names.org/lists/by-origin/english/
2214,Caladin,male,arabic,https://www.names.org/lists/by-origin/arabic/
2215,Kingsley,male,african-american,https://www.names.org/lists/by-origin/african/
2216,Bitanya,female,amharic,https://www.names.org/lists/by-origin/amharic/
2217,Ademola,male,yoruba,https://www.names.org/lists/by-origin/yoruba/
2218,Damani,male,african-american,https://www.names.org/lists/by-origin/african/
2219,Birtukan,female,amharic,https://www.names.org/lists/by-origin/amharic/
2220,Millisa,female,xhosa,https://www.names.org/lists/by-origin/xhosa/
2221,Chrispine,male,swahili ,https://www.names.org/lists/by-origin/swahili/
2222,Mandela,male,xhosa,https://www.names.org/lists/by-origin/xhosa/
2223,Dingiswayo,male,swahili ,https://www.names.org/lists/by-origin/swahili/
2224,Obinna,male,igbo,https://www.names.org/lists/by-origin/igbo/
2225,Chimere,female,igbo,https://www.names.org/lists/by-origin/igbo/
2226,Aisosa,male,igbo,https://www.names.org/lists/by-origin/igbo/
2227,Jermaine,male,african-american,https://www.names.org/lists/by-origin/african/
2228,Ammon,male,african-american,https://www.names.org/lists/by-origin/african/
2229,Elroe,male,amharic,https://www.names.org/lists/by-origin/amharic/
2230,Garang,male,amharic,https://www.names.org/lists/by-origin/amharic/
2231,Barok,male,african,https://www.names.org/lists/by-origin/african/
2232,Jawanza,male,swahili ,https://www.names.org/lists/by-origin/swahili/
2233,Tona,female,yoruba,https://www.names.org/lists/by-origin/yoruba/
2234,Avery,male,english,https://www.names.org/lists/by-origin/english/
2235,Rashida ,female,swahili ,https://teamgroupnames.com/swahili-girl-names/
2236,Gay,female,african,https://www.names.org/lists/by-origin/african/
2237,Bahiyyih,female,arabic,https://www.names.org/lists/by-origin/arabic/
2238,Eyoab,male,african,https://www.names.org/lists/by-origin/african/
2239,Samora,female,swahili ,https://www.names.org/lists/by-origin/swahili/
2240,Dries,male,african dutch (afrikaans) ,https://www.names.org/lists/by-origin/african-dutch-afrikaans-/
2241,Ashanti,female,african,https://www.names.org/lists/by-origin/african/
2242,Evie,female,english,https://www.names.org/lists/by-origin/english/
2243,Lati,female,arabic,https://www.names.org/lists/by-origin/arabic/
2244,Akili,female,swahili ,https://www.names.org/lists/by-origin/swahili/
2245,Ceesay,female,african,https://www.names.org/lists/by-origin/african/
2246,Kia,female,african,https://www.names.org/lists/by-origin/african/
2247,Feza,female,swahili ,https://www.names.org/lists/by-origin/swahili/
2248,Hazina ,female,swahili ,https://teamgroupnames.com/swahili-girl-names/
2249,Petina,female,arabic,https://www.names.org/lists/by-origin/arabic/
2250,Chris,male,english,https://www.names.org/lists/by-origin/english/
2251,Ayra,female,arabic,https://www.names.org/lists/by-origin/arabic/
2252,Oluwatobiloba,female,yoruba,https://www.names.org/lists/by-origin/yoruba/
2253,Natanem,female,amharic,https://www.names.org/lists/by-origin/amharic/
2254,Lee,male,african dutch (afrikaans) ,https://www.names.org/lists/by-origin/african-dutch-afrikaans-/
2255,Timothy,male,english,https://www.names.org/lists/by-origin/english/
2256,Basliel,male,african,https://www.names.org/lists/by-origin/african/
2257,Khaza,male,arabic,https://www.names.org/lists/by-origin/arabic/
2258,Saada ,female,swahili ,https://teamgroupnames.com/swahili-girl-names/
2259,Louw,male,african dutch (afrikaans) ,https://www.names.org/lists/by-origin/african-dutch-afrikaans-/
2260,Zeril,male,arabic,https://www.names.org/lists/by-origin/arabic/
2261,Aneth,female,swahili ,https://www.names.org/lists/by-origin/swahili/
2262,Abdisalan,male,arabic,https://www.names.org/lists/by-origin/arabic/
2263,Nick,male,english,https://www.names.org/lists/by-origin/english/
2264,Eupe ,female,swahili ,https://teamgroupnames.com/swahili-girl-names/
2265,Zendaya,female,african,https://www.names.org/lists/by-origin/african/
2266,Kathryn,female,english,https://www.names.org/lists/by-origin/english/
2267,Azuri,female,swahili ,https://www.names.org/lists/by-origin/swahili/
2268,Sanusi,male,igbo,https://www.names.org/lists/by-origin/igbo/
2269,Kaylon,male,english,https://www.names.org/lists/by-origin/english/
2270,Lewis,male,english,https://www.names.org/lists/by-origin/english/
2271,Shakeem,male,english,https://www.names.org/lists/by-origin/english/
2272,Asive,male,xhosa,https://www.names.org/lists/by-origin/xhosa/
2273,Ire,female,african,https://www.names.org/lists/by-origin/african/
2274,Loide,female,african dutch (afrikaans) ,https://www.names.org/lists/by-origin/african-dutch-afrikaans-/
2275,Adama,female,igbo,https://www.names.org/lists/by-origin/igbo/
2276,Toniann,female,english,https://www.names.org/lists/by-origin/english/
2277,Chimezie,female,igbo,https://www.names.org/lists/by-origin/igbo/
2278,Fiker,male,amharic,https://www.names.org/lists/by-origin/amharic/
2279,Wurie,male,african,https://www.names.org/lists/by-origin/african/
2280,Yabsira,female,amharic,https://www.names.org/lists/by-origin/amharic/
2281,Henok,male,amharic,https://www.names.org/lists/by-origin/amharic/
2282,Tejan,male,yoruba,https://www.names.org/lists/by-origin/yoruba/
2283,Hajara,female,arabic,https://www.names.org/lists/by-origin/arabic/
2284,Sara,female,arabic,https://www.names.org/lists/by-origin/arabic/
2285,Henru,male,african dutch (afrikaans) ,https://www.names.org/lists/by-origin/african-dutch-afrikaans-/
2286,Shane,male,english,https://www.names.org/lists/by-origin/english/
2287,Abdiwahab,male,arabic,https://www.names.org/lists/by-origin/arabic/
2288,Jaden,female,english,https://www.names.org/lists/by-origin/english/
2289,Natan,male,amharic,https://www.names.org/lists/by-origin/amharic/
2290,Momodu,male,yoruba,https://www.names.org/lists/by-origin/yoruba/
2291,Adu,male,african,https://www.names.org/lists/by-origin/african/
2292,Azahel,male,amharic,https://www.names.org/lists/by-origin/amharic/
2293,Udochukwu,male,igbo,https://www.names.org/lists/by-origin/igbo/
2294,Chiamaka,female,igbo,https://www.names.org/lists/by-origin/igbo/
2295,Eino,male,african dutch (afrikaans) ,https://www.names.org/lists/by-origin/african-dutch-afrikaans-/
2296,Jeffrey,male,english,https://www.names.org/lists/by-origin/english/
2297,Pepo ,female,swahili ,https://teamgroupnames.com/swahili-girl-names/
2298,Savion,male,african-american,https://www.names.org/lists/by-origin/african/
2299,Nolita,female,xhosa,https://www.names.org/lists/by-origin/xhosa/
2300,Bontle,female,african,https://www.names.org/lists/by-origin/african/
2301,Lansana,male,african,https://www.names.org/lists/by-origin/african/
2302,Tamu,male,swahili ,https://teamgroupnames.com/swahili-boy-names/
2303,Pharaoh,male,african,https://www.names.org/lists/by-origin/african/
2304,Winnie,female,african,https://www.names.org/lists/by-origin/african/
2305,Christian,male,english,https://www.names.org/lists/by-origin/english/
2306,Juane,male,african dutch (afrikaans) ,https://www.names.org/lists/by-origin/african-dutch-afrikaans-/
2307,Maritz,male,african dutch (afrikaans) ,https://www.names.org/lists/by-origin/african-dutch-afrikaans-/
2308,Wema,male,swahili ,https://teamgroupnames.com/swahili-boy-names/
2309,Cindylee,female,african dutch (afrikaans) ,https://www.names.org/lists/by-origin/african-dutch-afrikaans-/
2310,Oluchi,female,igbo,https://www.names.org/lists/by-origin/igbo/
2311,Rutuba,male,swahili ,https://teamgroupnames.com/swahili-boy-names/
2312,Yosr,female,african,https://www.names.org/lists/by-origin/african/
2313,Fenet,female,amharic,https://www.names.org/lists/by-origin/amharic/
2314,Neymar,male,english,https://www.names.org/lists/by-origin/english/
2315,Chisom,female,igbo,https://www.names.org/lists/by-origin/igbo/
2316,Adam,male,english,https://www.names.org/lists/by-origin/english/
2317,Anro,female,african dutch (afrikaans) ,https://www.names.org/lists/by-origin/african-dutch-afrikaans-/
2318,Haidara,male,african,https://www.names.org/lists/by-origin/african/
2319,Tarawally,female,african,https://www.names.org/lists/by-origin/african/
2320,Farrah,female,arabic,https://www.names.org/lists/by-origin/arabic/
2321,Khamani,female,swahili ,https://www.names.org/lists/by-origin/swahili/
2322,Mahim,male,arabic,https://www.names.org/lists/by-origin/arabic/
2323,Denzel,male,african-american,https://www.names.org/lists/by-origin/african/
2324,Emmanuel,male,swahili ,https://www.names.org/lists/by-origin/swahili/
2325,Ghafi,male,swahili ,https://teamgroupnames.com/swahili-boy-names/
2326,Chane,male,swahili ,https://teamgroupnames.com/swahili-boy-names/
2327,Onyema,female,igbo,https://www.names.org/lists/by-origin/igbo/
2328,Christopher,male,english,https://www.names.org/lists/by-origin/english/
2329,Thembi,female,swahili ,https://www.names.org/lists/by-origin/swahili/
2330,Lovelyn,female,igbo,https://www.names.org/lists/by-origin/igbo/
2331,Lienke,female,african dutch (afrikaans) ,https://www.names.org/lists/by-origin/african-dutch-afrikaans-/
2332,Lihle,female,african dutch (afrikaans) ,https://www.names.org/lists/by-origin/african-dutch-afrikaans-/
2333,Amira,female,arabic,https://www.names.org/lists/by-origin/arabic/
2334,Kiya,female,african,https://www.names.org/lists/by-origin/african/
2335,Retief,male,african dutch (afrikaans) ,https://www.names.org/lists/by-origin/african-dutch-afrikaans-/
2336,Tsega,male,amharic,https://www.names.org/lists/by-origin/amharic/
2337,Nnamdi,male,swahili ,https://teamgroupnames.com/swahili-boy-names/
2338,Chizitere,female,igbo,https://www.names.org/lists/by-origin/igbo/
2339,Aisha,female,arabic,https://www.names.org/lists/by-origin/arabic/
2340,Sampa,male,xhosa,https://www.names.org/lists/by-origin/xhosa/
2341,Thandi,female,xhosa,https://www.names.org/lists/by-origin/xhosa/
2342,Chumani,male,xhosa,https://www.names.org/lists/by-origin/xhosa/
2343,Kercy,female,swahili ,https://www.names.org/lists/by-origin/swahili/
2344,Will,male,english,https://www.names.org/lists/by-origin/english/
2345,Kebron,female,african,https://www.names.org/lists/by-origin/african/
2346,Tacha,female,yoruba,https://www.names.org/lists/by-origin/yoruba/
2347,Sintayehu,female,amharic,https://www.names.org/lists/by-origin/amharic/
2348,Milane,female,african dutch (afrikaans) ,https://www.names.org/lists/by-origin/african-dutch-afrikaans-/
2349,Elre,male,african dutch (afrikaans) ,https://www.names.org/lists/by-origin/african-dutch-afrikaans-/
2350,Gislain,male,swahili ,https://www.names.org/lists/by-origin/swahili/
2351,Tafari,male,amharic,https://www.names.org/lists/by-origin/amharic/
2352,Armaan,male,arabic,https://www.names.org/lists/by-origin/arabic/
2353,Makbel,male,african,https://www.names.org/lists/by-origin/african/
2354,Jamie,female,english,https://www.names.org/lists/by-origin/english/
2355,Sanneh,female,african,https://www.names.org/lists/by-origin/african/
2356,Daleen,female,african dutch (afrikaans) ,https://www.names.org/lists/by-origin/african-dutch-afrikaans-/
2357,Drocella,female,swahili ,https://www.names.org/lists/by-origin/swahili/
2358,Sifen,male,amharic,https://www.names.org/lists/by-origin/amharic/
2359,Hirut,female,amharic,https://www.names.org/lists/by-origin/amharic/
2360,Muigai,male,arabic,https://www.names.org/lists/by-origin/arabic/
2361,Sarah,female,english,https://www.names.org/lists/by-origin/english/
2362,Nwachukwu,female,igbo,https://www.names.org/lists/by-origin/igbo/
2363,Emik,female,arabic,https://www.names.org/lists/by-origin/arabic/
2364,Acie,male,african-american,https://www.names.org/lists/by-origin/african/
2365,Leah ,female,swahili ,https://teamgroupnames.com/swahili-girl-names/
2366,Chika,male,igbo,https://www.names.org/lists/by-origin/igbo/
2367,Kondwani,male,swahili ,https://www.names.org/lists/by-origin/swahili/
2368,Fahari ,female,swahili ,https://teamgroupnames.com/swahili-girl-names/
2369,Ophira ,female,swahili ,https://teamgroupnames.com/swahili-girl-names/
2370,Nneka,female,igbo,https://www.names.org/lists/by-origin/igbo/
2371,Launi,male,swahili ,https://teamgroupnames.com/swahili-boy-names/
2372,Rafsan,male,arabic,https://www.names.org/lists/by-origin/arabic/
2373,Kayode,male,yoruba,https://www.names.org/lists/by-origin/yoruba/
2374,Meron,female,african,https://www.names.org/lists/by-origin/african/
2375,Zarnish,female,arabic,https://www.names.org/lists/by-origin/arabic/
2376,Titilayo,female,yoruba,https://www.names.org/lists/by-origin/yoruba/
2377,Lakeisha ,female,swahili ,https://teamgroupnames.com/swahili-girl-names/
2378,Maramawit,female,amharic,https://www.names.org/lists/by-origin/amharic/
2379,Aisha ,female,swahili ,https://teamgroupnames.com/swahili-girl-names/
2380,Priscillia,female,igbo,https://www.names.org/lists/by-origin/igbo/
2381,Mia,female,african dutch (afrikaans) ,https://www.names.org/lists/by-origin/african-dutch-afrikaans-/
2382,Zawadi ,female,swahili ,https://teamgroupnames.com/swahili-girl-names/
2383,Evance,male,swahili ,https://www.names.org/lists/by-origin/swahili/
2384,Royhan,male,igbo,https://www.names.org/lists/by-origin/igbo/
2385,Dafiri,male,swahili ,https://teamgroupnames.com/swahili-boy-names/
2386,Romanus,male,igbo,https://www.names.org/lists/by-origin/igbo/
2387,Dakhari,male,swahili ,https://www.names.org/lists/by-origin/swahili/
2388,Yazan,male,arabic,https://www.names.org/lists/by-origin/arabic/
2389,Frances,female,english,https://www.names.org/lists/by-origin/english/
2390,Asrat,female,amharic,https://www.names.org/lists/by-origin/amharic/
2391,Ciella,female,swahili ,https://www.names.org/lists/by-origin/swahili/
2392,Yasmin,female,arabic,https://www.names.org/lists/by-origin/arabic/
2393,Nancy,female,english,https://www.names.org/lists/by-origin/english/
2394,Chinomso,female,igbo,https://www.names.org/lists/by-origin/igbo/
2395,Ahmad,male,arabic,https://www.names.org/lists/by-origin/arabic/
2396,Lineo,female,xhosa,https://www.names.org/lists/by-origin/xhosa/
2397,Jaha,male,swahili ,https://teamgroupnames.com/swahili-boy-names/
2398,Ieshia,female,swahili ,https://www.names.org/lists/by-origin/swahili/
2399,Venance,male,swahili ,https://www.names.org/lists/by-origin/swahili/
2400,Kamari ,female,swahili ,https://teamgroupnames.com/swahili-girl-names/
2401,Khanya,male,african,https://www.names.org/lists/by-origin/african/
2402,Elize,female,african dutch (afrikaans) ,https://www.names.org/lists/by-origin/african-dutch-afrikaans-/
2403,Zitel,male,igbo,https://www.names.org/lists/by-origin/igbo/
2404,Pendo,male,swahili ,https://teamgroupnames.com/swahili-boy-names/
2405,Vanessa,female,english,https://www.names.org/lists/by-origin/english/
2406,Segun,male,yoruba,https://www.names.org/lists/by-origin/yoruba/
2407,Munachimso,male,yoruba,https://www.names.org/lists/by-origin/yoruba/
2408,Machi ,female,swahili ,https://teamgroupnames.com/swahili-girl-names/
2409,Joto,male,swahili ,https://teamgroupnames.com/swahili-boy-names/
2410,Lizelle,female,african,https://www.names.org/lists/by-origin/african/
2411,Bisrat,female,amharic,https://www.names.org/lists/by-origin/amharic/
2412,Wian,male,african,https://www.names.org/lists/by-origin/african/
2413,Isioma,male,igbo,https://www.names.org/lists/by-origin/igbo/
2414,Busisiwe,female,african,https://www.names.org/lists/by-origin/african/
2415,Oluwatobiloba,male,yoruba,https://www.names.org/lists/by-origin/yoruba/
2416,Shanikwa,female,swahili ,https://www.names.org/lists/by-origin/swahili/
2417,Deone,female,african dutch (afrikaans) ,https://www.names.org/lists/by-origin/african-dutch-afrikaans-/
2418,Simba ,female,swahili ,https://teamgroupnames.com/swahili-girl-names/
2419,Dwane,male,african-american,https://www.names.org/lists/by-origin/african/
2420,Mihret,male,amharic,https://www.names.org/lists/by-origin/amharic/
2421,Rewina,female,amharic,https://www.names.org/lists/by-origin/amharic/
2422,Eliyana,female,amharic,https://www.names.org/lists/by-origin/amharic/
2423,Etia,male,swahili ,https://www.names.org/lists/by-origin/swahili/
2424,Daphine,female,swahili ,https://www.names.org/lists/by-origin/swahili/
2425,Jaap,female,african dutch (afrikaans) ,https://www.names.org/lists/by-origin/african-dutch-afrikaans-/
2426,Tabibu,male,swahili ,https://teamgroupnames.com/swahili-boy-names/
2427,Mambo,male,swahili ,https://www.names.org/lists/by-origin/swahili/
2428,Afua ,female,swahili ,https://teamgroupnames.com/swahili-girl-names/
2429,Zainabu ,female,swahili ,https://teamgroupnames.com/swahili-girl-names/
2430,Araoluwa,female,yoruba,https://www.names.org/lists/by-origin/yoruba/
2431,Samir,male,arabic,https://www.names.org/lists/by-origin/arabic/
2432,Yeng,male,english,https://www.names.org/lists/by-origin/english/
2433,Edidia,male,swahili ,https://www.names.org/lists/by-origin/swahili/
2434,Keli,female,african,https://www.names.org/lists/by-origin/african/
2435,Chungu,female,xhosa,https://www.names.org/lists/by-origin/xhosa/
2436,Max,male,english,https://www.names.org/lists/by-origin/english/
2437,Elrie,male,african dutch (afrikaans) ,https://www.names.org/lists/by-origin/african-dutch-afrikaans-/
2438,Poppy,female,english,https://www.names.org/lists/by-origin/english/
2439,Gabriel,male,english,https://www.names.org/lists/by-origin/english/
2440,Kidus,male,african,https://www.names.org/lists/by-origin/african/
2441,Yoadan,male,african,https://www.names.org/lists/by-origin/african/
2442,Noma,female,xhosa,https://www.names.org/lists/by-origin/xhosa/
2443,Estifanos,male,amharic,https://www.names.org/lists/by-origin/amharic/
2444,Oumie,female,african dutch (afrikaans) ,https://www.names.org/lists/by-origin/african-dutch-afrikaans-/
2445,Jessica,female,african dutch (afrikaans) ,https://www.names.org/lists/by-origin/african-dutch-afrikaans-/
2446,Nigel,male,english,https://www.names.org/lists/by-origin/english/
2447,Eshe ,female,swahili ,https://teamgroupnames.com/swahili-girl-names/
2448,Hamadi,male,swahili ,https://teamgroupnames.com/swahili-boy-names/
2449,Boimah,female,african,https://www.names.org/lists/by-origin/african/
2450,Deborah,female,english,https://www.names.org/lists/by-origin/english/
2451,Tochukwu,male,igbo,https://www.names.org/lists/by-origin/igbo/
2452,Nardos,female,amharic,https://www.names.org/lists/by-origin/amharic/
2453,Inam,female,xhosa,https://www.names.org/lists/by-origin/xhosa/
2454,Thala,female,xhosa,https://www.names.org/lists/by-origin/xhosa/
2455,Luel,male,amharic,https://www.names.org/lists/by-origin/amharic/
2456,Daima,male,swahili ,https://teamgroupnames.com/swahili-boy-names/
2457,Teto,male,xhosa,https://www.names.org/lists/by-origin/xhosa/
2458,Tunda,male,swahili ,https://teamgroupnames.com/swahili-boy-names/
2459,Jitihada,male,swahili ,https://teamgroupnames.com/swahili-boy-names/
2460,Somtochukwu,male,igbo,https://www.names.org/lists/by-origin/igbo/
2461,Aishat,female,igbo,https://www.names.org/lists/by-origin/igbo/
2462,Oluwademilade,male,yoruba,https://www.names.org/lists/by-origin/yoruba/
2463,Xolani,female,xhosa,https://www.names.org/lists/by-origin/xhosa/
2464,Catherine,female,english,https://www.names.org/lists/by-origin/english/
2465,Sive,male,xhosa,https://www.names.org/lists/by-origin/xhosa/
2466,Xola,female,xhosa,https://www.names.org/lists/by-origin/xhosa/
2467,Ibukunoluwa,male,yoruba,https://www.names.org/lists/by-origin/yoruba/
2468,Kylon,male,english,https://www.names.org/lists/by-origin/english/
2469,Janice,female,english,https://www.names.org/lists/by-origin/english/
2470,Kenyatta,female,african,https://www.names.org/lists/by-origin/african/
2471,Amaza,female,xhosa,https://www.names.org/lists/by-origin/xhosa/
2472,Reydel,male,arabic,https://www.names.org/lists/by-origin/arabic/
2473,Marlize,female,african dutch (afrikaans) ,https://www.names.org/lists/by-origin/african-dutch-afrikaans-/
2474,Joyce,female,english,https://www.names.org/lists/by-origin/english/
2475,Warvin,female,arabic,https://www.names.org/lists/by-origin/arabic/
2476,Kweli,male,swahili ,https://www.names.org/lists/by-origin/swahili/
2477,Malama,male,xhosa,https://www.names.org/lists/by-origin/xhosa/
2478,Obaloluwa,male,yoruba,https://www.names.org/lists/by-origin/yoruba/
2479,Litha,female,african dutch (afrikaans) ,https://www.names.org/lists/by-origin/african-dutch-afrikaans-/
2480,Wurie,female,yoruba,https://www.names.org/lists/by-origin/yoruba/
2481,Laura,female,english,https://www.names.org/lists/by-origin/english/
2482,Analo,male,xhosa,https://www.names.org/lists/by-origin/xhosa/
2483,Lorma,female,yoruba,https://www.names.org/lists/by-origin/yoruba/
2484,Adila ,female,swahili ,https://teamgroupnames.com/swahili-girl-names/
2485,Momanyi,male,swahili ,https://www.names.org/lists/by-origin/swahili/
2486,Paxina,female,xhosa,https://www.names.org/lists/by-origin/xhosa/
2487,Wakili,male,swahili ,https://teamgroupnames.com/swahili-boy-names/
2488,Isatu,female,african,https://www.names.org/lists/by-origin/african/
2489,Kola,female,yoruba,https://www.names.org/lists/by-origin/yoruba/
2490,Mazi,male,igbo,https://www.names.org/lists/by-origin/igbo/
2491,Ayantu,female,amharic,https://www.names.org/lists/by-origin/amharic/
2492,Hauwa,female,arabic,https://www.names.org/lists/by-origin/arabic/
2493,Inako,female,xhosa,https://www.names.org/lists/by-origin/xhosa/
2494,Ogopa,male,swahili ,https://teamgroupnames.com/swahili-boy-names/
2495,Jahi,male,swahili ,https://teamgroupnames.com/swahili-boy-names/
2496,Kanneh,female,yoruba,https://www.names.org/lists/by-origin/yoruba/
2497,Manyang,female,amharic,https://www.names.org/lists/by-origin/amharic/
2498,Thiena,male,swahili ,https://www.names.org/lists/by-origin/swahili/
2499,Hadiza,female,african,https://www.names.org/lists/by-origin/african/
2500,Sami,male,arabic,https://www.names.org/lists/by-origin/arabic/
2501,Tolu,male,yoruba,https://www.names.org/lists/by-origin/yoruba/
2502,Emmarentia,female,african dutch (afrikaans) ,https://www.names.org/lists/by-origin/african-dutch-afrikaans-/
2503,Misheck,male,swahili ,https://www.names.org/lists/by-origin/swahili/
2504,Gundo,male,african dutch (afrikaans) ,https://www.names.org/lists/by-origin/african-dutch-afrikaans-/
2505,Rangi ,female,swahili ,https://teamgroupnames.com/swahili-girl-names/
2506,Riyaan,male,arabic,https://www.names.org/lists/by-origin/arabic/
2507,Okafor,male,igbo,https://www.names.org/lists/by-origin/igbo/
2508,Bamlak,male,amharic,https://www.names.org/lists/by-origin/amharic/
2509,Nalla,female,swahili ,https://www.names.org/lists/by-origin/swahili/
2510,Oshe,male,swahili ,https://teamgroupnames.com/swahili-boy-names/
2511,David,male,swahili ,https://www.names.org/lists/by-origin/swahili/
2512,Chileshe,female,xhosa,https://www.names.org/lists/by-origin/xhosa/
2513,Sochikaima,female,igbo,https://www.names.org/lists/by-origin/igbo/
2514,Sebrin,female,amharic,https://www.names.org/lists/by-origin/amharic/
2515,Rentia,female,african dutch (afrikaans) ,https://www.names.org/lists/by-origin/african-dutch-afrikaans-/
2516,Asante,female,swahili ,https://www.names.org/lists/by-origin/swahili/
2517,Albertus,male,african dutch (afrikaans) ,https://www.names.org/lists/by-origin/african-dutch-afrikaans-/
2518,Olona,male,african dutch (afrikaans) ,https://www.names.org/lists/by-origin/african-dutch-afrikaans-/
2519,Olajuwon,male,yoruba,https://www.names.org/lists/by-origin/yoruba/
2520,Francis,male,english,https://www.names.org/lists/by-origin/english/
2521,Orfila,female,african,https://www.names.org/lists/by-origin/african/
2522,Samayra,female,arabic,https://www.names.org/lists/by-origin/arabic/
2523,Missak,male,arabic,https://www.names.org/lists/by-origin/arabic/
2524,Sandra,female,english,https://www.names.org/lists/by-origin/english/
2525,Harry,male,english,https://www.names.org/lists/by-origin/english/
2526,Henry,male,yoruba,https://www.names.org/lists/by-origin/yoruba/
2527,Tulia ,female,swahili ,https://teamgroupnames.com/swahili-girl-names/
2528,Mirha,female,arabic,https://www.names.org/lists/by-origin/arabic/
2529,Isatou,female,african,https://www.names.org/lists/by-origin/african/
2530,Donna,female,english,https://www.names.org/lists/by-origin/english/
2531,Mariatou,female,african,https://www.names.org/lists/by-origin/african/
2532,Lango,male,swahili ,https://teamgroupnames.com/swahili-boy-names/
2533,Namiri,male,swahili ,https://www.names.org/lists/by-origin/swahili/
2534,Alain,male,swahili ,https://www.names.org/lists/by-origin/swahili/
2535,Keron,male,english,https://www.names.org/lists/by-origin/english/
2536,Zaul,male,arabic,https://www.names.org/lists/by-origin/arabic/
2537,Camaria,female,swahili ,https://www.names.org/lists/by-origin/swahili/
2538,Ramatoulie,female,african,https://www.names.org/lists/by-origin/african/
2539,Sallay,female,african,https://www.names.org/lists/by-origin/african/
2540,Concy,female,amharic,https://www.names.org/lists/by-origin/amharic/
2541,Chiziterem,male,igbo,https://www.names.org/lists/by-origin/igbo/
2542,Uzoma,male,igbo,https://www.names.org/lists/by-origin/igbo/
2543,Zyaire,male,african-american,https://www.names.org/lists/by-origin/african/
2544,Stephanie,female,english,https://www.names.org/lists/by-origin/english/
2545,Mohamed,male,african,https://www.names.org/lists/by-origin/african/
2546,Gibrilla,male,yoruba,https://www.names.org/lists/by-origin/yoruba/
2547,Uzoamaka,female,igbo,https://www.names.org/lists/by-origin/igbo/
2548,Yeabsira,male,amharic,https://www.names.org/lists/by-origin/amharic/
2549,Niniola,female,yoruba,https://www.names.org/lists/by-origin/yoruba/
2550,Mahawa,female,yoruba,https://www.names.org/lists/by-origin/yoruba/
2551,Shittu,female,yoruba,https://www.names.org/lists/by-origin/yoruba/
2552,Bonheur,male,swahili ,https://www.names.org/lists/by-origin/swahili/
2553,Jesus,male,english,https://www.names.org/lists/by-origin/english/
2554,Enock,male,swahili ,https://www.names.org/lists/by-origin/swahili/
2555,Salma,female,arabic,https://www.names.org/lists/by-origin/arabic/
2556,Tamoy,female,english,https://www.names.org/lists/by-origin/english/
2557,Cymande,male,swahili ,https://www.names.org/lists/by-origin/swahili/
2558,Chengo,male,swahili ,https://teamgroupnames.com/swahili-boy-names/
2559,Jainaba,female,african,https://www.names.org/lists/by-origin/african/
2560,Larry,male,english,https://www.names.org/lists/by-origin/english/
2561,Jakari,male,african-american,https://www.names.org/lists/by-origin/african/
2562,Kaylon,female,english,https://www.names.org/lists/by-origin/english/
2563,Kymani,female,english,https://www.names.org/lists/by-origin/english/
2564,Mwaniki,male,swahili ,https://www.names.org/lists/by-origin/swahili/
2565,Vumilia ,female,swahili ,https://teamgroupnames.com/swahili-girl-names/
2566,Ishmal,female,arabic,https://www.names.org/lists/by-origin/arabic/
2567,Nael,male,arabic,https://www.names.org/lists/by-origin/arabic/
2568,Xavion,male,african-american,https://www.names.org/lists/by-origin/african/
2569,Josiane,female,swahili ,https://www.names.org/lists/by-origin/swahili/
2570,Keyon,male,african-american,https://www.names.org/lists/by-origin/african/
2571,Duku,male,amharic,https://www.names.org/lists/by-origin/amharic/
2572,Imba,male,swahili ,https://teamgroupnames.com/swahili-boy-names/
2573,Leso,male,swahili ,https://teamgroupnames.com/swahili-boy-names/
2574,Adeleen,female,african dutch (afrikaans) ,https://www.names.org/lists/by-origin/african-dutch-afrikaans-/
2575,Naimah ,female,swahili ,https://teamgroupnames.com/swahili-girl-names/
2576,Manyang,male,amharic,https://www.names.org/lists/by-origin/amharic/
2577,Afomiya,female,african,https://www.names.org/lists/by-origin/african/
2578,Tumi,male,african,https://www.names.org/lists/by-origin/african/
2579,Gary,male,english,https://www.names.org/lists/by-origin/english/
2580,Yuran,male,african,https://www.names.org/lists/by-origin/african/
2581,Tamasha ,female,swahili ,https://teamgroupnames.com/swahili-girl-names/
2582,Nokulunga,female,african dutch (afrikaans) ,https://www.names.org/lists/by-origin/african-dutch-afrikaans-/
2583,Abebe,female,amharic,https://www.names.org/lists/by-origin/amharic/
2584,Nathaniel,male,english,https://www.names.org/lists/by-origin/english/
2585,Aliyu,male,arabic,https://www.names.org/lists/by-origin/arabic/
2586,Nazir,male,arabic,https://www.names.org/lists/by-origin/arabic/
2587,Masika ,female,swahili ,https://teamgroupnames.com/swahili-girl-names/
2588,Bonheur,female,swahili ,https://www.names.org/lists/by-origin/swahili/
2589,Emaza,female,african,https://www.names.org/lists/by-origin/african/
2590,Oluwateniola,female,yoruba,https://www.names.org/lists/by-origin/yoruba/
2591,Liso,male,xhosa,https://www.names.org/lists/by-origin/xhosa/
2592,Lawand,male,arabic,https://www.names.org/lists/by-origin/arabic/
2593,Nashaya,female,arabic,https://www.names.org/lists/by-origin/arabic/
2594,Uchechi,female,igbo,https://www.names.org/lists/by-origin/igbo/
2595,Kymara,female,african dutch (afrikaans) ,https://www.names.org/lists/by-origin/african-dutch-afrikaans-/
2596,Ditrick,male,swahili ,https://www.names.org/lists/by-origin/swahili/
2597,Amiella,female,swahili ,https://www.names.org/lists/by-origin/swahili/
2598,Oni,male,swahili ,https://teamgroupnames.com/swahili-boy-names/
2599,Aleah,female,arabic,https://www.names.org/lists/by-origin/arabic/
2600,Diana,female,english,https://www.names.org/lists/by-origin/english/
2601,Igwe,male,igbo,https://www.names.org/lists/by-origin/igbo/
2602,Vuyo,male,african dutch (afrikaans) ,https://www.names.org/lists/by-origin/african-dutch-afrikaans-/
2603,Dayib,male,arabic,https://www.names.org/lists/by-origin/arabic/
2604,Tobechi,male,igbo,https://www.names.org/lists/by-origin/igbo/
2605,Remi,female,african,https://www.names.org/lists/by-origin/african/
2606,Anike,female,yoruba,https://www.names.org/lists/by-origin/yoruba/
2607,Judy,female,english,https://www.names.org/lists/by-origin/english/
2608,Bitaniya,female,african,https://www.names.org/lists/by-origin/african/
2609,Karanja,male,swahili ,https://www.names.org/lists/by-origin/swahili/
2610,Jevaughn,male,english,https://www.names.org/lists/by-origin/english/
2611,Hadiya ,female,swahili ,https://teamgroupnames.com/swahili-girl-names/
2612,Lynn,female,english,https://www.names.org/lists/by-origin/english/
2613,Chilemba ,female,swahili ,https://teamgroupnames.com/swahili-girl-names/
2614,Zemariam,male,amharic,https://www.names.org/lists/by-origin/amharic/
2615,Zayah,female,arabic,https://www.names.org/lists/by-origin/arabic/
2616,Patrick,male,swahili ,https://www.names.org/lists/by-origin/swahili/
2617,Blain,male,african-american,https://www.names.org/lists/by-origin/african/
2618,Gerald,male,english,https://www.names.org/lists/by-origin/english/
2619,Syria,female,arabic,https://www.names.org/lists/by-origin/arabic/
2620,Queen,female,african,https://www.names.org/lists/by-origin/african/
2621,Okechukwu,male,igbo,https://www.names.org/lists/by-origin/igbo/
2622,Sitha,female,xhosa,https://www.names.org/lists/by-origin/xhosa/
2623,Sanaa ,female,swahili ,https://teamgroupnames.com/swahili-girl-names/
2624,Arop,female,amharic,https://www.names.org/lists/by-origin/amharic/
2625,Samrawit,female,african,https://www.names.org/lists/by-origin/african/
2626,Lusanda,female,african dutch (afrikaans) ,https://www.names.org/lists/by-origin/african-dutch-afrikaans-/
2627,Sabelo,male,african,https://www.names.org/lists/by-origin/african/
2628,Bassa,male,yoruba,https://www.names.org/lists/by-origin/yoruba/
2629,Naima ,female,swahili ,https://teamgroupnames.com/swahili-girl-names/
2630,Ngavu,male,swahili ,https://teamgroupnames.com/swahili-boy-names/
2631,Ademi,male,yoruba,https://www.names.org/lists/by-origin/yoruba/
2632,Yanga,male,african,https://www.names.org/lists/by-origin/african/
2633,Kevine,female,swahili ,https://www.names.org/lists/by-origin/swahili/
2634,Tino,male,african-american,https://www.names.org/lists/by-origin/african/
2635,Tanneh,female,yoruba,https://www.names.org/lists/by-origin/yoruba/
2636,Kozhin,female,arabic,https://www.names.org/lists/by-origin/arabic/
2637,Tunu,female,swahili ,https://www.names.org/lists/by-origin/swahili/
2638,Milani,female,african,https://www.names.org/lists/by-origin/african/
2639,Alimi,male,yoruba,https://www.names.org/lists/by-origin/yoruba/
2640,Rushawn,male,english,https://www.names.org/lists/by-origin/english/
2641,Darasimi,male,yoruba,https://www.names.org/lists/by-origin/yoruba/
2642,Romario,male,english,https://www.names.org/lists/by-origin/english/
2643,Yasir,male,arabic,https://www.names.org/lists/by-origin/arabic/
2644,Tochi,male,igbo,https://www.names.org/lists/by-origin/igbo/
2645,Marvis,female,african,https://www.names.org/lists/by-origin/african/
2646,Shahveer,male,arabic,https://www.names.org/lists/by-origin/arabic/
2647,Fila,male,swahili ,https://teamgroupnames.com/swahili-boy-names/
2648,Chimaobim,male,igbo,https://www.names.org/lists/by-origin/igbo/
2649,Chumani,female,xhosa,https://www.names.org/lists/by-origin/xhosa/
2650,Zama,female,xhosa,https://www.names.org/lists/by-origin/xhosa/
2651,Oluwademilade,female,yoruba,https://www.names.org/lists/by-origin/yoruba/
2652,Naume,female,swahili ,https://www.names.org/lists/by-origin/swahili/
2653,Jeff,male,english,https://www.names.org/lists/by-origin/english/
2654,Willem,male,african-american,https://www.names.org/lists/by-origin/african/
2655,Betanya,female,amharic,https://www.names.org/lists/by-origin/amharic/
2656,Onyinyechi,female,igbo,https://www.names.org/lists/by-origin/igbo/
2657,Oluwashindara,male,igbo,https://www.names.org/lists/by-origin/igbo/
2658,Tabia ,female,swahili ,https://teamgroupnames.com/swahili-girl-names/
2659,Falana,female,yoruba,https://www.names.org/lists/by-origin/yoruba/
2660,Obiora,male,igbo,https://www.names.org/lists/by-origin/igbo/
2661,Olamide,male,yoruba,https://www.names.org/lists/by-origin/yoruba/
2662,Meba,male,amharic,https://www.names.org/lists/by-origin/amharic/
2663,Orji,male,igbo,https://www.names.org/lists/by-origin/igbo/
2664,Jakai,male,african-american,https://www.names.org/lists/by-origin/african/
2665,Jane,female,english,https://www.names.org/lists/by-origin/english/
2666,Jimma,female,amharic,https://www.names.org/lists/by-origin/amharic/
2667,Chinomso,male,igbo,https://www.names.org/lists/by-origin/igbo/
2668,Fatmata,female,african,https://www.names.org/lists/by-origin/african/
2669,Aliza,female,arabic,https://www.names.org/lists/by-origin/arabic/
2670,Osiris,male,african-american,https://www.names.org/lists/by-origin/african/
2671,Bethanya,female,amharic,https://www.names.org/lists/by-origin/amharic/
2672,Nyjah,female,swahili ,https://www.names.org/lists/by-origin/swahili/
2673,Salem,male,arabic,https://www.names.org/lists/by-origin/arabic/
2674,Alhassan,male,yoruba,https://www.names.org/lists/by-origin/yoruba/
2675,Tsige,female,amharic,https://www.names.org/lists/by-origin/amharic/
2676,Sonette,female,african dutch (afrikaans) ,https://www.names.org/lists/by-origin/african-dutch-afrikaans-/
2677,Kutlo,male,xhosa,https://www.names.org/lists/by-origin/xhosa/
2678,Rachel,female,african dutch (afrikaans) ,https://www.names.org/lists/by-origin/african-dutch-afrikaans-/
2679,Greyling,male,african dutch (afrikaans) ,https://www.names.org/lists/by-origin/african-dutch-afrikaans-/
2680,Chinyere,female,igbo,https://www.names.org/lists/by-origin/igbo/
2681,Kisha,female,african,https://www.names.org/lists/by-origin/african/
2682,Alaia,female,arabic,https://www.names.org/lists/by-origin/arabic/
2683,Oluwajomiloju,male,yoruba,https://www.names.org/lists/by-origin/yoruba/
2684,Ibada,male,swahili ,https://teamgroupnames.com/swahili-boy-names/
2685,Enerst,male,xhosa,https://www.names.org/lists/by-origin/xhosa/
2686,Ilwaad,female,african,https://www.names.org/lists/by-origin/african/
2687,Chanya ,female,swahili ,https://teamgroupnames.com/swahili-girl-names/
2688,Kondwani,female,swahili ,https://www.names.org/lists/by-origin/swahili/
2689,Zeane,female,african dutch (afrikaans) ,https://www.names.org/lists/by-origin/african-dutch-afrikaans-/
2690,Kenya,female,african,https://www.names.org/lists/by-origin/african/
2691,Ruweyda,female,arabic,https://www.names.org/lists/by-origin/arabic/
2692,Virginia,female,english,https://www.names.org/lists/by-origin/english/
2693,Etsub,male,amharic,https://www.names.org/lists/by-origin/amharic/
2694,Lisha ,female,swahili ,https://teamgroupnames.com/swahili-girl-names/
2695,Melat,female,amharic,https://www.names.org/lists/by-origin/amharic/
2696,Saida ,female,swahili ,https://teamgroupnames.com/swahili-girl-names/
2697,Liema,male,xhosa,https://www.names.org/lists/by-origin/xhosa/
2698,Melissa,female,english,https://www.names.org/lists/by-origin/english/
2699,Theopiste,male,swahili ,https://www.names.org/lists/by-origin/swahili/
2700,Ngozi,female,igbo,https://www.names.org/lists/by-origin/igbo/
2701,Adejare,female,yoruba,https://www.names.org/lists/by-origin/yoruba/
2702,Kito,male,swahili ,https://teamgroupnames.com/swahili-boy-names/
2703,Frank,male,yoruba,https://www.names.org/lists/by-origin/yoruba/
2704,Zakariye,male,arabic,https://www.names.org/lists/by-origin/arabic/
2705,Tariq,male,arabic,https://www.names.org/lists/by-origin/arabic/
2706,Lungile,female,swahili ,https://www.names.org/lists/by-origin/swahili/
2707,Destiny,female,english,https://www.names.org/lists/by-origin/english/
2708,Zerayah,female,xhosa,https://www.names.org/lists/by-origin/xhosa/
2709,Riziki,male,swahili ,https://teamgroupnames.com/swahili-boy-names/
2710,Lozi,male,swahili ,https://teamgroupnames.com/swahili-boy-names/
2711,Yared,female,amharic,https://www.names.org/lists/by-origin/amharic/
2712,Oba,male,yoruba,https://www.names.org/lists/by-origin/yoruba/
2713,Nkem,male,igbo,https://www.names.org/lists/by-origin/igbo/
2714,Shamra,female,arabic,https://www.names.org/lists/by-origin/arabic/
2715,Aliyah,female,arabic,https://www.names.org/lists/by-origin/arabic/
2716,Oluwatobi,male,yoruba,https://www.names.org/lists/by-origin/yoruba/
2717,Oluwatumininu,female,yoruba,https://www.names.org/lists/by-origin/yoruba/
2718,Maryam,female,arabic,https://www.names.org/lists/by-origin/arabic/
2720,Sameer,male,arabic,https://www.names.org/lists/by-origin/arabic/
2721,Simon,male,african dutch (afrikaans) ,https://www.names.org/lists/by-origin/african-dutch-afrikaans-/
2722,Shukuru,male,swahili ,https://www.names.org/lists/by-origin/swahili/
2723,Rami,male,arabic,https://www.names.org/lists/by-origin/arabic/
2724,Amila,female,xhosa,https://www.names.org/lists/by-origin/xhosa/
2725,Ilwad,female,arabic,https://www.names.org/lists/by-origin/arabic/
2726,Alador,male,african,https://www.names.org/lists/by-origin/african/
2727,Chinwendu,female,igbo,https://www.names.org/lists/by-origin/igbo/
2728,Jashawn,male,african-american,https://www.names.org/lists/by-origin/african/
2729,Panashe,male,african,https://www.names.org/lists/by-origin/african/
2730,Mayada,female,amharic,https://www.names.org/lists/by-origin/amharic/
2731,Fadumo,female,arabic,https://www.names.org/lists/by-origin/arabic/
2732,Wepesi ,female,swahili ,https://teamgroupnames.com/swahili-girl-names/
2733,Hermon,male,african-american,https://www.names.org/lists/by-origin/african/
2734,Oluwafemi,male,yoruba,https://www.names.org/lists/by-origin/yoruba/
2735,Kamaree,male,swahili ,https://www.names.org/lists/by-origin/swahili/
2736,Ziyan,male,arabic,https://www.names.org/lists/by-origin/arabic/
2737,Hildah,female,xhosa,https://www.names.org/lists/by-origin/xhosa/
2738,Jason,male,african dutch (afrikaans) ,https://www.names.org/lists/by-origin/african-dutch-afrikaans-/
2739,Maraea,female,english,https://www.names.org/lists/by-origin/english/
2740,Charne,female,african dutch (afrikaans) ,https://www.names.org/lists/by-origin/african-dutch-afrikaans-/
2741,Abuk,female,amharic,https://www.names.org/lists/by-origin/amharic/
2742,Tumi,female,african,https://www.names.org/lists/by-origin/african/
2743,Fikir,male,amharic,https://www.names.org/lists/by-origin/amharic/
2744,Semhar,female,amharic,https://www.names.org/lists/by-origin/amharic/
2745,Matthew,male,african dutch (afrikaans) ,https://www.names.org/lists/by-origin/african-dutch-afrikaans-/
2746,Ugo,male,igbo,https://www.names.org/lists/by-origin/igbo/
2747,Raya,female,arabic,https://www.names.org/lists/by-origin/arabic/
2748,Makwan,male,arabic,https://www.names.org/lists/by-origin/arabic/
2749,Christella,female,swahili ,https://www.names.org/lists/by-origin/swahili/
2750,Zaviyar,male,arabic,https://www.names.org/lists/by-origin/arabic/
2751,Munachiso,female,igbo,https://www.names.org/lists/by-origin/igbo/
2752,Kuol,male,african,https://www.names.org/lists/by-origin/african/
2753,Akin,male,yoruba,https://www.names.org/lists/by-origin/yoruba/
2754,Bonani,male,xhosa,https://www.names.org/lists/by-origin/xhosa/
2755,Chevaughn,male,english,https://www.names.org/lists/by-origin/english/
2756,Lanya,female,arabic,https://www.names.org/lists/by-origin/arabic/
2757,Chloe,female,english,https://www.names.org/lists/by-origin/english/
2758,Luvenia,female,african,https://www.names.org/lists/by-origin/african/
2759,Anwar,male,arabic,https://www.names.org/lists/by-origin/arabic/
2760,Hermella,female,amharic,https://www.names.org/lists/by-origin/amharic/
2761,Nyota,female,swahili ,https://www.names.org/lists/by-origin/swahili/
2762,Hemen,female,african,https://www.names.org/lists/by-origin/african/
2763,Somtochukwu,female,igbo,https://www.names.org/lists/by-origin/igbo/
2764,Okonkwo,male,igbo,https://www.names.org/lists/by-origin/igbo/
2765,Onyema,male,igbo,https://www.names.org/lists/by-origin/igbo/
2766,Maaish,male,arabic,https://www.names.org/lists/by-origin/arabic/
2767,Kadijatu,female,yoruba,https://www.names.org/lists/by-origin/yoruba/
2768,Kabo,female,african dutch (afrikaans) ,https://www.names.org/lists/by-origin/african-dutch-afrikaans-/
2769,Nkemakolam,female,igbo,https://www.names.org/lists/by-origin/igbo/
2770,Nguvu,male,swahili ,https://teamgroupnames.com/swahili-boy-names/
2771,Mwewa,female,xhosa,https://www.names.org/lists/by-origin/xhosa/
2772,Sako,male,swahili ,https://teamgroupnames.com/swahili-boy-names/
2773,Riyan,female,arabic,https://www.names.org/lists/by-origin/arabic/
2774,Irakoze,male,swahili ,https://www.names.org/lists/by-origin/swahili/
2775,Kadijatou,female,african,https://www.names.org/lists/by-origin/african/
2776,Imran,male,arabic,https://www.names.org/lists/by-origin/arabic/
2777,Nkemakolam,male,igbo,https://www.names.org/lists/by-origin/igbo/
2778,Morenike,female,yoruba,https://www.names.org/lists/by-origin/yoruba/
2779,Edward,male,english,https://www.names.org/lists/by-origin/english/
2780,Emna,female,african,https://www.names.org/lists/by-origin/african/
2781,Yahya,male,arabic,https://www.names.org/lists/by-origin/arabic/
2782,Rohey,female,african,https://www.names.org/lists/by-origin/african/
2783,Yeab,male,amharic,https://www.names.org/lists/by-origin/amharic/
2784,Chidimma,female,igbo,https://www.names.org/lists/by-origin/igbo/
2785,Fatumata,female,yoruba,https://www.names.org/lists/by-origin/yoruba/
2786,Brandina,female,xhosa,https://www.names.org/lists/by-origin/xhosa/
2787,Zuhura ,female,swahili ,https://teamgroupnames.com/swahili-girl-names/
2788,Asia,female,arabic,https://www.names.org/lists/by-origin/arabic/
2789,Zaida ,female,swahili ,https://teamgroupnames.com/swahili-girl-names/
2790,Jessie,male,english,https://www.names.org/lists/by-origin/english/
2791,Jay,male,english,https://www.names.org/lists/by-origin/english/
2792,Mahelet,female,amharic,https://www.names.org/lists/by-origin/amharic/
2793,Shandre,female,african dutch (afrikaans) ,https://www.names.org/lists/by-origin/african-dutch-afrikaans-/
2794,Soco,male,african,https://www.names.org/lists/by-origin/african/
2795,Chuka,male,igbo,https://www.names.org/lists/by-origin/igbo/
2796,Alaya,female,arabic,https://www.names.org/lists/by-origin/arabic/
2797,Adeola,female,yoruba,https://www.names.org/lists/by-origin/yoruba/
2798,Rediet,female,amharic,https://www.names.org/lists/by-origin/amharic/
2799,Eugene,male,english,https://www.names.org/lists/by-origin/english/
2800,Wissal,female,african,https://www.names.org/lists/by-origin/african/
2801,Kipenzi ,female,swahili ,https://teamgroupnames.com/swahili-girl-names/
2802,Tarien,female,african dutch (afrikaans) ,https://www.names.org/lists/by-origin/african-dutch-afrikaans-/
2803,Gibrilla,female,yoruba,https://www.names.org/lists/by-origin/yoruba/
2804,Anfal,female,arabic,https://www.names.org/lists/by-origin/arabic/
2805,Marwen,female,arabic,https://www.names.org/lists/by-origin/arabic/
2806,Kabo,male,african dutch (afrikaans) ,https://www.names.org/lists/by-origin/african-dutch-afrikaans-/
2807,Amirah,female,arabic,https://www.names.org/lists/by-origin/arabic/
2808,Usiku,male,swahili ,https://teamgroupnames.com/swahili-boy-names/
2809,Kola,male,yoruba,https://www.names.org/lists/by-origin/yoruba/
2810,Ashel,male,arabic,https://www.names.org/lists/by-origin/arabic/
2811,Clenie,male,swahili ,https://www.names.org/lists/by-origin/swahili/
2812,Jamarion,male,african-american,https://www.names.org/lists/by-origin/african/
2813,Bemnet,male,amharic,https://www.names.org/lists/by-origin/amharic/
2814,Ridaan,male,arabic,https://www.names.org/lists/by-origin/arabic/
2815,Askari,male,swahili ,https://teamgroupnames.com/swahili-boy-names/
2816,Kamila,female,arabic,https://www.names.org/lists/by-origin/arabic/
2817,Khalid,male,arabic,https://www.names.org/lists/by-origin/arabic/
2818,Junay,male,african dutch (afrikaans) ,https://www.names.org/lists/by-origin/african-dutch-afrikaans-/
2819,Uhura ,female,swahili ,https://teamgroupnames.com/swahili-girl-names/
2820,Pahe,male,swahili ,https://www.names.org/lists/by-origin/swahili/
2821,Emik,male,arabic,https://www.names.org/lists/by-origin/arabic/
2822,Toluwani,female,yoruba,https://www.names.org/lists/by-origin/yoruba/
2823,Laporsha,female,swahili ,https://www.names.org/lists/by-origin/swahili/
2824,Hevar,female,arabic,https://www.names.org/lists/by-origin/arabic/
2825,Omega,male,swahili ,https://teamgroupnames.com/swahili-boy-names/
2826,Ayana,female,swahili ,https://www.names.org/lists/by-origin/swahili/
2827,Tumbo,male,swahili ,https://teamgroupnames.com/swahili-boy-names/
2828,Leshan,male,swahili ,https://www.names.org/lists/by-origin/swahili/
2829,Jabbie,male,yoruba,https://www.names.org/lists/by-origin/yoruba/
2830,Andrea,female,english,https://www.names.org/lists/by-origin/english/
2831,Chrisna,male,african dutch (afrikaans) ,https://www.names.org/lists/by-origin/african-dutch-afrikaans-/
2832,Edom,female,amharic,https://www.names.org/lists/by-origin/amharic/
2833,Phebean,male,yoruba,https://www.names.org/lists/by-origin/yoruba/
2834,Alabi,female,yoruba,https://www.names.org/lists/by-origin/yoruba/
2835,Danie,female,african dutch (afrikaans) ,https://www.names.org/lists/by-origin/african-dutch-afrikaans-/
2836,Chinedu,male,igbo,https://www.names.org/lists/by-origin/igbo/
2837,Phelo,female,xhosa,https://www.names.org/lists/by-origin/xhosa/
2838,Annitah,female,swahili ,https://www.names.org/lists/by-origin/swahili/
2839,Bandari,male,swahili ,https://teamgroupnames.com/swahili-boy-names/
2840,Luane,female,african dutch (afrikaans) ,https://www.names.org/lists/by-origin/african-dutch-afrikaans-/
2841,Elaf,female,amharic,https://www.names.org/lists/by-origin/amharic/
2842,Tavaris,male,african-american,https://www.names.org/lists/by-origin/african/
2843,Zaik,male,arabic,https://www.names.org/lists/by-origin/arabic/
2844,Melon,male,amharic,https://www.names.org/lists/by-origin/amharic/
2845,Luwan,female,african dutch (afrikaans) ,https://www.names.org/lists/by-origin/african-dutch-afrikaans-/
2846,Uzima,male,swahili ,https://teamgroupnames.com/swahili-boy-names/
2847,Mwezi,male,swahili ,https://www.names.org/lists/by-origin/swahili/
2848,Kabir,male,arabic,https://www.names.org/lists/by-origin/arabic/
2849,Duma,male,swahili ,https://teamgroupnames.com/swahili-boy-names/
2850,Ochola,male,swahili ,https://teamgroupnames.com/swahili-boy-names/
2851,Victoria,female,african dutch (afrikaans) ,https://www.names.org/lists/by-origin/african-dutch-afrikaans-/
2852,Asante,male,swahili ,https://www.names.org/lists/by-origin/swahili/
2853,Faraji,male,swahili ,https://teamgroupnames.com/swahili-boy-names/
2854,Sorie,male,african,https://www.names.org/lists/by-origin/african/
2855,Kymani,male,african-american,https://www.names.org/lists/by-origin/african/
2856,Delina,female,amharic,https://www.names.org/lists/by-origin/amharic/
2857,Chakula,male,swahili ,https://teamgroupnames.com/swahili-boy-names/
2858,Bonolo,male,african,https://www.names.org/lists/by-origin/african/
2859,Feruz,female,amharic,https://www.names.org/lists/by-origin/amharic/
2860,Burudani,male,swahili ,https://teamgroupnames.com/swahili-boy-names/
2861,Tiaraoluwa,female,yoruba,https://www.names.org/lists/by-origin/yoruba/
2862,Keke,female,african,https://www.names.org/lists/by-origin/african/
2863,Ralph,male,english,https://www.names.org/lists/by-origin/english/
2864,Toluwani,male,yoruba,https://www.names.org/lists/by-origin/yoruba/
2865,Henon,female,amharic,https://www.names.org/lists/by-origin/amharic/
2866,Nathina,female,xhosa,https://www.names.org/lists/by-origin/xhosa/
2867,Jeandre,male,african dutch (afrikaans) ,https://www.names.org/lists/by-origin/african-dutch-afrikaans-/
2868,Mienke,female,african dutch (afrikaans) ,https://www.names.org/lists/by-origin/african-dutch-afrikaans-/
2869,Uchechukwu,male,igbo,https://www.names.org/lists/by-origin/igbo/
2870,Atanda,male,igbo,https://www.names.org/lists/by-origin/igbo/
2871,Sesona,male,xhosa,https://www.names.org/lists/by-origin/xhosa/
2872,Joe,male,english,https://www.names.org/lists/by-origin/english/
2873,Sharon,female,english,https://www.names.org/lists/by-origin/english/
2874,Zaviyan,male,arabic,https://www.names.org/lists/by-origin/arabic/
2875,Zirachi,female,igbo,https://www.names.org/lists/by-origin/igbo/
2876,Lidiya,female,amharic,https://www.names.org/lists/by-origin/amharic/
2877,Naya,female,arabic,https://www.names.org/lists/by-origin/arabic/
2878,Junias,female,african dutch (afrikaans) ,https://www.names.org/lists/by-origin/african-dutch-afrikaans-/
2879,Kanijah,female,african,https://www.names.org/lists/by-origin/african/
2880,Ivile,male,xhosa,https://www.names.org/lists/by-origin/xhosa/
2881,Wikus,male,african dutch (afrikaans) ,https://www.names.org/lists/by-origin/african-dutch-afrikaans-/
2882,Lynn,male,english,https://www.names.org/lists/by-origin/english/
2883,Tsehay,female,amharic,https://www.names.org/lists/by-origin/amharic/
2884,Sitha,male,xhosa,https://www.names.org/lists/by-origin/xhosa/
2885,Bukata,male,xhosa,https://www.names.org/lists/by-origin/xhosa/
2886,Kenyatte,female,swahili ,https://www.names.org/lists/by-origin/swahili/
2887,Abimbola,female,yoruba,https://www.names.org/lists/by-origin/yoruba/
2888,Winnette,female,african dutch (afrikaans) ,https://www.names.org/lists/by-origin/african-dutch-afrikaans-/
2889,Mbaraka,male,swahili ,https://teamgroupnames.com/swahili-boy-names/
2890,Ezana,male,amharic,https://www.names.org/lists/by-origin/amharic/
2891,Oluwadarasimi,female,yoruba,https://www.names.org/lists/by-origin/yoruba/
2892,Melona,female,african,https://www.names.org/lists/by-origin/african/
2893,Deslyn,female,yoruba,https://www.names.org/lists/by-origin/yoruba/
2894,Hekalu,male,swahili ,https://teamgroupnames.com/swahili-boy-names/
2895,Ghalib,male,swahili ,https://teamgroupnames.com/swahili-boy-names/
2896,Shania,female,english,https://www.names.org/lists/by-origin/english/
2897,Irha,female,arabic,https://www.names.org/lists/by-origin/arabic/
2898,Fardowsa,female,arabic,https://www.names.org/lists/by-origin/arabic/
2899,Zula,female,swahili ,https://www.names.org/lists/by-origin/swahili/
2900,Shyreen,female,xhosa,https://www.names.org/lists/by-origin/xhosa/
2901,Halili,male,swahili ,https://teamgroupnames.com/swahili-boy-names/
2902,Ishwaq,male,arabic,https://www.names.org/lists/by-origin/arabic/
2903,Alieu,male,african,https://www.names.org/lists/by-origin/african/
2904,Donald,male,english,https://www.names.org/lists/by-origin/english/
2905,Zena,female,arabic,https://www.names.org/lists/by-origin/arabic/
2906,Bassa,female,yoruba,https://www.names.org/lists/by-origin/yoruba/
2907,Fiyinfoluwa,female,yoruba,https://www.names.org/lists/by-origin/yoruba/
2908,Abrish,female,arabic,https://www.names.org/lists/by-origin/arabic/
2909,Isack,male,swahili ,https://www.names.org/lists/by-origin/swahili/
2910,Sanele,male,african dutch (afrikaans) ,https://www.names.org/lists/by-origin/african-dutch-afrikaans-/
2911,Leon,male,english,https://www.names.org/lists/by-origin/english/
2912,Kemi,female,yoruba,https://www.names.org/lists/by-origin/yoruba/
2913,Justin,male,english,https://www.names.org/lists/by-origin/english/
2914,Morayo,female,yoruba,https://www.names.org/lists/by-origin/yoruba/
2915,Jallah,male,yoruba,https://www.names.org/lists/by-origin/yoruba/
2916,Bianca,female,african dutch (afrikaans) ,https://www.names.org/lists/by-origin/african-dutch-afrikaans-/
2917,Natay,female,amharic,https://www.names.org/lists/by-origin/amharic/
2918,Jaheem,male,english,https://www.names.org/lists/by-origin/english/
2919,Obie,male,african-american,https://www.names.org/lists/by-origin/african/
2920,Wilbard,male,african dutch (afrikaans) ,https://www.names.org/lists/by-origin/african-dutch-afrikaans-/
2921,Dian,female,african,https://www.names.org/lists/by-origin/african/
2922,Kesha,female,african,https://www.names.org/lists/by-origin/african/
2923,Inema,female,swahili ,https://www.names.org/lists/by-origin/swahili/
2924,Miatta,female,african,https://www.names.org/lists/by-origin/african/
2925,Chuma,female,xhosa,https://www.names.org/lists/by-origin/xhosa/
2926,Kim,male,english,https://www.names.org/lists/by-origin/english/
2927,Omiyo,male,xhosa,https://www.names.org/lists/by-origin/xhosa/
2928,Nadra ,female,swahili ,https://teamgroupnames.com/swahili-girl-names/
2929,Sawen,male,arabic,https://www.names.org/lists/by-origin/arabic/
2930,Idi,male,swahili ,https://teamgroupnames.com/swahili-boy-names/
2931,Khairi,male,swahili ,https://www.names.org/lists/by-origin/swahili/
2932,Kashindi,male,swahili ,https://www.names.org/lists/by-origin/swahili/
2933,Placide,male,swahili ,https://www.names.org/lists/by-origin/swahili/
2934,Pandu,male,swahili ,https://teamgroupnames.com/swahili-boy-names/
2935,Kiese,male,swahili ,https://www.names.org/lists/by-origin/swahili/
2936,Bahari ,female,swahili ,https://teamgroupnames.com/swahili-girl-names/
2937,Ezile,female,xhosa,https://www.names.org/lists/by-origin/xhosa/
2938,Levi,male,english,https://www.names.org/lists/by-origin/english/
2939,Foday,male,african,https://www.names.org/lists/by-origin/african/
2940,Caroline,female,english,https://www.names.org/lists/by-origin/english/
2941,Soyini,female,swahili ,https://www.names.org/lists/by-origin/swahili/
2942,Anaira,female,arabic,https://www.names.org/lists/by-origin/arabic/
2943,Janneh,male,african,https://www.names.org/lists/by-origin/african/
2944,Mwaba,female,xhosa,https://www.names.org/lists/by-origin/xhosa/
2945,Keyonna,female,african,https://www.names.org/lists/by-origin/african/
2946,Chakima ,female,swahili ,https://teamgroupnames.com/swahili-girl-names/
2947,Hodari,male,swahili ,https://teamgroupnames.com/swahili-boy-names/
2948,Mapalo,female,xhosa,https://www.names.org/lists/by-origin/xhosa/
2949,Imara,male,swahili ,https://teamgroupnames.com/swahili-boy-names/
2950,Misgana,female,amharic,https://www.names.org/lists/by-origin/amharic/
2951,Nahom,male,african,https://www.names.org/lists/by-origin/african/
2952,Dagmawi,male,amharic,https://www.names.org/lists/by-origin/amharic/
2953,Farhiya,female,arabic,https://www.names.org/lists/by-origin/arabic/
2954,Soliana,female,african,https://www.names.org/lists/by-origin/african/
2955,Motunrayo,female,yoruba,https://www.names.org/lists/by-origin/yoruba/
2956,Amron,male,amharic,https://www.names.org/lists/by-origin/amharic/
2957,Bukata,female,xhosa,https://www.names.org/lists/by-origin/xhosa/
2958,Yousef,male,arabic,https://www.names.org/lists/by-origin/arabic/
2959,Hilia,female,african dutch (afrikaans) ,https://www.names.org/lists/by-origin/african-dutch-afrikaans-/
2960,Bismark,male,african,https://www.names.org/lists/by-origin/african/
2961,Mariyah,female,arabic,https://www.names.org/lists/by-origin/arabic/
2962,Oluwadamilola,female,yoruba,https://www.names.org/lists/by-origin/yoruba/
2963,Isabelle,female,english,https://www.names.org/lists/by-origin/english/
2964,Kasimu,male,swahili ,https://www.names.org/lists/by-origin/swahili/
2965,Yonas,male,amharic,https://www.names.org/lists/by-origin/amharic/
2966,Latita,male,xhosa,https://www.names.org/lists/by-origin/xhosa/
2967,Ahmari,male,yoruba,https://www.names.org/lists/by-origin/yoruba/
2968,Andrico,male,african dutch (afrikaans) ,https://www.names.org/lists/by-origin/african-dutch-afrikaans-/
2969,Khamis,female,amharic,https://www.names.org/lists/by-origin/amharic/
2970,Joel,male,english,https://www.names.org/lists/by-origin/english/
2971,Taji,female,swahili ,https://www.names.org/lists/by-origin/swahili/
2972,Heleen,female,african dutch (afrikaans) ,https://www.names.org/lists/by-origin/african-dutch-afrikaans-/
2973,Gbolahan,male,yoruba,https://www.names.org/lists/by-origin/yoruba/
2974,Momoh,female,yoruba,https://www.names.org/lists/by-origin/yoruba/
2975,Adhama,male,swahili ,https://teamgroupnames.com/swahili-boy-names/
2976,Ariana,female,english,https://www.names.org/lists/by-origin/english/
2977,Tayari,female,swahili ,https://www.names.org/lists/by-origin/swahili/
2978,Oneko,male,swahili ,https://teamgroupnames.com/swahili-boy-names/
2979,Xori,female,swahili ,https://www.names.org/lists/by-origin/swahili/
2980,Abdulrahman,male,arabic,https://www.names.org/lists/by-origin/arabic/
2981,Umma ,female,swahili ,https://teamgroupnames.com/swahili-girl-names/
2982,Magano,female,african dutch (afrikaans) ,https://www.names.org/lists/by-origin/african-dutch-afrikaans-/
2983,Oluwakemi,female,yoruba,https://www.names.org/lists/by-origin/yoruba/
2984,Halima ,female,swahili ,https://teamgroupnames.com/swahili-girl-names/
2985,Daquan,male,african-american,https://www.names.org/lists/by-origin/african/
2986,Janiya,female,arabic,https://www.names.org/lists/by-origin/arabic/
2987,Reyan,male,arabic,https://www.names.org/lists/by-origin/arabic/
2988,Jaheim,male,english,https://www.names.org/lists/by-origin/english/
2989,Ade,male,yoruba,https://www.names.org/lists/by-origin/yoruba/
2990,Shivan,male,swahili ,https://www.names.org/lists/by-origin/swahili/
2991,Mascud,male,arabic,https://www.names.org/lists/by-origin/arabic/
2992,Chibuike,male,igbo,https://www.names.org/lists/by-origin/igbo/
2993,Chilemba,male,swahili ,https://teamgroupnames.com/swahili-boy-names/
2994,Elay,male,arabic,https://www.names.org/lists/by-origin/arabic/
2995,Madaha,male,swahili ,https://teamgroupnames.com/swahili-boy-names/
2996,Sarie,female,african dutch (afrikaans) ,https://www.names.org/lists/by-origin/african-dutch-afrikaans-/
2997,Abdiqani,male,arabic,https://www.names.org/lists/by-origin/arabic/
2998,Lovren,female,amharic,https://www.names.org/lists/by-origin/amharic/
2999,Iddi,male,swahili ,https://teamgroupnames.com/swahili-boy-names/
3000,Farris,male,arabic,https://www.names.org/lists/by-origin/arabic/
3001,Jahmiel,male,xhosa,https://www.names.org/lists/by-origin/xhosa/
3002,Dumbuya,male,yoruba,https://www.names.org/lists/by-origin/yoruba/
3003,Kowthar,female,arabic,https://www.names.org/lists/by-origin/arabic/
3004,Wimbo,male,swahili ,https://teamgroupnames.com/swahili-boy-names/
3005,Olanrewaju,male,yoruba,https://www.names.org/lists/by-origin/yoruba/
3006,Kuresha,female,swahili ,https://www.names.org/lists/by-origin/swahili/
3007,Isaaq,male,arabic,https://www.names.org/lists/by-origin/arabic/
3008,Abdikadir,male,arabic,https://www.names.org/lists/by-origin/arabic/
3009,Kariuki,male,swahili ,https://www.names.org/lists/by-origin/swahili/
3010,Malaika,female,swahili ,https://www.names.org/lists/by-origin/swahili/
3011,Shameka,female,african,https://www.names.org/lists/by-origin/african/
3012,Shola,female,yoruba,https://www.names.org/lists/by-origin/yoruba/
3013,Mchanga,male,swahili ,https://teamgroupnames.com/swahili-boy-names/
3014,Hadhi,male,swahili ,https://teamgroupnames.com/swahili-boy-names/
3015,Nimco,female,african,https://www.names.org/lists/by-origin/african/
3016,Huzaifa,male,arabic,https://www.names.org/lists/by-origin/arabic/
3017,Elauni ,female,swahili ,https://teamgroupnames.com/swahili-girl-names/
3018,Elshaday,female,amharic,https://www.names.org/lists/by-origin/amharic/
3019,Abayomi,male,yoruba,https://www.names.org/lists/by-origin/yoruba/
3020,Ndey,female,african,https://www.names.org/lists/by-origin/african/
3021,Kutlo,female,xhosa,https://www.names.org/lists/by-origin/xhosa/
3022,Aizik,male,arabic,https://www.names.org/lists/by-origin/arabic/
3023,Sainey,female,african,https://www.names.org/lists/by-origin/african/
3024,Tehilah,female,igbo,https://www.names.org/lists/by-origin/igbo/
3025,Sanga,female,xhosa,https://www.names.org/lists/by-origin/xhosa/
3026,Ebere,male,igbo,https://www.names.org/lists/by-origin/igbo/
3027,Jazlee,male,arabic,https://www.names.org/lists/by-origin/arabic/
3028,Idili ,female,swahili ,https://teamgroupnames.com/swahili-girl-names/
3029,Abdimalik,male,arabic,https://www.names.org/lists/by-origin/arabic/
3030,Jema,female,swahili ,https://www.names.org/lists/by-origin/swahili/
3031,Ayodeji,male,yoruba,https://www.names.org/lists/by-origin/yoruba/
3032,Ajike,female,yoruba,https://www.names.org/lists/by-origin/yoruba/
3033,Ayotunde,male,yoruba,https://www.names.org/lists/by-origin/yoruba/
3034,Ndidi,female,igbo,https://www.names.org/lists/by-origin/igbo/
3035,Chevaughn,female,english,https://www.names.org/lists/by-origin/english/
3036,Abebe,male,amharic,https://www.names.org/lists/by-origin/amharic/
3037,Amar,male,arabic,https://www.names.org/lists/by-origin/arabic/
3038,Mugo,male,swahili ,https://www.names.org/lists/by-origin/swahili/
3039,Adisa,female,yoruba,https://www.names.org/lists/by-origin/yoruba/
3040,Winda ,female,swahili ,https://teamgroupnames.com/swahili-girl-names/
3041,Kisiwa,male,swahili ,https://teamgroupnames.com/swahili-boy-names/
3042,Tom,male,english,https://www.names.org/lists/by-origin/english/
3043,Izhaan,male,arabic,https://www.names.org/lists/by-origin/arabic/
3044,Safiya ,female,swahili ,https://teamgroupnames.com/swahili-girl-names/
3045,Kinuthia,male,swahili ,https://www.names.org/lists/by-origin/swahili/
3046,Nour,male,arabic,https://www.names.org/lists/by-origin/arabic/
3047,Mapendo ,female,swahili ,https://teamgroupnames.com/swahili-girl-names/
3048,Oyana,female,swahili ,https://www.names.org/lists/by-origin/swahili/
3049,Ihsani,male,swahili ,https://teamgroupnames.com/swahili-boy-names/
3050,Loor,female,arabic,https://www.names.org/lists/by-origin/arabic/
3051,Johane,male,african dutch (afrikaans) ,https://www.names.org/lists/by-origin/african-dutch-afrikaans-/
3052,Abdirisaq,male,arabic,https://www.names.org/lists/by-origin/arabic/
3053,Eshmal,female,arabic,https://www.names.org/lists/by-origin/arabic/
3054,Alyssa,female,english,https://www.names.org/lists/by-origin/english/
3055,Judith,female,english,https://www.names.org/lists/by-origin/english/
3056,Shaniel,female,english,https://www.names.org/lists/by-origin/english/
3057,Inzi ,female,swahili ,https://teamgroupnames.com/swahili-girl-names/
3058,Quanika,female,african dutch (afrikaans) ,https://www.names.org/lists/by-origin/african-dutch-afrikaans-/
3059,Brian,male,swahili ,https://www.names.org/lists/by-origin/swahili/
3060,Oluwatomiwa,female,yoruba,https://www.names.org/lists/by-origin/yoruba/
3061,Nickoy,male,english,https://www.names.org/lists/by-origin/english/
3062,Naimal,female,arabic,https://www.names.org/lists/by-origin/arabic/
3063,Jana,female,arabic,https://www.names.org/lists/by-origin/arabic/
3064,Rushane,female,english,https://www.names.org/lists/by-origin/english/
3065,Lesedi,female,african,https://www.names.org/lists/by-origin/african/
3066,Endesha,male,swahili ,https://teamgroupnames.com/swahili-boy-names/
3067,Blamo,male,yoruba,https://www.names.org/lists/by-origin/yoruba/
3068,Avile,male,xhosa,https://www.names.org/lists/by-origin/xhosa/
3069,Ayodele,female,yoruba,https://www.names.org/lists/by-origin/yoruba/
3070,Mieke,female,african dutch (afrikaans) ,https://www.names.org/lists/by-origin/african-dutch-afrikaans-/
3071,Webby,male,xhosa,https://www.names.org/lists/by-origin/xhosa/
3072,Jenna,female,arabic,https://www.names.org/lists/by-origin/arabic/
3073,Lamek,male,african dutch (afrikaans) ,https://www.names.org/lists/by-origin/african-dutch-afrikaans-/
3074,Kholeka,female,xhosa,https://www.names.org/lists/by-origin/xhosa/
3075,Toheeb,male,arabic,https://www.names.org/lists/by-origin/arabic/
3076,Emani,male,swahili ,https://www.names.org/lists/by-origin/swahili/
3077,Omavi,male,swahili ,https://www.names.org/lists/by-origin/swahili/
3078,Angel,male,english,https://www.names.org/lists/by-origin/english/
3079,Wingu ,female,swahili ,https://teamgroupnames.com/swahili-girl-names/
3080,Sabra ,female,swahili ,https://teamgroupnames.com/swahili-girl-names/
3081,Armah,male,yoruba,https://www.names.org/lists/by-origin/yoruba/
3082,Leevan,male,arabic,https://www.names.org/lists/by-origin/arabic/
3083,Maritz,female,african dutch (afrikaans) ,https://www.names.org/lists/by-origin/african-dutch-afrikaans-/
3084,Amaka,female,igbo,https://www.names.org/lists/by-origin/igbo/
3085,Aloyce,male,swahili ,https://www.names.org/lists/by-origin/swahili/
3086,Summer,female,english,https://www.names.org/lists/by-origin/english/
3087,Malama,female,xhosa,https://www.names.org/lists/by-origin/xhosa/
3088,Bojang,male,african,https://www.names.org/lists/by-origin/african/
3089,Chakima,male,swahili ,https://teamgroupnames.com/swahili-boy-names/
3090,Emelyne,female,swahili ,https://www.names.org/lists/by-origin/swahili/
3091,Kosisochukwu,female,igbo,https://www.names.org/lists/by-origin/igbo/
3092,Dumbuya,female,yoruba,https://www.names.org/lists/by-origin/yoruba/
3093,Eyoas,male,african,https://www.names.org/lists/by-origin/african/
3094,Shamba,male,swahili ,https://teamgroupnames.com/swahili-boy-names/
3095,Lawen,female,arabic,https://www.names.org/lists/by-origin/arabic/
3096,Waridi ,female,swahili ,https://teamgroupnames.com/swahili-girl-names/
3097,Jamir,male,arabic,https://www.names.org/lists/by-origin/arabic/
3098,Susan,female,english,https://www.names.org/lists/by-origin/english/
3099,Tochi,female,igbo,https://www.names.org/lists/by-origin/igbo/
3100,Jake,male,english,https://www.names.org/lists/by-origin/english/
3101,Taimana,male,english,https://www.names.org/lists/by-origin/english/
3102,Rabecca,female,xhosa,https://www.names.org/lists/by-origin/xhosa/
3103,Jabari,male,swahili ,https://teamgroupnames.com/swahili-boy-names/
3104,Akol,male,amharic,https://www.names.org/lists/by-origin/amharic/
3105,Ariyah,female,arabic,https://www.names.org/lists/by-origin/arabic/
3106,Hakeem,male,arabic,https://www.names.org/lists/by-origin/arabic/
3107,Chrispin,male,swahili ,https://www.names.org/lists/by-origin/swahili/
3108,Ororo,male,swahili ,https://teamgroupnames.com/swahili-boy-names/
3109,Ayomikun,male,yoruba,https://www.names.org/lists/by-origin/yoruba/
3110,Charmone,female,african dutch (afrikaans) ,https://www.names.org/lists/by-origin/african-dutch-afrikaans-/
3111,Yusra ,female,swahili ,https://teamgroupnames.com/swahili-girl-names/
3112,Louwrens,male,african dutch (afrikaans) ,https://www.names.org/lists/by-origin/african-dutch-afrikaans-/
3113,Oluwatomisin,male,yoruba,https://www.names.org/lists/by-origin/yoruba/
3114,Omarion,male,african-american,https://www.names.org/lists/by-origin/african/
3115,Emeka,male,igbo,https://www.names.org/lists/by-origin/igbo/
3116,Tolu,female,yoruba,https://www.names.org/lists/by-origin/yoruba/
3117,Mikias,male,amharic,https://www.names.org/lists/by-origin/amharic/
3118,Rony,male,arabic,https://www.names.org/lists/by-origin/arabic/
3119,Chukwuma,male,igbo,https://www.names.org/lists/by-origin/igbo/
3120,Nolawi,male,african,https://www.names.org/lists/by-origin/african/
3121,Sola,female,yoruba,https://www.names.org/lists/by-origin/yoruba/
3122,Milkias,male,amharic,https://www.names.org/lists/by-origin/amharic/
3123,Taliyah,female,arabic,https://www.names.org/lists/by-origin/arabic/
3124,Bertin,male,swahili ,https://www.names.org/lists/by-origin/swahili/
3125,Adili,male,swahili ,https://teamgroupnames.com/swahili-boy-names/
3126,Leshan,female,swahili ,https://www.names.org/lists/by-origin/swahili/
3127,Bonani,female,xhosa,https://www.names.org/lists/by-origin/xhosa/
3128,Emoni,female,swahili ,https://www.names.org/lists/by-origin/swahili/
3129,Monde,female,xhosa,https://www.names.org/lists/by-origin/xhosa/
3130,Roger,male,english,https://www.names.org/lists/by-origin/english/
3131,Solam,male,xhosa,https://www.names.org/lists/by-origin/xhosa/
3132,Kebbeh,female,african,https://www.names.org/lists/by-origin/african/
3133,Leago,female,african,https://www.names.org/lists/by-origin/african/
3134,Iyanna,female,african,https://www.names.org/lists/by-origin/african/
3135,Vumi ,female,swahili ,https://teamgroupnames.com/swahili-girl-names/
3136,Enzi,female,swahili ,https://www.names.org/lists/by-origin/swahili/
3137,Oluwatobi,female,yoruba,https://www.names.org/lists/by-origin/yoruba/
3138,Faiza ,female,swahili ,https://teamgroupnames.com/swahili-girl-names/
3139,Nakia,male,african-american,https://www.names.org/lists/by-origin/african/
3140,Kebby,male,xhosa,https://www.names.org/lists/by-origin/xhosa/
3141,Liema,female,xhosa,https://www.names.org/lists/by-origin/xhosa/
3142,Emanda,female,african,https://www.names.org/lists/by-origin/african/
3143,Alida,female,african,https://www.names.org/lists/by-origin/african/
3144,Folashade,female,yoruba,https://www.names.org/lists/by-origin/yoruba/
3145,Amarii,male,swahili ,https://www.names.org/lists/by-origin/swahili/
3146,Tamil,male,english,https://www.names.org/lists/by-origin/english/
3147,Kanye,male,african dutch (afrikaans) ,https://www.names.org/lists/by-origin/african-dutch-afrikaans-/
3148,Chris,female,english,https://www.names.org/lists/by-origin/english/
3149,Sume,male,african dutch (afrikaans) ,https://www.names.org/lists/by-origin/african-dutch-afrikaans-/
3150,Natanim,male,african,https://www.names.org/lists/by-origin/african/
3151,Aqsa,female,arabic,https://www.names.org/lists/by-origin/arabic/
3152,Curtley,male,african dutch (afrikaans) ,https://www.names.org/lists/by-origin/african-dutch-afrikaans-/
3153,Lee,female,english,https://www.names.org/lists/by-origin/english/
3154,Yodahe,male,african,https://www.names.org/lists/by-origin/african/
3155,Charles,male,african dutch (afrikaans) ,https://www.names.org/lists/by-origin/african-dutch-afrikaans-/
3156,Yafet,male,african,https://www.names.org/lists/by-origin/african/
3157,Nicola,female,english,https://www.names.org/lists/by-origin/english/
3158,Chike,male,igbo,https://www.names.org/lists/by-origin/igbo/
3159,Inioluwa,male,yoruba,https://www.names.org/lists/by-origin/yoruba/
3160,Akida,male,swahili ,https://teamgroupnames.com/swahili-boy-names/
3161,Oluwatosin,female,african,https://www.names.org/lists/by-origin/african/
3162,Emmerance,female,swahili ,https://www.names.org/lists/by-origin/swahili/
3164,Gella,female,arabic,https://www.names.org/lists/by-origin/arabic/
3165,Thina,male,xhosa,https://www.names.org/lists/by-origin/xhosa/
3166,Avery,female,english,https://www.names.org/lists/by-origin/english/
3167,Abdisalam,male,arabic,https://www.names.org/lists/by-origin/arabic/
3168,Pamba,male,swahili ,https://teamgroupnames.com/swahili-boy-names/
3169,Eucharia,female,african,https://www.names.org/lists/by-origin/african/
3170,Kenyatta,male,african-american,https://www.names.org/lists/by-origin/african/
3171,Remi,male,african-american,https://www.names.org/lists/by-origin/african/
3172,Lightness,female,swahili ,https://www.names.org/lists/by-origin/swahili/
3173,Sune,male,african dutch (afrikaans) ,https://www.names.org/lists/by-origin/african-dutch-afrikaans-/
3174,Alagie,male,african,https://www.names.org/lists/by-origin/african/
3175,Damu,male,swahili ,https://www.names.org/lists/by-origin/swahili/
3176,Asuquo,male,igbo,https://www.names.org/lists/by-origin/igbo/
3177,Sador,female,amharic,https://www.names.org/lists/by-origin/amharic/
3178,Zaiah,male,arabic,https://www.names.org/lists/by-origin/arabic/
3179,Meheret,male,amharic,https://www.names.org/lists/by-origin/amharic/
3180,Ewaoluwa,female,yoruba,https://www.names.org/lists/by-origin/yoruba/
3181,Nedra,female,arabic,https://www.names.org/lists/by-origin/arabic/
3182,Heldana,female,african,https://www.names.org/lists/by-origin/african/
3183,Tyrese,male,african-american,https://www.names.org/lists/by-origin/african/
3184,Liliane,female,swahili ,https://www.names.org/lists/by-origin/swahili/
3185,Ogechukwu,male,igbo,https://www.names.org/lists/by-origin/igbo/
3186,Sudan,male,amharic,https://www.names.org/lists/by-origin/amharic/
3187,Thomas,male,african dutch (afrikaans) ,https://www.names.org/lists/by-origin/african-dutch-afrikaans-/
3188,Madison,female,english,https://www.names.org/lists/by-origin/english/
3189,Debra,female,english,https://www.names.org/lists/by-origin/english/
3190,Terry,male,english,https://www.names.org/lists/by-origin/english/
3191,Kheri,male,swahili ,https://www.names.org/lists/by-origin/swahili/
3192,Zawadi,male,swahili ,https://teamgroupnames.com/swahili-boy-names/
3193,Ubani,male,swahili ,https://teamgroupnames.com/swahili-boy-names/
3194,Onyebuchi,male,igbo,https://www.names.org/lists/by-origin/igbo/
3195,Kelvin,male,swahili ,https://www.names.org/lists/by-origin/swahili/
3196,Mwenye,male,swahili ,https://teamgroupnames.com/swahili-boy-names/
3197,Olise,female,igbo,https://www.names.org/lists/by-origin/igbo/
3198,Alimamy,male,african,https://www.names.org/lists/by-origin/african/
3199,Ayo,male,yoruba,https://www.names.org/lists/by-origin/yoruba/
3200,Carl,male,english,https://www.names.org/lists/by-origin/english/
3201,Chad,male,english,https://www.names.org/lists/by-origin/english/
3202,Akorede,female,yoruba,https://www.names.org/lists/by-origin/yoruba/
3203,Rayan,male,arabic,https://www.names.org/lists/by-origin/arabic/
3204,Kaelo,female,african,https://www.names.org/lists/by-origin/african/
3205,Kollie,female,african,https://www.names.org/lists/by-origin/african/
3206,Jamaa,male,swahili ,https://teamgroupnames.com/swahili-boy-names/
3207,Kimathi,male,swahili ,https://www.names.org/lists/by-origin/swahili/
3208,Johan,male,african dutch (afrikaans) ,https://www.names.org/lists/by-origin/african-dutch-afrikaans-/
3209,Jabali,male,swahili ,https://www.names.org/lists/by-origin/swahili/
3210,Sarkodie,female,yoruba,https://www.names.org/lists/by-origin/yoruba/
3211,Jad,male,arabic,https://www.names.org/lists/by-origin/arabic/
3212,Hawlet,female,african,https://www.names.org/lists/by-origin/african/
3213,Sone,female,african dutch (afrikaans) ,https://www.names.org/lists/by-origin/african-dutch-afrikaans-/
3214,Yemaryam,female,amharic,https://www.names.org/lists/by-origin/amharic/
3215,Faith,female,english,https://www.names.org/lists/by-origin/english/
3216,Alfisha,female,arabic,https://www.names.org/lists/by-origin/arabic/
3217,Gerhardus,male,african dutch (afrikaans) ,https://www.names.org/lists/by-origin/african-dutch-afrikaans-/
3218,Mulbah,male,african,https://www.names.org/lists/by-origin/african/
3219,Sisa,female,xhosa,https://www.names.org/lists/by-origin/xhosa/
3220,Adaugo,female,igbo,https://www.names.org/lists/by-origin/igbo/
3221,Ifeoluwa,female,yoruba,https://www.names.org/lists/by-origin/yoruba/
3222,Zandre,male,african dutch (afrikaans) ,https://www.names.org/lists/by-origin/african-dutch-afrikaans-/
3223,Veronia,female,arabic,https://www.names.org/lists/by-origin/arabic/
3224,Bruce,male,english,https://www.names.org/lists/by-origin/english/
3225,Andre,male,african dutch (afrikaans) ,https://www.names.org/lists/by-origin/african-dutch-afrikaans-/
3226,Obama,female,african,https://www.names.org/lists/by-origin/african/
3227,Theuns,male,african dutch (afrikaans) ,https://www.names.org/lists/by-origin/african-dutch-afrikaans-/
3228,Abiola,male,yoruba,https://www.names.org/lists/by-origin/yoruba/
3229,Arop,male,amharic,https://www.names.org/lists/by-origin/amharic/
3230,Natanael,male,african-american,https://www.names.org/lists/by-origin/african/
3231,Olasunkanmi,female,yoruba,https://www.names.org/lists/by-origin/yoruba/
3232,Iyanuoluwa,male,yoruba,https://www.names.org/lists/by-origin/yoruba/
3233,Satti,female,amharic,https://www.names.org/lists/by-origin/amharic/
3234,Peter,male,swahili ,https://www.names.org/lists/by-origin/swahili/
3235,Wonga,male,xhosa,https://www.names.org/lists/by-origin/xhosa/
3236,Jicho,male,swahili ,https://teamgroupnames.com/swahili-boy-names/
3237,Kizito,male,swahili ,https://www.names.org/lists/by-origin/swahili/
3238,Emmanuella,female,igbo,https://www.names.org/lists/by-origin/igbo/
3239,Salisha,female,english,https://www.names.org/lists/by-origin/english/
3240,Buhle,female,african,https://www.names.org/lists/by-origin/african/
3241,Sophia,female,english,https://www.names.org/lists/by-origin/english/
3242,Sintayehu,male,amharic,https://www.names.org/lists/by-origin/amharic/
3243,Ayomide,female,yoruba,https://www.names.org/lists/by-origin/yoruba/
3244,Abdoulie,male,african,https://www.names.org/lists/by-origin/african/
3245,Leago,male,african,https://www.names.org/lists/by-origin/african/
3246,Ayanle,male,arabic,https://www.names.org/lists/by-origin/arabic/
3247,Tomika,female,african,https://www.names.org/lists/by-origin/african/
3248,Eliana,female,amharic,https://www.names.org/lists/by-origin/amharic/
3249,Nawi,female,african,https://www.names.org/lists/by-origin/african/
3250,Umu,female,yoruba,https://www.names.org/lists/by-origin/yoruba/
3251,Ineke,female,african dutch (afrikaans) ,https://www.names.org/lists/by-origin/african-dutch-afrikaans-/
3252,Oluwatoni,male,yoruba,https://www.names.org/lists/by-origin/yoruba/
3253,Olamide,female,yoruba,https://www.names.org/lists/by-origin/yoruba/
3254,Olalekan,male,yoruba,https://www.names.org/lists/by-origin/yoruba/
3255,Mujidat,female,yoruba,https://www.names.org/lists/by-origin/yoruba/
3256,Ricardo,male,english,https://www.names.org/lists/by-origin/english/
3257,Alimi,female,yoruba,https://www.names.org/lists/by-origin/yoruba/
3258,Wanjiku,female,swahili ,https://www.names.org/lists/by-origin/swahili/
3259,Jasiri,male,swahili ,https://teamgroupnames.com/swahili-boy-names/
3260,Kambili,female,igbo,https://www.names.org/lists/by-origin/igbo/
3261,Lynka,female,swahili ,https://www.names.org/lists/by-origin/swahili/
3262,Soka,female,xhosa,https://www.names.org/lists/by-origin/xhosa/
3263,Tugi,male,swahili ,https://www.names.org/lists/by-origin/swahili/
3264,Chimamanda,female,igbo,https://www.names.org/lists/by-origin/igbo/
3265,Majok,male,amharic,https://www.names.org/lists/by-origin/amharic/
3266,Nia ,female,swahili ,https://teamgroupnames.com/swahili-girl-names/
3267,Pumzi,male,swahili ,https://teamgroupnames.com/swahili-boy-names/
3268,Berhan,female,amharic,https://www.names.org/lists/by-origin/amharic/
3269,Esta ,female,swahili ,https://teamgroupnames.com/swahili-girl-names/
3270,Cynthia,female,english,https://www.names.org/lists/by-origin/english/
3271,Meriem,female,arabic,https://www.names.org/lists/by-origin/arabic/
3272,Seun,male,yoruba,https://www.names.org/lists/by-origin/yoruba/
3273,Chidiebere,male,igbo,https://www.names.org/lists/by-origin/igbo/
3274,Jabari ,female,swahili ,https://teamgroupnames.com/swahili-girl-names/
3275,Rauna,female,african,https://www.names.org/lists/by-origin/african/
3276,Aaron,male,english,https://www.names.org/lists/by-origin/english/
3277,Jasmin,female,arabic,https://www.names.org/lists/by-origin/arabic/
3278,Jahari,female,swahili ,https://www.names.org/lists/by-origin/swahili/
3279,Zaiel,male,arabic,https://www.names.org/lists/by-origin/arabic/
3280,Fatu,male,african,https://www.names.org/lists/by-origin/african/
3281,Zain,male,arabic,https://www.names.org/lists/by-origin/arabic/
3282,Ronah,female,swahili ,https://www.names.org/lists/by-origin/swahili/
3283,Jamie,male,english,https://www.names.org/lists/by-origin/english/
3284,Chinonye,male,igbo,https://www.names.org/lists/by-origin/igbo/
3285,Sofonias,male,amharic,https://www.names.org/lists/by-origin/amharic/
3286,Steyn,male,african dutch (afrikaans) ,https://www.names.org/lists/by-origin/african-dutch-afrikaans-/
3287,Sudi,male,swahili ,https://teamgroupnames.com/swahili-boy-names/
3288,Ava,female,english,https://www.names.org/lists/by-origin/english/
3289,Tando,male,xhosa,https://www.names.org/lists/by-origin/xhosa/
3290,Howard,male,english,https://www.names.org/lists/by-origin/english/
3291,Abdullahi,male,arabic,https://www.names.org/lists/by-origin/arabic/
3292,Alice,female,english,https://www.names.org/lists/by-origin/english/
3293,Ada,female,african,https://www.names.org/lists/by-origin/african/
3294,Wouter,male,african dutch (afrikaans) ,https://www.names.org/lists/by-origin/african-dutch-afrikaans-/
3295,Ololade,male,african,https://www.names.org/lists/by-origin/african/
3296,Thina,female,xhosa,https://www.names.org/lists/by-origin/xhosa/
3297,Yendi,female,arabic,https://www.names.org/lists/by-origin/arabic/
3298,Adeola,male,yoruba,https://www.names.org/lists/by-origin/yoruba/
3299,Amanuel,male,amharic,https://www.names.org/lists/by-origin/amharic/
3300,Nora,female,arabic,https://www.names.org/lists/by-origin/arabic/
3301,Yuster,female,swahili ,https://www.names.org/lists/by-origin/swahili/
3302,Mulenga,male,xhosa,https://www.names.org/lists/by-origin/xhosa/
3303,Darasimi,female,yoruba,https://www.names.org/lists/by-origin/yoruba/
3304,Ndungu,male,swahili ,https://www.names.org/lists/by-origin/swahili/
3305,Leta ,female,swahili ,https://teamgroupnames.com/swahili-girl-names/
3306,Ope,female,yoruba,https://www.names.org/lists/by-origin/yoruba/
3307,Bernalee,female,african dutch (afrikaans) ,https://www.names.org/lists/by-origin/african-dutch-afrikaans-/
3308,Bokang,male,african dutch (afrikaans) ,https://www.names.org/lists/by-origin/african-dutch-afrikaans-/
3309,Fridah,female,swahili ,https://www.names.org/lists/by-origin/swahili/
3310,Phina,female,yoruba,https://www.names.org/lists/by-origin/yoruba/
3311,Aydia,female,swahili ,https://www.names.org/lists/by-origin/swahili/
3312,Rehema,male,swahili ,https://teamgroupnames.com/swahili-boy-names/
3313,Tumaini ,female,swahili ,https://teamgroupnames.com/swahili-girl-names/
3314,Erioluwa,female,yoruba,https://www.names.org/lists/by-origin/yoruba/
3315,Elme,female,african dutch (afrikaans) ,https://www.names.org/lists/by-origin/african-dutch-afrikaans-/
3316,Teniola,female,yoruba,https://www.names.org/lists/by-origin/yoruba/
3317,Anda,female,xhosa,https://www.names.org/lists/by-origin/xhosa/
3318,Igwe,female,igbo,https://www.names.org/lists/by-origin/igbo/
3319,Lekan,male,swahili ,https://teamgroupnames.com/swahili-boy-names/
3320,Babatunde,male,yoruba,https://www.names.org/lists/by-origin/yoruba/
3321,Mazikeen,female,english,https://www.names.org/lists/by-origin/english/
3322,Katara,female,arabic,https://www.names.org/lists/by-origin/arabic/
3323,Ndirangu,male,swahili ,https://www.names.org/lists/by-origin/swahili/
3324,Alier,male,amharic,https://www.names.org/lists/by-origin/amharic/
3325,Melandri,female,african dutch (afrikaans) ,https://www.names.org/lists/by-origin/african-dutch-afrikaans-/
3326,Lengo,male,swahili ,https://teamgroupnames.com/swahili-boy-names/
3327,Adane,male,amharic,https://www.names.org/lists/by-origin/amharic/
3328,Dalila ,female,swahili ,https://teamgroupnames.com/swahili-girl-names/
3329,Boikanyo,male,african,https://www.names.org/lists/by-origin/african/
3330,Yaya,female,african,https://www.names.org/lists/by-origin/african/
3331,Germari,male,african dutch (afrikaans) ,https://www.names.org/lists/by-origin/african-dutch-afrikaans-/
3332,Chidiebube,male,igbo,https://www.names.org/lists/by-origin/igbo/
3333,Arinzechukwu,male,igbo,https://www.names.org/lists/by-origin/igbo/
3334,Mzimkhulu,male,xhosa,https://www.names.org/lists/by-origin/xhosa/
3335,Alicia,female,english,https://www.names.org/lists/by-origin/english/
3336,Suane,male,african dutch (afrikaans) ,https://www.names.org/lists/by-origin/african-dutch-afrikaans-/
3337,Fenan,male,amharic,https://www.names.org/lists/by-origin/amharic/
3338,Libone,male,xhosa,https://www.names.org/lists/by-origin/xhosa/
3339,Abigail,female,english,https://www.names.org/lists/by-origin/english/
3340,Paul,male,african dutch (afrikaans) ,https://www.names.org/lists/by-origin/african-dutch-afrikaans-/
3341,Coletha,female,swahili ,https://www.names.org/lists/by-origin/swahili/
3342,Bisharo,female,arabic,https://www.names.org/lists/by-origin/arabic/
3343,Ivory,male,african-american,https://www.names.org/lists/by-origin/african/
3344,Kovu,male,swahili ,https://www.names.org/lists/by-origin/swahili/
3345,Tsion,male,amharic,https://www.names.org/lists/by-origin/amharic/
3346,Catalia,female,african dutch (afrikaans) ,https://www.names.org/lists/by-origin/african-dutch-afrikaans-/
3347,Basha ,female,swahili ,https://teamgroupnames.com/swahili-girl-names/
3348,Arefa,female,xhosa,https://www.names.org/lists/by-origin/xhosa/
3349,Korede,male,yoruba,https://www.names.org/lists/by-origin/yoruba/
3350,Asukulu,male,swahili ,https://www.names.org/lists/by-origin/swahili/
3351,Kadiatou,female,african,https://www.names.org/lists/by-origin/african/
3352,Eboni,female,african,https://www.names.org/lists/by-origin/african/
3353,Ngandwe,male,xhosa,https://www.names.org/lists/by-origin/xhosa/
3354,Zikora,male,igbo,https://www.names.org/lists/by-origin/igbo/
3355,Lotanna,male,igbo,https://www.names.org/lists/by-origin/igbo/
3356,Chisha,male,xhosa,https://www.names.org/lists/by-origin/xhosa/
3357,Benjamin,male,english,https://www.names.org/lists/by-origin/english/
3358,Kissi,female,yoruba,https://www.names.org/lists/by-origin/yoruba/
3359,Charlotte,female,english,https://www.names.org/lists/by-origin/english/
3360,Recheal,female,igbo,https://www.names.org/lists/by-origin/igbo/
3361,Yolisa,female,african dutch (afrikaans) ,https://www.names.org/lists/by-origin/african-dutch-afrikaans-/
3362,Selihom,female,amharic,https://www.names.org/lists/by-origin/amharic/
3363,Esona,female,african dutch (afrikaans) ,https://www.names.org/lists/by-origin/african-dutch-afrikaans-/
3364,Anaiza,female,arabic,https://www.names.org/lists/by-origin/arabic/
3365,Elimu ,female,swahili ,https://teamgroupnames.com/swahili-girl-names/
3366,Mazi,female,igbo,https://www.names.org/lists/by-origin/igbo/
3367,Roy,male,english,https://www.names.org/lists/by-origin/english/
3368,Nuhamin,female,african,https://www.names.org/lists/by-origin/african/
3369,Lianca,female,african dutch (afrikaans) ,https://www.names.org/lists/by-origin/african-dutch-afrikaans-/
3370,Niara,female,swahili ,https://www.names.org/lists/by-origin/swahili/
3371,Kertina,female,amharic,https://www.names.org/lists/by-origin/amharic/
3372,Fikir,female,amharic,https://www.names.org/lists/by-origin/amharic/
3373,Yosan,male,amharic,https://www.names.org/lists/by-origin/amharic/
3374,Cascia,female,arabic,https://www.names.org/lists/by-origin/arabic/
3375,Erioluwa,male,yoruba,https://www.names.org/lists/by-origin/yoruba/
3376,Jatta,male,african,https://www.names.org/lists/by-origin/african/
3377,Jowayne,male,english,https://www.names.org/lists/by-origin/english/
3378,Taraoluwa,female,yoruba,https://www.names.org/lists/by-origin/yoruba/
3379,Kenya,male,african-american,https://www.names.org/lists/by-origin/african/
3380,Anchen,female,african dutch (afrikaans) ,https://www.names.org/lists/by-origin/african-dutch-afrikaans-/
3381,Sidahmed,male,arabic,https://www.names.org/lists/by-origin/arabic/
3382,Alpha,female,african,https://www.names.org/lists/by-origin/african/
3383,Opeyemi,female,yoruba,https://www.names.org/lists/by-origin/yoruba/
3384,Bassey,male,african,https://www.names.org/lists/by-origin/african/
3385,Tracy,male,english,https://www.names.org/lists/by-origin/english/
3386,Lisa,female,english,https://www.names.org/lists/by-origin/english/
3387,Vuyiswa,female,xhosa,https://www.names.org/lists/by-origin/xhosa/
3388,Adijat,female,igbo,https://www.names.org/lists/by-origin/igbo/
3389,Lona,female,african,https://www.names.org/lists/by-origin/african/
3390,Yolisa,male,african dutch (afrikaans) ,https://www.names.org/lists/by-origin/african-dutch-afrikaans-/
3391,Vita,male,swahili ,https://teamgroupnames.com/swahili-boy-names/
3392,Bisola,female,yoruba,https://www.names.org/lists/by-origin/yoruba/
3393,Ifeanyichukwu,male,igbo,https://www.names.org/lists/by-origin/igbo/
3394,Saheed,male,yoruba,https://www.names.org/lists/by-origin/yoruba/
3395,Maziko,male,xhosa,https://www.names.org/lists/by-origin/xhosa/
3396,Tene,female,swahili ,https://www.names.org/lists/by-origin/swahili/
3397,Marijke,female,african dutch (afrikaans) ,https://www.names.org/lists/by-origin/african-dutch-afrikaans-/
3398,Kercy,male,swahili ,https://www.names.org/lists/by-origin/swahili/
3399,Chernor,male,african,https://www.names.org/lists/by-origin/african/
3400,Randy,male,english,https://www.names.org/lists/by-origin/english/
3401,Jerrold,male,african-american,https://www.names.org/lists/by-origin/african/
3402,Arthur,male,english,https://www.names.org/lists/by-origin/english/
3403,Kalonji,male,swahili ,https://www.names.org/lists/by-origin/swahili/
3404,Neema,female,swahili ,https://www.names.org/lists/by-origin/swahili/
3405,Bonolo,female,african,https://www.names.org/lists/by-origin/african/
3406,Opeyemi,male,african,https://www.names.org/lists/by-origin/african/
3407,Idah,female,xhosa,https://www.names.org/lists/by-origin/xhosa/
3408,Malikia,male,swahili ,https://www.names.org/lists/by-origin/swahili/
3409,Shiko,male,swahili ,https://www.names.org/lists/by-origin/swahili/
3410,Keneil,male,english,https://www.names.org/lists/by-origin/english/
3411,Riaan,male,african dutch (afrikaans) ,https://www.names.org/lists/by-origin/african-dutch-afrikaans-/
3412,Zaniyah,female,african,https://www.names.org/lists/by-origin/african/
3413,Anissa,female,arabic,https://www.names.org/lists/by-origin/arabic/
3414,Neytiri,female,african,https://www.names.org/lists/by-origin/african/
3415,Wedu,male,xhosa,https://www.names.org/lists/by-origin/xhosa/
3416,Chigozirim,male,igbo,https://www.names.org/lists/by-origin/igbo/
3417,Tatizo,male,swahili ,https://teamgroupnames.com/swahili-boy-names/
3418,Mburu,male,swahili ,https://www.names.org/lists/by-origin/swahili/
3419,Jacqueline,female,english,https://www.names.org/lists/by-origin/english/
3420,Farah,female,arabic,https://www.names.org/lists/by-origin/arabic/
3421,Sihle,male,african,https://www.names.org/lists/by-origin/african/
3422,Rashad,male,arabic,https://www.names.org/lists/by-origin/arabic/
3423,Cherissa,female,swahili ,https://www.names.org/lists/by-origin/swahili/
3424,Bwana,male,swahili ,https://teamgroupnames.com/swahili-boy-names/
3425,Behati,female,swahili ,https://www.names.org/lists/by-origin/swahili/
3426,Louise,female,english,https://www.names.org/lists/by-origin/english/
3427,Dwayne,male,english,https://www.names.org/lists/by-origin/english/
3428,Zinachimdi,male,igbo,https://www.names.org/lists/by-origin/igbo/
3429,Oyana,male,swahili ,https://www.names.org/lists/by-origin/swahili/
3430,Sika ,female,swahili ,https://teamgroupnames.com/swahili-girl-names/
3431,Jamila ,female,swahili ,https://teamgroupnames.com/swahili-girl-names/
3432,Lamla,male,xhosa,https://www.names.org/lists/by-origin/xhosa/
3433,Ahmari,female,yoruba,https://www.names.org/lists/by-origin/yoruba/
3434,Israella,female,xhosa,https://www.names.org/lists/by-origin/xhosa/
3435,Oluwadarasimi,male,yoruba,https://www.names.org/lists/by-origin/yoruba/
3436,Gatete,male,swahili ,https://teamgroupnames.com/swahili-boy-names/
3437,Ruby,female,english,https://www.names.org/lists/by-origin/english/
3438,Kenechukwu,male,igbo,https://www.names.org/lists/by-origin/igbo/
3439,Lakeisha,female,african,https://www.names.org/lists/by-origin/african/
3440,Princia,female,swahili ,https://www.names.org/lists/by-origin/swahili/
3441,Wambugu,male,swahili ,https://www.names.org/lists/by-origin/swahili/
3442,Kollie,male,african,https://www.names.org/lists/by-origin/african/
3443,Kamsiyochukwu,male,african,https://www.names.org/lists/by-origin/african/
3444,Enzi,male,swahili ,https://teamgroupnames.com/swahili-boy-names/
3445,Oyindamola,female,yoruba,https://www.names.org/lists/by-origin/yoruba/
3446,Jeandre,female,african dutch (afrikaans) ,https://www.names.org/lists/by-origin/african-dutch-afrikaans-/
3447,Tomiwa,female,yoruba,https://www.names.org/lists/by-origin/yoruba/
3448,Makonnen,male,amharic,https://www.names.org/lists/by-origin/amharic/
3449,Ebunoluwa,female,yoruba,https://www.names.org/lists/by-origin/yoruba/
3450,Urenna,female,igbo,https://www.names.org/lists/by-origin/igbo/
3451,Mehret,female,amharic,https://www.names.org/lists/by-origin/amharic/
3452,Iyanuoluwa,female,yoruba,https://www.names.org/lists/by-origin/yoruba/
3453,Quavious,male,african,https://www.names.org/lists/by-origin/african/
3454,Sandrine,female,swahili ,https://www.names.org/lists/by-origin/swahili/
3455,Yusta,female,swahili ,https://www.names.org/lists/by-origin/swahili/
3456,Anthony,male,african dutch (afrikaans) ,https://www.names.org/lists/by-origin/african-dutch-afrikaans-/
3457,Mahlet,female,amharic,https://www.names.org/lists/by-origin/amharic/
3458,Isabella,female,english,https://www.names.org/lists/by-origin/english/
3459,Sidona,female,amharic,https://www.names.org/lists/by-origin/amharic/
3460,Beza,female,amharic,https://www.names.org/lists/by-origin/amharic/
3461,Dlin,female,arabic,https://www.names.org/lists/by-origin/arabic/
3462,Boikanyo,female,african,https://www.names.org/lists/by-origin/african/
3463,Williette,female,yoruba,https://www.names.org/lists/by-origin/yoruba/
3464,Kobie,female,swahili ,https://www.names.org/lists/by-origin/swahili/
3465,Kafil,male,swahili ,https://teamgroupnames.com/swahili-boy-names/
3466,Jackline,female,swahili ,https://www.names.org/lists/by-origin/swahili/
3467,Aminah,female,arabic,https://www.names.org/lists/by-origin/arabic/
3468,Sango,female,xhosa,https://www.names.org/lists/by-origin/xhosa/
3469,Jamaal,male,arabic,https://www.names.org/lists/by-origin/arabic/
3470,Emerance,female,swahili ,https://www.names.org/lists/by-origin/swahili/
3471,Irene,female,english,https://www.names.org/lists/by-origin/english/
3472,Ishola,male,african,https://www.names.org/lists/by-origin/african/
3473,Simphiwe,female,african,https://www.names.org/lists/by-origin/african/
3474,Awab,male,amharic,https://www.names.org/lists/by-origin/amharic/
3475,Laila,female,arabic,https://www.names.org/lists/by-origin/arabic/
3476,Marquan,male,african-american,https://www.names.org/lists/by-origin/african/
3477,Ezile,male,xhosa,https://www.names.org/lists/by-origin/xhosa/
3478,Malkia ,female,swahili ,https://teamgroupnames.com/swahili-girl-names/
3479,Satti,male,amharic,https://www.names.org/lists/by-origin/amharic/
3480,Ephrata,female,amharic,https://www.names.org/lists/by-origin/amharic/
3481,Uwezo,male,swahili ,https://teamgroupnames.com/swahili-boy-names/
3482,Kiswana,female,swahili ,https://www.names.org/lists/by-origin/swahili/
3483,Rasuli,male,swahili ,https://teamgroupnames.com/swahili-boy-names/
3484,Adedayo,male,yoruba,https://www.names.org/lists/by-origin/yoruba/
3485,Kachiside,male,igbo,https://www.names.org/lists/by-origin/igbo/
3486,Mwale,female,xhosa,https://www.names.org/lists/by-origin/xhosa/
3487,Khamisi,male,swahili ,https://www.names.org/lists/by-origin/swahili/
3488,Mesfin,male,amharic,https://www.names.org/lists/by-origin/amharic/
3489,Tavon,male,african-american,https://www.names.org/lists/by-origin/african/
3490,Bilal,male,arabic,https://www.names.org/lists/by-origin/arabic/
3491,Amber,female,arabic,https://www.names.org/lists/by-origin/arabic/
3492,Adia,female,swahili ,https://www.names.org/lists/by-origin/swahili/
3493,Tsitso,male,xhosa,https://www.names.org/lists/by-origin/xhosa/
3494,Mohale,male,african dutch (afrikaans) ,https://www.names.org/lists/by-origin/african-dutch-afrikaans-/
3495,Chisimdi,male,igbo,https://www.names.org/lists/by-origin/igbo/
3496,Timileyin,male,yoruba,https://www.names.org/lists/by-origin/yoruba/
3497,Nuch,female,yoruba,https://www.names.org/lists/by-origin/yoruba/
3498,Endelea,male,swahili ,https://teamgroupnames.com/swahili-boy-names/
3499,Ella,female,english,https://www.names.org/lists/by-origin/english/
3500,Lebbie,male,yoruba,https://www.names.org/lists/by-origin/yoruba/
3501,Lordrick,male,swahili ,https://www.names.org/lists/by-origin/swahili/
3502,Anzel,male,african dutch (afrikaans) ,https://www.names.org/lists/by-origin/african-dutch-afrikaans-/
3503,Hewan,male,amharic,https://www.names.org/lists/by-origin/amharic/
3504,Afya,male,swahili ,https://teamgroupnames.com/swahili-boy-names/
3505,Oluwatamilore,female,yoruba,https://www.names.org/lists/by-origin/yoruba/
3506,Eduan,male,african dutch (afrikaans) ,https://www.names.org/lists/by-origin/african-dutch-afrikaans-/
3507,Ayodele,male,yoruba,https://www.names.org/lists/by-origin/yoruba/
3508,Kimberly,female,english,https://www.names.org/lists/by-origin/english/
3509,Koko,male,swahili ,https://www.names.org/lists/by-origin/swahili/
3510,Siwe,male,xhosa,https://www.names.org/lists/by-origin/xhosa/
3511,Chikamso,female,igbo,https://www.names.org/lists/by-origin/igbo/
3512,Rihem,female,african,https://www.names.org/lists/by-origin/african/
3513,Kimara,female,swahili ,https://www.names.org/lists/by-origin/swahili/
3514,Kelechukwu,male,igbo,https://www.names.org/lists/by-origin/igbo/
3515,Mosima,female,african dutch (afrikaans) ,https://www.names.org/lists/by-origin/african-dutch-afrikaans-/
3516,Zayn,male,arabic,https://www.names.org/lists/by-origin/arabic/
3517,Mihrimah,female,arabic,https://www.names.org/lists/by-origin/arabic/
3518,Johari,male,swahili ,https://teamgroupnames.com/swahili-boy-names/
3519,Lauren,female,english,https://www.names.org/lists/by-origin/english/
3520,Jordan,male,english,https://www.names.org/lists/by-origin/english/
3521,Audu,male,igbo,https://www.names.org/lists/by-origin/igbo/
3522,Sudais,male,arabic,https://www.names.org/lists/by-origin/arabic/
3523,Ayobami,male,yoruba,https://www.names.org/lists/by-origin/yoruba/
3524,Tami,female,african,https://www.names.org/lists/by-origin/african/
3525,Fatai,male,igbo,https://www.names.org/lists/by-origin/igbo/
3526,Tofauti,male,swahili ,https://teamgroupnames.com/swahili-boy-names/
3527,Eldana,female,african,https://www.names.org/lists/by-origin/african/
3528,Zariah,female,african,https://www.names.org/lists/by-origin/african/
3529,Mackline,male,swahili ,https://www.names.org/lists/by-origin/swahili/
3530,Isla,female,english,https://www.names.org/lists/by-origin/english/
3531,Kajuana,female,swahili ,https://www.names.org/lists/by-origin/swahili/
3532,Heshima,male,swahili ,https://teamgroupnames.com/swahili-boy-names/
3533,Adanna ,female,swahili ,https://teamgroupnames.com/swahili-girl-names/
3534,Hiruy,male,amharic,https://www.names.org/lists/by-origin/amharic/
3535,Tracy,female,english,https://www.names.org/lists/by-origin/english/
3536,Ugochukwu,male,igbo,https://www.names.org/lists/by-origin/igbo/
3537,Niyah,female,african,https://www.names.org/lists/by-origin/african/
3538,Munachiso,male,igbo,https://www.names.org/lists/by-origin/igbo/
3539,Adaobi,female,igbo,https://www.names.org/lists/by-origin/igbo/
3540,Dinka,female,amharic,https://www.names.org/lists/by-origin/amharic/
3541,Queensley,female,igbo,https://www.names.org/lists/by-origin/igbo/
3542,Nana,male,african,https://www.names.org/lists/by-origin/african/
3543,Nhial,male,amharic,https://www.names.org/lists/by-origin/amharic/
3544,Ramlo,female,arabic,https://www.names.org/lists/by-origin/arabic/
3545,Leykun,male,african,https://www.names.org/lists/by-origin/african/
3546,Kafayat,female,yoruba,https://www.names.org/lists/by-origin/yoruba/
3547,Rashidi,male,swahili ,https://teamgroupnames.com/swahili-boy-names/
3548,Ololade,female,yoruba,https://www.names.org/lists/by-origin/yoruba/
3549,Shedrach,male,igbo,https://www.names.org/lists/by-origin/igbo/
3550,Zhuri,female,swahili ,https://www.names.org/lists/by-origin/swahili/
3551,Trecy,female,swahili ,https://www.names.org/lists/by-origin/swahili/
3552,Tajay,female,english,https://www.names.org/lists/by-origin/english/
3553,Olayinka,female,yoruba,https://www.names.org/lists/by-origin/yoruba/
3554,Jessie,female,english,https://www.names.org/lists/by-origin/english/
3555,Maryke,female,african dutch (afrikaans) ,https://www.names.org/lists/by-origin/african-dutch-afrikaans-/
3556,Demetric,male,african-american,https://www.names.org/lists/by-origin/african/
3557,Adebayo,male,yoruba,https://www.names.org/lists/by-origin/yoruba/
3558,Keduse,male,amharic,https://www.names.org/lists/by-origin/amharic/
3559,Proscovia,female,swahili ,https://www.names.org/lists/by-origin/swahili/
3560,Jennifer,female,english,https://www.names.org/lists/by-origin/english/
3561,Ua,male,swahili ,https://teamgroupnames.com/swahili-boy-names/
3562,Anzal,female,arabic,https://www.names.org/lists/by-origin/arabic/
3563,Betty,female,english,https://www.names.org/lists/by-origin/english/
3564,Lamar,male,arabic,https://www.names.org/lists/by-origin/arabic/
3565,Adane,female,amharic,https://www.names.org/lists/by-origin/amharic/
3566,Adanaya,female,igbo,https://www.names.org/lists/by-origin/igbo/
3567,Shawn,male,english,https://www.names.org/lists/by-origin/english/
3568,Adonay,male,amharic,https://www.names.org/lists/by-origin/amharic/
3569,Mistura,female,arabic,https://www.names.org/lists/by-origin/arabic/
3570,Gugu,male,african dutch (afrikaans) ,https://www.names.org/lists/by-origin/african-dutch-afrikaans-/
3571,Katso,male,xhosa,https://www.names.org/lists/by-origin/xhosa/
3572,Toya,female,african,https://www.names.org/lists/by-origin/african/
3573,Josh,male,english,https://www.names.org/lists/by-origin/english/
3574,Khamani,male,swahili ,https://www.names.org/lists/by-origin/swahili/
3575,Johannes,male,african-american,https://www.names.org/lists/by-origin/african/
3576,Jeiel,male,igbo,https://www.names.org/lists/by-origin/igbo/
3577,Lindelo,male,xhosa,https://www.names.org/lists/by-origin/xhosa/
3578,Chiziterem,female,igbo,https://www.names.org/lists/by-origin/igbo/
3579,Yusta,male,swahili ,https://www.names.org/lists/by-origin/swahili/
3580,Chisom,male,igbo,https://www.names.org/lists/by-origin/igbo/
3581,Eyuel,male,african,https://www.names.org/lists/by-origin/african/
3582,Lordina,female,african,https://www.names.org/lists/by-origin/african/
3583,Jandre,male,african dutch (afrikaans) ,https://www.names.org/lists/by-origin/african-dutch-afrikaans-/
3584,Crystal,female,english,https://www.names.org/lists/by-origin/english/
3585,Marnus,male,african dutch (afrikaans) ,https://www.names.org/lists/by-origin/african-dutch-afrikaans-/
3586,Chizitere,male,igbo,https://www.names.org/lists/by-origin/igbo/
3587,Payam,male,african,https://www.names.org/lists/by-origin/african/
3588,Adannaya,female,igbo,https://www.names.org/lists/by-origin/igbo/
3589,Neelo,female,xhosa,https://www.names.org/lists/by-origin/xhosa/
3590,Lume,female,african dutch (afrikaans) ,https://www.names.org/lists/by-origin/african-dutch-afrikaans-/
3591,Haraka,male,swahili ,https://teamgroupnames.com/swahili-boy-names/
3592,Richard,male,african dutch (afrikaans) ,https://www.names.org/lists/by-origin/african-dutch-afrikaans-/
3593,Khamari,male,african-american,https://www.names.org/lists/by-origin/african/
3594,Korto,female,yoruba,https://www.names.org/lists/by-origin/yoruba/
3595,Mosa,female,xhosa,https://www.names.org/lists/by-origin/xhosa/
3596,Okoro,male,igbo,https://www.names.org/lists/by-origin/igbo/
3597,Njeri,female,swahili ,https://www.names.org/lists/by-origin/swahili/
3598,Amina,female,arabic,https://www.names.org/lists/by-origin/arabic/
3599,Olayinka,male,yoruba,https://www.names.org/lists/by-origin/yoruba/
3600,Ammar,male,arabic,https://www.names.org/lists/by-origin/arabic/
3601,Nibar,female,arabic,https://www.names.org/lists/by-origin/arabic/
3602,Amini,male,swahili ,https://teamgroupnames.com/swahili-boy-names/
3603,Archibong,male,igbo,https://www.names.org/lists/by-origin/igbo/
3604,Lemi,male,amharic,https://www.names.org/lists/by-origin/amharic/
3605,Abdulai,male,yoruba,https://www.names.org/lists/by-origin/yoruba/
3606,Jack,male,english,https://www.names.org/lists/by-origin/english/
3607,Mahindi,male,swahili ,https://teamgroupnames.com/swahili-boy-names/
3608,Fanuel,male,swahili ,https://teamgroupnames.com/swahili-boy-names/
3609,Mariette,female,african dutch (afrikaans) ,https://www.names.org/lists/by-origin/african-dutch-afrikaans-/
3610,Gerrie,female,african dutch (afrikaans) ,https://www.names.org/lists/by-origin/african-dutch-afrikaans-/
3611,Elifas,male,african dutch (afrikaans) ,https://www.names.org/lists/by-origin/african-dutch-afrikaans-/
3612,Sarabi,female,swahili ,https://www.names.org/lists/by-origin/swahili/
3613,Lodrick,male,swahili ,https://www.names.org/lists/by-origin/swahili/
3614,Thabo,male,african dutch (afrikaans) ,https://www.names.org/lists/by-origin/african-dutch-afrikaans-/
3615,Kemokai,male,yoruba,https://www.names.org/lists/by-origin/yoruba/
3616,Saciid,male,arabic,https://www.names.org/lists/by-origin/arabic/
3617,Yuke,female,arabic,https://www.names.org/lists/by-origin/arabic/
3618,Vita ,female,swahili ,https://teamgroupnames.com/swahili-girl-names/
3619,Chidera,female,african,https://www.names.org/lists/by-origin/african/
3620,Milgo,female,arabic,https://www.names.org/lists/by-origin/arabic/
3621,Mulenga,female,xhosa,https://www.names.org/lists/by-origin/xhosa/
3622,Francois,male,african dutch (afrikaans) ,https://www.names.org/lists/by-origin/african-dutch-afrikaans-/
3623,Weah,male,yoruba,https://www.names.org/lists/by-origin/yoruba/
3624,Chiemeka,male,igbo,https://www.names.org/lists/by-origin/igbo/
3625,Alizeh,female,arabic,https://www.names.org/lists/by-origin/arabic/
3626,Aderinsola,female,yoruba,https://www.names.org/lists/by-origin/yoruba/
3627,Chika,female,igbo,https://www.names.org/lists/by-origin/igbo/
3628,Alabi,male,yoruba,https://www.names.org/lists/by-origin/yoruba/
3629,Ochanda ,female,swahili ,https://teamgroupnames.com/swahili-girl-names/
3630,Dagem,male,amharic,https://www.names.org/lists/by-origin/amharic/
3631,Kaza,female,african,https://www.names.org/lists/by-origin/african/
3632,Adeoluwa,male,yoruba,https://www.names.org/lists/by-origin/yoruba/
3633,Ayzel,female,arabic,https://www.names.org/lists/by-origin/arabic/
3634,Mourine,female,swahili ,https://www.names.org/lists/by-origin/swahili/
3635,Ndubuisi,male,igbo,https://www.names.org/lists/by-origin/igbo/
3636,Bahati,female,swahili ,https://www.names.org/lists/by-origin/swahili/
3637,Meba,female,amharic,https://www.names.org/lists/by-origin/amharic/
3638,Ikechukwu,male,igbo,https://www.names.org/lists/by-origin/igbo/
3639,Magrietha,female,african dutch (afrikaans) ,https://www.names.org/lists/by-origin/african-dutch-afrikaans-/
3640,Zuri ,female,swahili ,https://teamgroupnames.com/swahili-girl-names/
3641,Elrie,female,african dutch (afrikaans) ,https://www.names.org/lists/by-origin/african-dutch-afrikaans-/
3642,Amy,female,english,https://www.names.org/lists/by-origin/english/
3643,Petrus,male,african dutch (afrikaans) ,https://www.names.org/lists/by-origin/african-dutch-afrikaans-/
3644,Najmo,female,arabic,https://www.names.org/lists/by-origin/arabic/
3645,Ayesha,female,arabic,https://www.names.org/lists/by-origin/arabic/
3646,Jonh,male,amharic,https://www.names.org/lists/by-origin/amharic/
3647,Ali,male,arabic,https://www.names.org/lists/by-origin/arabic/
3648,Manyama,male,swahili ,https://www.names.org/lists/by-origin/swahili/
3649,Mitchelle,female,igbo,https://www.names.org/lists/by-origin/igbo/
3650,Senait,female,amharic,https://www.names.org/lists/by-origin/amharic/
3651,Esraa,female,amharic,https://www.names.org/lists/by-origin/amharic/
3652,Olisaemeka,male,igbo,https://www.names.org/lists/by-origin/igbo/
3653,Aya,female,arabic,https://www.names.org/lists/by-origin/arabic/
3654,Tade,male,yoruba,https://www.names.org/lists/by-origin/yoruba/
3655,Kenyada,male,swahili ,https://www.names.org/lists/by-origin/swahili/
3656,Hasan,male,arabic,https://www.names.org/lists/by-origin/arabic/
3657,Martha,female,african dutch (afrikaans) ,https://www.names.org/lists/by-origin/african-dutch-afrikaans-/
3658,Oluwatimilehin,male,yoruba,https://www.names.org/lists/by-origin/yoruba/
3659,Tenneh,female,yoruba,https://www.names.org/lists/by-origin/yoruba/
3660,Mamba,male,swahili ,https://teamgroupnames.com/swahili-boy-names/
3661,Marno,male,african dutch (afrikaans) ,https://www.names.org/lists/by-origin/african-dutch-afrikaans-/
3662,Riyan,male,arabic,https://www.names.org/lists/by-origin/arabic/
3663,Herani,female,african,https://www.names.org/lists/by-origin/african/
3664,Berhan,male,amharic,https://www.names.org/lists/by-origin/amharic/
3665,Okwudili,male,igbo,https://www.names.org/lists/by-origin/igbo/
3666,Iyanla,female,yoruba,https://www.names.org/lists/by-origin/yoruba/
3667,Mosa,male,xhosa,https://www.names.org/lists/by-origin/xhosa/
3668,Tembo,female,swahili ,https://www.names.org/lists/by-origin/swahili/
3669,Dana,male,arabic,https://www.names.org/lists/by-origin/arabic/
3670,Danielle,female,english,https://www.names.org/lists/by-origin/english/
3671,Esrom,male,amharic,https://www.names.org/lists/by-origin/amharic/
3672,Lillian,female,english,https://www.names.org/lists/by-origin/english/
3673,Nyasi,male,swahili ,https://teamgroupnames.com/swahili-boy-names/
3674,Hermela,female,african,https://www.names.org/lists/by-origin/african/
3675,Evian,female,yoruba,https://www.names.org/lists/by-origin/yoruba/
3676,Imanii,female,swahili ,https://www.names.org/lists/by-origin/swahili/
3677,Vanest,female,arabic,https://www.names.org/lists/by-origin/arabic/
3678,Chileshe,male,xhosa,https://www.names.org/lists/by-origin/xhosa/
3679,Yanique,female,english,https://www.names.org/lists/by-origin/english/
3680,Nylah,female,arabic,https://www.names.org/lists/by-origin/arabic/
3681,Omolara,female,yoruba,https://www.names.org/lists/by-origin/yoruba/
3682,Furaha,male,swahili ,https://teamgroupnames.com/swahili-boy-names/
3683,Chidubem,male,igbo,https://www.names.org/lists/by-origin/igbo/
3684,Foye,male,yoruba,https://www.names.org/lists/by-origin/yoruba/
3685,Raey,male,amharic,https://www.names.org/lists/by-origin/amharic/
3686,Qamar ,female,swahili ,https://teamgroupnames.com/swahili-girl-names/
3687,Yvan,male,swahili ,https://www.names.org/lists/by-origin/swahili/
3688,Qudra ,female,swahili ,https://teamgroupnames.com/swahili-girl-names/
3689,Etana,male,swahili ,https://teamgroupnames.com/swahili-boy-names/
3690,Rashidat,female,yoruba,https://www.names.org/lists/by-origin/yoruba/
3691,Kivuli,male,swahili ,https://teamgroupnames.com/swahili-boy-names/
3692,Rajay,male,english,https://www.names.org/lists/by-origin/english/
3693,Wanjiru,female,swahili ,https://www.names.org/lists/by-origin/swahili/
3694,Abem,male,amharic,https://www.names.org/lists/by-origin/amharic/
3695,Diaan,male,african dutch (afrikaans) ,https://www.names.org/lists/by-origin/african-dutch-afrikaans-/
3696,Wilka,female,african dutch (afrikaans) ,https://www.names.org/lists/by-origin/african-dutch-afrikaans-/
3697,Godwill,male,african dutch (afrikaans) ,https://www.names.org/lists/by-origin/african-dutch-afrikaans-/
3698,Okolo,male,igbo,https://www.names.org/lists/by-origin/igbo/
3699,Junior,male,african dutch (afrikaans) ,https://www.names.org/lists/by-origin/african-dutch-afrikaans-/
3700,Chimezie,male,igbo,https://www.names.org/lists/by-origin/igbo/
3701,Amahle,female,african,https://www.names.org/lists/by-origin/african/
3702,Joshua,male,african dutch (afrikaans) ,https://www.names.org/lists/by-origin/african-dutch-afrikaans-/
3703,Amelia,female,english,https://www.names.org/lists/by-origin/english/
3704,Eskinder,male,amharic,https://www.names.org/lists/by-origin/amharic/
3705,Excel,female,igbo,https://www.names.org/lists/by-origin/igbo/
3706,Matlakala,female,african dutch (afrikaans) ,https://www.names.org/lists/by-origin/african-dutch-afrikaans-/
3707,Triza,female,swahili ,https://www.names.org/lists/by-origin/swahili/
3708,Luze,male,african dutch (afrikaans) ,https://www.names.org/lists/by-origin/african-dutch-afrikaans-/
3709,Tunisia,female,arabic,https://www.names.org/lists/by-origin/arabic/
3710,Samwel,male,swahili ,https://www.names.org/lists/by-origin/swahili/
3711,Baraka,male,swahili ,https://teamgroupnames.com/swahili-boy-names/
3712,Darvan,male,arabic,https://www.names.org/lists/by-origin/arabic/
3713,Resty,male,swahili ,https://www.names.org/lists/by-origin/swahili/
3714,Ugwu,male,igbo,https://www.names.org/lists/by-origin/igbo/
3715,Temitope,female,yoruba,https://www.names.org/lists/by-origin/yoruba/
3716,Chigozie,male,igbo,https://www.names.org/lists/by-origin/igbo/
3717,Carlien,female,african dutch (afrikaans) ,https://www.names.org/lists/by-origin/african-dutch-afrikaans-/
3718,Askia,male,yoruba,https://www.names.org/lists/by-origin/yoruba/
3719,Tony,male,english,https://www.names.org/lists/by-origin/english/
3720,Cody,male,english,https://www.names.org/lists/by-origin/english/
3721,Colin,male,english,https://www.names.org/lists/by-origin/english/
3722,Sackie,male,african,https://www.names.org/lists/by-origin/african/
3723,Chinwe,female,igbo,https://www.names.org/lists/by-origin/igbo/
3724,Fiker,female,amharic,https://www.names.org/lists/by-origin/amharic/
3725,Lize,female,african dutch (afrikaans) ,https://www.names.org/lists/by-origin/african-dutch-afrikaans-/
3726,Zayd,male,arabic,https://www.names.org/lists/by-origin/arabic/
3727,Natnael,male,african,https://www.names.org/lists/by-origin/african/
3728,Tyler,male,english,https://www.names.org/lists/by-origin/english/
3729,Imela,female,igbo,https://www.names.org/lists/by-origin/igbo/
3730,Sunette,female,african dutch (afrikaans) ,https://www.names.org/lists/by-origin/african-dutch-afrikaans-/
3731,Aiden,male,english,https://www.names.org/lists/by-origin/english/
3732,Noor,male,arabic,https://www.names.org/lists/by-origin/arabic/
3733,Sahai,female,swahili ,https://www.names.org/lists/by-origin/swahili/
3734,Mwanaisha,female,swahili ,https://www.names.org/lists/by-origin/swahili/
3735,Kebbeh,male,african,https://www.names.org/lists/by-origin/african/
3736,Chiagoziem,male,igbo,https://www.names.org/lists/by-origin/igbo/
3737,Safara ,female,swahili ,https://teamgroupnames.com/swahili-girl-names/
3738,Akur,male,swahili ,https://www.names.org/lists/by-origin/swahili/
3739,Tertius,male,african dutch (afrikaans) ,https://www.names.org/lists/by-origin/african-dutch-afrikaans-/
3740,Carel,female,african dutch (afrikaans) ,https://www.names.org/lists/by-origin/african-dutch-afrikaans-/
3741,Perminus,male,swahili ,https://www.names.org/lists/by-origin/swahili/
3742,Alexis,male,english,https://www.names.org/lists/by-origin/english/
3743,Letso,male,african,https://www.names.org/lists/by-origin/african/
3744,Lindiwe,female,african dutch (afrikaans) ,https://www.names.org/lists/by-origin/african-dutch-afrikaans-/
3745,Rashon,male,african-american,https://www.names.org/lists/by-origin/african/
3746,Yonda,female,xhosa,https://www.names.org/lists/by-origin/xhosa/
3747,Tandeka,female,xhosa,https://www.names.org/lists/by-origin/xhosa/
3748,Nasteho,female,african,https://www.names.org/lists/by-origin/african/
3749,Danie,male,african dutch (afrikaans) ,https://www.names.org/lists/by-origin/african-dutch-afrikaans-/
3750,Raun,male,african dutch (afrikaans) ,https://www.names.org/lists/by-origin/african-dutch-afrikaans-/
3751,Raymond,male,english,https://www.names.org/lists/by-origin/english/
3752,Lamita,female,arabic,https://www.names.org/lists/by-origin/arabic/
3753,Jerry,male,english,https://www.names.org/lists/by-origin/english/
3754,Savaeh,female,african dutch (afrikaans) ,https://www.names.org/lists/by-origin/african-dutch-afrikaans-/
3755,Marilyn,female,english,https://www.names.org/lists/by-origin/english/
3756,Afrahim,male,arabic,https://www.names.org/lists/by-origin/arabic/
3757,Wynand,male,african dutch (afrikaans) ,https://www.names.org/lists/by-origin/african-dutch-afrikaans-/
3758,Junias,male,african dutch (afrikaans) ,https://www.names.org/lists/by-origin/african-dutch-afrikaans-/
3759,Thakane,female,african,https://www.names.org/lists/by-origin/african/
3760,Mbah,male,igbo,https://www.names.org/lists/by-origin/igbo/
3761,Ifeyinwa,female,igbo,https://www.names.org/lists/by-origin/igbo/
3762,Mila,female,english,https://www.names.org/lists/by-origin/english/
3763,Mariaan,female,african dutch (afrikaans) ,https://www.names.org/lists/by-origin/african-dutch-afrikaans-/
3764,Shanita,female,african,https://www.names.org/lists/by-origin/african/
3765,Neilla,female,swahili ,https://www.names.org/lists/by-origin/swahili/
3766,Busani,male,xhosa,https://www.names.org/lists/by-origin/xhosa/
3767,Toluwanimi,female,yoruba,https://www.names.org/lists/by-origin/yoruba/
3768,Sarel,female,african dutch (afrikaans) ,https://www.names.org/lists/by-origin/african-dutch-afrikaans-/
3769,Alaa,female,amharic,https://www.names.org/lists/by-origin/amharic/
3770,Lavela,male,xhosa,https://www.names.org/lists/by-origin/xhosa/
3771,Efrata,female,amharic,https://www.names.org/lists/by-origin/amharic/
3772,Hamza,male,arabic,https://www.names.org/lists/by-origin/arabic/
3773,Aderonke,female,yoruba,https://www.names.org/lists/by-origin/yoruba/
3774,Willie,male,english,https://www.names.org/lists/by-origin/english/
3775,Anna,female,african dutch (afrikaans) ,https://www.names.org/lists/by-origin/african-dutch-afrikaans-/
3776,Makeba,female,african,https://www.names.org/lists/by-origin/african/
3777,Wintana,female,amharic,https://www.names.org/lists/by-origin/amharic/
3778,Tamala,female,african,https://www.names.org/lists/by-origin/african/
3779,Taraji,female,swahili ,https://www.names.org/lists/by-origin/swahili/
3780,Boima,female,yoruba,https://www.names.org/lists/by-origin/yoruba/
3781,George,male,african dutch (afrikaans) ,https://www.names.org/lists/by-origin/african-dutch-afrikaans-/
3782,Lubona,male,xhosa,https://www.names.org/lists/by-origin/xhosa/
3783,Kamsiyonna,female,igbo,https://www.names.org/lists/by-origin/igbo/
3784,Kim,female,english,https://www.names.org/lists/by-origin/english/
3785,Azeb,male,amharic,https://www.names.org/lists/by-origin/amharic/
3786,Ashley,female,african dutch (afrikaans) ,https://www.names.org/lists/by-origin/african-dutch-afrikaans-/
3787,Dalia,female,arabic,https://www.names.org/lists/by-origin/arabic/
3788,Samaki,male,swahili ,https://teamgroupnames.com/swahili-boy-names/
3789,Chanda,female,african,https://www.names.org/lists/by-origin/african/
3790,Tanzania,female,swahili ,https://www.names.org/lists/by-origin/swahili/
3791,Lawrence,male,english,https://www.names.org/lists/by-origin/english/
3792,Phelisa,female,xhosa,https://www.names.org/lists/by-origin/xhosa/
3793,Tugi,female,swahili ,https://www.names.org/lists/by-origin/swahili/
3794,Hayley,female,english,https://www.names.org/lists/by-origin/english/
3795,Amarachi,female,igbo,https://www.names.org/lists/by-origin/igbo/
3796,Joretha,female,african dutch (afrikaans) ,https://www.names.org/lists/by-origin/african-dutch-afrikaans-/
3797,Temitayo,male,yoruba,https://www.names.org/lists/by-origin/yoruba/
3798,Sasha,female,english,https://www.names.org/lists/by-origin/english/
3799,Rayyan,male,arabic,https://www.names.org/lists/by-origin/arabic/
3800,Egypt,female,african,https://www.names.org/lists/by-origin/african/
3801,Otien,male,swahili ,https://teamgroupnames.com/swahili-boy-names/
3802,Baraka ,female,swahili ,https://teamgroupnames.com/swahili-girl-names/
3803,Yuran,female,xhosa,https://www.names.org/lists/by-origin/xhosa/
3804,Doreen,female,swahili ,https://www.names.org/lists/by-origin/swahili/
3805,Kito ,female,swahili ,https://teamgroupnames.com/swahili-girl-names/
3806,Mwale,male,xhosa,https://www.names.org/lists/by-origin/xhosa/
3807,Zinachidi,female,igbo,https://www.names.org/lists/by-origin/igbo/
3808,Nicholas,male,english,https://www.names.org/lists/by-origin/english/
3809,Tanesha,female,african,https://www.names.org/lists/by-origin/african/
3810,Cebo,male,xhosa,https://www.names.org/lists/by-origin/xhosa/
3811,Zendre,female,african dutch (afrikaans) ,https://www.names.org/lists/by-origin/african-dutch-afrikaans-/
3812,Zhari,female,xhosa,https://www.names.org/lists/by-origin/xhosa/
3813,Ozioma,female,igbo,https://www.names.org/lists/by-origin/igbo/
3814,Ajani,male,african-american,https://www.names.org/lists/by-origin/african/
3815,Hardus,male,african dutch (afrikaans) ,https://www.names.org/lists/by-origin/african-dutch-afrikaans-/
3816,Lwanga,female,xhosa,https://www.names.org/lists/by-origin/xhosa/
3817,Layla,female,arabic,https://www.names.org/lists/by-origin/arabic/
3818,Enama,male,xhosa,https://www.names.org/lists/by-origin/xhosa/
3819,Hanad,male,arabic,https://www.names.org/lists/by-origin/arabic/
3820,Eduige,female,swahili ,https://www.names.org/lists/by-origin/swahili/
3821,Helena,female,african dutch (afrikaans) ,https://www.names.org/lists/by-origin/african-dutch-afrikaans-/
3822,Sienna,female,english,https://www.names.org/lists/by-origin/english/
3823,Asrat,male,amharic,https://www.names.org/lists/by-origin/amharic/
3824,Zende,male,swahili ,https://www.names.org/lists/by-origin/swahili/
3825,Ashabi,female,yoruba,https://www.names.org/lists/by-origin/yoruba/
3826,Oladimeji,male,yoruba,https://www.names.org/lists/by-origin/yoruba/
3827,Oluseyi,male,yoruba,https://www.names.org/lists/by-origin/yoruba/
3828,Nestory,male,swahili ,https://www.names.org/lists/by-origin/swahili/
3829,Ahmir,male,arabic,https://www.names.org/lists/by-origin/arabic/
3830,Ijumaa,male,swahili ,https://teamgroupnames.com/swahili-boy-names/
3831,Yulee,male,arabic,https://www.names.org/lists/by-origin/arabic/
3832,Jide,male,yoruba,https://www.names.org/lists/by-origin/yoruba/
3833,Naisha,female,arabic,https://www.names.org/lists/by-origin/arabic/
3834,Taiwo,female,yoruba,https://www.names.org/lists/by-origin/yoruba/
3835,Addis,male,amharic,https://www.names.org/lists/by-origin/amharic/
3836,Micah,male,english,https://www.names.org/lists/by-origin/english/
3837,Amir,male,arabic,https://www.names.org/lists/by-origin/arabic/
3838,Maha ,female,swahili ,https://teamgroupnames.com/swahili-girl-names/
3839,Ananiya,male,amharic,https://www.names.org/lists/by-origin/amharic/
3840,Uhuru ,female,swahili ,https://teamgroupnames.com/swahili-girl-names/
3841,Sakaria,male,african dutch (afrikaans) ,https://www.names.org/lists/by-origin/african-dutch-afrikaans-/
3842,Asali ,female,swahili ,https://teamgroupnames.com/swahili-girl-names/
3843,Xolani,male,xhosa,https://www.names.org/lists/by-origin/xhosa/
3844,Amone,female,african dutch (afrikaans) ,https://www.names.org/lists/by-origin/african-dutch-afrikaans-/
3845,Adeya,female,african,https://www.names.org/lists/by-origin/african/
3846,Imisioluwa,female,yoruba,https://www.names.org/lists/by-origin/yoruba/
3847,Melandie,female,african dutch (afrikaans) ,https://www.names.org/lists/by-origin/african-dutch-afrikaans-/
3848,Lundi,male,xhosa,https://www.names.org/lists/by-origin/xhosa/
3849,Ayhan,male,arabic,https://www.names.org/lists/by-origin/arabic/
3850,Nana,female,african,https://www.names.org/lists/by-origin/african/
3851,Feven,female,african,https://www.names.org/lists/by-origin/african/
3852,Hiyab,female,amharic,https://www.names.org/lists/by-origin/amharic/
3853,Elewa,male,swahili ,https://teamgroupnames.com/swahili-boy-names/
3854,Amayah,female,arabic,https://www.names.org/lists/by-origin/arabic/
3855,Marsai,female,african,https://www.names.org/lists/by-origin/african/
3856,Tomisin,male,yoruba,https://www.names.org/lists/by-origin/yoruba/
3857,Kijani,male,swahili ,https://www.names.org/lists/by-origin/swahili/
3858,Najma ,female,swahili ,https://teamgroupnames.com/swahili-girl-names/
3859,Kaileen,female,arabic,https://www.names.org/lists/by-origin/arabic/
3860,Aime,male,swahili ,https://www.names.org/lists/by-origin/swahili/
3861,Luul,female,arabic,https://www.names.org/lists/by-origin/arabic/
3862,Lynca,female,swahili ,https://www.names.org/lists/by-origin/swahili/
3863,Keke,male,african,https://www.names.org/lists/by-origin/african/
3864,Venance,female,swahili ,https://www.names.org/lists/by-origin/swahili/
3865,Dalia ,female,swahili ,https://teamgroupnames.com/swahili-girl-names/
3866,Chinasa,female,igbo,https://www.names.org/lists/by-origin/igbo/
3867,Kolisi,female,xhosa,https://www.names.org/lists/by-origin/xhosa/
3868,Ugochi,female,igbo,https://www.names.org/lists/by-origin/igbo/
3869,Desta,female,amharic,https://www.names.org/lists/by-origin/amharic/
3870,Ifeoma,female,igbo,https://www.names.org/lists/by-origin/igbo/
3871,Royalty,female,african,https://www.names.org/lists/by-origin/african/
3872,Sackor,male,african,https://www.names.org/lists/by-origin/african/
3873,Elonna,female,igbo,https://www.names.org/lists/by-origin/igbo/
3874,Oscar,male,english,https://www.names.org/lists/by-origin/english/
3875,Siti ,female,swahili ,https://teamgroupnames.com/swahili-girl-names/
3876,Mason,male,english,https://www.names.org/lists/by-origin/english/
3877,Lynthia,female,swahili ,https://www.names.org/lists/by-origin/swahili/
3878,Negus,male,amharic,https://www.names.org/lists/by-origin/amharic/
3879,Isis,female,african,https://www.names.org/lists/by-origin/african/
3880,Alaysia,female,arabic,https://www.names.org/lists/by-origin/arabic/
3881,Jangwa,male,swahili ,https://teamgroupnames.com/swahili-boy-names/
3882,Injili,male,swahili ,https://teamgroupnames.com/swahili-boy-names/
3883,Wimpie,male,african dutch (afrikaans) ,https://www.names.org/lists/by-origin/african-dutch-afrikaans-/
3884,Tando,female,xhosa,https://www.names.org/lists/by-origin/xhosa/
3885,Aklilu,male,amharic,https://www.names.org/lists/by-origin/amharic/
3886,Shafic,male,swahili ,https://www.names.org/lists/by-origin/swahili/
3887,Lurinda,female,african dutch (afrikaans) ,https://www.names.org/lists/by-origin/african-dutch-afrikaans-/
3888,Chiemela,female,igbo,https://www.names.org/lists/by-origin/igbo/
3889,Zae,male,african,https://www.names.org/lists/by-origin/african/
3890,Alier,female,amharic,https://www.names.org/lists/by-origin/amharic/
3891,Charlie,female,english,https://www.names.org/lists/by-origin/english/
3892,Sanaa,female,african,https://www.names.org/lists/by-origin/african/
3893,Dami,male,yoruba,https://www.names.org/lists/by-origin/yoruba/
3894,Leslie,male,english,https://www.names.org/lists/by-origin/english/
3895,Lodewikus,male,african dutch (afrikaans) ,https://www.names.org/lists/by-origin/african-dutch-afrikaans-/
3896,Alesha,female,arabic,https://www.names.org/lists/by-origin/arabic/
3897,Oluwapelumi,female,yoruba,https://www.names.org/lists/by-origin/yoruba/
3898,Jazlee,female,arabic,https://www.names.org/lists/by-origin/arabic/
3899,Paka,male,swahili ,https://teamgroupnames.com/swahili-boy-names/
3900,Yves,male,swahili ,https://www.names.org/lists/by-origin/swahili/
3901,Noab,male,amharic,https://www.names.org/lists/by-origin/amharic/
3902,Tajay,male,english,https://www.names.org/lists/by-origin/english/
3903,Charl,female,african dutch (afrikaans) ,https://www.names.org/lists/by-origin/african-dutch-afrikaans-/
3904,Temiloluwa,female,yoruba,https://www.names.org/lists/by-origin/yoruba/
3905,Janneh,female,african,https://www.names.org/lists/by-origin/african/
3906,Yahye,male,arabic,https://www.names.org/lists/by-origin/arabic/
3907,Maedot,female,african,https://www.names.org/lists/by-origin/african/
3908,Olusegun,male,yoruba,https://www.names.org/lists/by-origin/yoruba/
3909,Ajak,female,amharic,https://www.names.org/lists/by-origin/amharic/
3910,Denise,female,english,https://www.names.org/lists/by-origin/english/
3911,Tatenda,male,xhosa,https://www.names.org/lists/by-origin/xhosa/
3912,Kaian,male,arabic,https://www.names.org/lists/by-origin/arabic/
3913,Arafa,male,swahili ,https://teamgroupnames.com/swahili-boy-names/
3914,Amaira,female,arabic,https://www.names.org/lists/by-origin/arabic/
3915,Liyat,female,amharic,https://www.names.org/lists/by-origin/amharic/
3916,Chekesha,female,swahili ,https://www.names.org/lists/by-origin/swahili/
3917,Mahder,male,amharic,https://www.names.org/lists/by-origin/amharic/
3918,Philopateer,male,african,https://www.names.org/lists/by-origin/african/
3919,Carelle,female,arabic,https://www.names.org/lists/by-origin/arabic/
3920,Taye,male,yoruba,https://www.names.org/lists/by-origin/yoruba/
3921,Amayra,female,arabic,https://www.names.org/lists/by-origin/arabic/
3922,Alike,male,swahili ,https://www.names.org/lists/by-origin/swahili/
3923,Ijoma,male,igbo,https://www.names.org/lists/by-origin/igbo/
3924,Jerome,male,english,https://www.names.org/lists/by-origin/english/
3925,Evian,male,yoruba,https://www.names.org/lists/by-origin/yoruba/
3926,Juandre,male,african dutch (afrikaans) ,https://www.names.org/lists/by-origin/african-dutch-afrikaans-/
3927,Ashel,female,xhosa,https://www.names.org/lists/by-origin/xhosa/
3928,Princewill,male,african,https://www.names.org/lists/by-origin/african/
3929,Selena,female,english,https://www.names.org/lists/by-origin/english/
3930,Leila,female,arabic,https://www.names.org/lists/by-origin/arabic/
3931,Assata,female,swahili ,https://www.names.org/lists/by-origin/swahili/
3932,Kesiena,male,igbo,https://www.names.org/lists/by-origin/igbo/
3933,Nikho,male,xhosa,https://www.names.org/lists/by-origin/xhosa/
3934,Adenike,female,yoruba,https://www.names.org/lists/by-origin/yoruba/
3935,Sifa,male,swahili ,https://teamgroupnames.com/swahili-boy-names/
3936,Kareem,male,arabic,https://www.names.org/lists/by-origin/arabic/
3937,Kobi,male,african,https://www.names.org/lists/by-origin/african/
3938,Sipho,female,xhosa,https://www.names.org/lists/by-origin/xhosa/
3939,Aidan,male,english,https://www.names.org/lists/by-origin/english/
3940,Mantasha,female,arabic,https://www.names.org/lists/by-origin/arabic/
3941,Amechi,male,igbo,https://www.names.org/lists/by-origin/igbo/
3942,Omer,male,amharic,https://www.names.org/lists/by-origin/amharic/
3943,Meron,male,african,https://www.names.org/lists/by-origin/african/
3944,Akili,male,swahili ,https://www.names.org/lists/by-origin/swahili/
3945,Tamara,female,english,https://www.names.org/lists/by-origin/english/
3946,Oluwaseyi,male,yoruba,https://www.names.org/lists/by-origin/yoruba/
3947,Herve,male,swahili ,https://www.names.org/lists/by-origin/swahili/
3948,Eyasu,male,amharic,https://www.names.org/lists/by-origin/amharic/
3949,Chega,male,swahili ,https://teamgroupnames.com/swahili-boy-names/
3950,Marie,female,english,https://www.names.org/lists/by-origin/english/
3951,Khari,male,swahili ,https://www.names.org/lists/by-origin/swahili/
3952,Adesuwa,female,african,https://www.names.org/lists/by-origin/african/
3953,Rodas,male,amharic,https://www.names.org/lists/by-origin/amharic/
3954,Jacorey,male,african-american,https://www.names.org/lists/by-origin/african/
3955,Ousainou,male,african,https://www.names.org/lists/by-origin/african/
3956,Tesfaye,male,amharic,https://www.names.org/lists/by-origin/amharic/
3957,Panashe,female,xhosa,https://www.names.org/lists/by-origin/xhosa/
3958,Ellie,female,english,https://www.names.org/lists/by-origin/english/
3959,Rassie,female,african dutch (afrikaans) ,https://www.names.org/lists/by-origin/african-dutch-afrikaans-/
3960,Amnen,female,amharic,https://www.names.org/lists/by-origin/amharic/
3961,Gaudence,male,swahili ,https://www.names.org/lists/by-origin/swahili/
3962,Christine,female,english,https://www.names.org/lists/by-origin/english/
3963,Kyle,male,african dutch (afrikaans) ,https://www.names.org/lists/by-origin/african-dutch-afrikaans-/
3964,Mapenzi,male,swahili ,https://teamgroupnames.com/swahili-boy-names/
3965,Kasiem,male,igbo,https://www.names.org/lists/by-origin/igbo/
3966,Oreoluwa,male,yoruba,https://www.names.org/lists/by-origin/yoruba/
3967,Juah,male,yoruba,https://www.names.org/lists/by-origin/yoruba/
3968,Adrian,male,english,https://www.names.org/lists/by-origin/english/
3969,Avand,male,arabic,https://www.names.org/lists/by-origin/arabic/
3970,Khandi,female,african dutch (afrikaans) ,https://www.names.org/lists/by-origin/african-dutch-afrikaans-/
3971,Washti ,female,swahili ,https://teamgroupnames.com/swahili-girl-names/
3972,Benyas,male,african,https://www.names.org/lists/by-origin/african/
3973,Kion,male,swahili ,https://www.names.org/lists/by-origin/swahili/
3974,Hemn,male,arabic,https://www.names.org/lists/by-origin/arabic/
3975,Elmari,female,african dutch (afrikaans) ,https://www.names.org/lists/by-origin/african-dutch-afrikaans-/
3976,Shittu,male,yoruba,https://www.names.org/lists/by-origin/yoruba/
3977,Dera,female,igbo,https://www.names.org/lists/by-origin/igbo/
3978,Marsai,male,african,https://www.names.org/lists/by-origin/african/
3979,Nijah,male,african,https://www.names.org/lists/by-origin/african/
3980,Surafel,male,african,https://www.names.org/lists/by-origin/african/
3981,Phiona,female,swahili ,https://www.names.org/lists/by-origin/swahili/
3982,Amenadiel,male,english,https://www.names.org/lists/by-origin/english/
3983,Korto,male,yoruba,https://www.names.org/lists/by-origin/yoruba/
